cluster_id,dhsclust,lat,lon,urban_rural,task_id,timestamp
KE_1_2014,1,-1.282723,36.752958,U,N4FH2OZDSF2YMEPOMARTPL6L,2026-05-20T13:14:05
KE_2_2014,2,-1.278781,36.758441,U,MY63X5VHM2BF5B7UPRWOT5E4,2026-05-20T13:14:05
KE_3_2014,3,-1.279646,36.745931,U,HUURFIFBGX27HLE7GFWFIKH4,2026-05-20T13:14:06
KE_4_2014,4,-1.28038,36.69709,U,4UA5JUFYO2UQAZKQ45FN6JD4,2026-05-20T13:14:06
KE_5_2014,5,-1.272064,36.743127,U,SXBA3RKUTYX3YON2GKAPRBXC,2026-05-20T13:14:07
KE_6_2014,6,-1.263006,36.710592,U,BHGOUP6GK4IVMF3QL2BRDYFC,2026-05-20T13:14:08
KE_7_2014,7,-1.341546,36.697188,U,4ZMUOZNBHLCB5Y4MBP2KL2GU,2026-05-20T13:14:08
KE_8_2014,8,-1.312427,36.785408,U,5D7X2QZHUPWS6AVKL53ZQQ4V,2026-05-20T13:14:09
KE_9_2014,9,-1.318072,36.784683,U,W6NA3F6HH7MISOYKJZVDUEBQ,2026-05-20T13:14:10
KE_10_2014,10,-1.315103,36.809522,U,QMK6J72FY7QBWE2QD4MXAUMM,2026-05-20T13:14:11
KE_11_2014,11,-1.313963,36.810032,U,CF2QXUX2QKZLWCJKMSWNCFA2,2026-05-20T13:14:11
KE_12_2014,12,-1.315849,36.793355,U,AEL3SZ3AMDBCS4KMG2M6FZBB,2026-05-20T13:14:12
KE_13_2014,13,-1.262205,36.891566,U,FYWJQKBLIXSZHKJT6P5HHFGN,2026-05-20T13:14:13
KE_14_2014,14,-1.255466,36.886768,U,LKDYSWOM7XQ4667SA5X43EHP,2026-05-20T13:14:14
KE_15_2014,15,-1.254804,36.910137,U,3Y57HN7NHLUJOJR5W7ZBWR4G,2026-05-20T13:14:14
KE_16_2014,16,-1.245692,36.901232,U,INJ3L4CRNAVBTUKFSMGIIVBL,2026-05-20T13:14:15
KE_17_2014,17,-1.316275,36.918417,U,YY42RVCGDFP2QFG5XREZPGAC,2026-05-20T13:14:15
KE_18_2014,18,-1.29152,36.936678,U,W7I3WNHROJEWSDFDZQ3OK5QP,2026-05-20T13:14:15
KE_19_2014,19,-1.262669,36.901168,U,IBOOIEZHYXN7KONUWJRGCKQM,2026-05-20T13:14:16
KE_20_2014,20,-1.276156,36.921201,U,CMJ543AWKV2PYUEXAQDHKM32,2026-05-20T13:14:16
KE_21_2014,21,-1.276855,36.918131,U,Z3S3SKM4UFEZYST6SYOPETJS,2026-05-20T13:14:16
KE_22_2014,22,-1.279525,36.893592,U,OAZ5BYMQ37MRL2BABJORMMV4,2026-05-20T13:14:17
KE_23_2014,23,-1.315248,36.880725,U,N6EWZF5E2UMLIV4DOFOMQTSN,2026-05-20T13:14:18
KE_24_2014,24,-1.31919,36.886256,U,K2AO6A4VDIIYXIMC6XG7U5M3,2026-05-20T13:14:18
KE_25_2014,25,-1.32141,36.891377,U,RNPZH5DMYBLDXBQR2C3V5AZI,2026-05-20T13:14:19
KE_26_2014,26,-1.323411,36.888659,U,3TSTNBD47PRTFOJNXC4Z65QV,2026-05-20T13:14:20
KE_27_2014,27,-1.242902,36.92706,U,GRZO2OX57Y7GF4H7F2JCMQAN,2026-05-20T13:14:20
KE_28_2014,28,-1.285094,36.905386,U,XMJBRQ2RFZ6OFSZRLL74BW66,2026-05-20T13:14:21
KE_29_2014,29,-1.284265,36.886565,U,FEPE3JXTAGSZPRJ5BDG6ZVK4,2026-05-20T13:14:21
KE_30_2014,30,-1.284072,36.908844,U,36MYRW37CJNPQP4C244KNIO4,2026-05-20T13:14:22
KE_31_2014,31,-1.303782,36.874729,U,HC2FMC2RGIH2IQT44MHH6GOZ,2026-05-20T13:14:23
KE_32_2014,32,-1.296178,36.868122,U,LCA7KH6W63F52OIDT2GAJJWB,2026-05-20T13:14:23
KE_33_2014,33,-1.327353,36.850841,U,RSHKKGUP33W54GSU5XI5SVNE,2026-05-20T13:14:23
KE_34_2014,34,-1.283677,36.842302,U,QFZ2B6LBVXKE3TLLUW5IXZMN,2026-05-20T13:14:24
KE_35_2014,35,-1.302439,36.883812,U,64ZCZXNCGZ33IVGIIGAR5RSS,2026-05-20T13:14:24
KE_36_2014,36,-1.316692,36.872963,U,A45IMHZVYNST4EWPINP4VPAI,2026-05-20T13:14:24
KE_37_2014,37,-1.260182,36.877361,U,HDW6DMM5DXM5GQLANODFAPWS,2026-05-20T13:14:25
KE_38_2014,38,-1.268247,36.825234,U,KCUDBJUD3FUYRN5J5LE3B75K,2026-05-20T13:14:25
KE_39_2014,39,-1.262055,36.834105,U,B7IWW55GDPA7QWUSEL7FLB7V,2026-05-20T13:14:26
KE_40_2014,40,-1.263606,36.850566,U,QFU4TZBXDZRJFQRXUYIGIWTU,2026-05-20T13:14:26
KE_41_2014,41,-1.195267,36.894989,U,ZEE7XV5XMSNRLIMLAGDINIH5,2026-05-20T13:14:26
KE_42_2014,42,-1.208072,36.898691,U,Y5JLVVNNYVA5GQR77LTK5FY2,2026-05-20T13:14:27
KE_43_2014,43,-1.189253,36.905786,U,IY5D6AEA3KLPW4S3SPYEYYQV,2026-05-20T13:14:27
KE_44_2014,44,-1.256622,36.878718,U,MYA2TI55RHHN7UBKFYQRODTV,2026-05-20T13:14:27
KE_45_2014,45,-1.228412,36.936561,U,DJCKIA3P4NU73Z6MRND7Q2ZH,2026-05-20T13:14:28
KE_46_2014,46,-1.230205,36.924542,U,XRGKI6PNLHEKY6L2UZTGYJLQ,2026-05-20T13:14:28
KE_47_2014,47,-1.240304,36.836999,U,6OQRAK7IVKMSBKIHFK3JYGTD,2026-05-20T13:14:28
KE_48_2014,48,-1.258805,36.881843,U,LIOWARJPVCCQ4JMCZ4GILQTM,2026-05-20T13:14:29
KE_49_2014,49,-1.24612,36.87672,U,KVBOMN2FUZZSE3FUY2IVSULV,2026-05-20T13:14:29
KE_50_2014,50,-1.271061,36.857279,U,O67AVB3CUTFGWHUG4D7VVIJX,2026-05-20T13:14:30
KE_51_2014,51,-1.281637,36.839683,U,S6TWCL3W4OOJMYRZAQJTOU64,2026-05-20T13:14:31
KE_52_2014,52,-1.276725,36.865135,U,LH4MUAKMYV6IJPTODG2EWMPF,2026-05-20T13:14:31
KE_53_2014,53,-1.221247,36.821401,U,5IRYRWTSU2HG3WB2EDZD7FFO,2026-05-20T13:14:31
KE_54_2014,54,-1.261328,36.752008,U,UGWTD3VHLGWQDOYG6QA2RAB2,2026-05-20T13:14:32
KE_55_2014,55,-1.262721,36.801401,U,2W7ALH4KCVQPULHT2ILP4ZCO,2026-05-20T13:14:32
KE_56_2014,56,-1.282941,36.816351,U,KVY2M3QHGJXBCBVKPM5KTWEM,2026-05-20T13:14:33
KE_57_2014,57,-0.19877,36.524794,U,RCDMPNS26M2GEPGE7UOAYJVK,2026-05-20T13:14:33
KE_58_2014,58,-0.110728,36.548565,R,OSDP7ULKC7G6N6TQPQLDNYJA,2026-05-20T13:14:34
KE_59_2014,59,-0.023569,36.473021,R,RU5SW3OS5BX4X53LSRXG63AO,2026-05-20T13:14:34
KE_60_2014,60,0.029705,36.416035,U,4P2ZOAEFVGCFEVEMFJR4MEQV,2026-05-20T13:14:34
KE_61_2014,61,-0.048313,36.479538,R,UWGQ4Z4OQK2R6UZSLBV3B5ZR,2026-05-20T13:14:35
KE_62_2014,62,-0.14894,36.324313,R,CRQATDPWH2HEI6AF4W2JD7M2,2026-05-20T13:14:35
KE_63_2014,63,-0.02101,36.327082,R,AIYOQR5HLOWIHGH6A3S4PTGU,2026-05-20T13:14:36
KE_64_2014,64,-0.149818,36.370737,R,PIAG2NE3CXWAMQN4RZ5CVL7Q,2026-05-20T13:14:37
KE_65_2014,65,0.010667,36.379811,U,SSJG5AWI4KPLGW66ZBEWRGZD,2026-05-20T13:14:37
KE_66_2014,66,-0.010617,36.33294,R,AA6FACZEUZXJHYAXGS62IVRH,2026-05-20T13:14:38
KE_67_2014,67,0.009343,36.37595,U,GOJ2FCMTDT224TL7XL7LD5SC,2026-05-20T13:14:38
KE_68_2014,68,-0.275692,36.286752,R,K66WKWUYZ7QXT2ZLXNMLIHCN,2026-05-20T13:14:39
KE_69_2014,69,-0.183179,36.257175,R,TBGQNXFHA564ZS7LV4DSCLLL,2026-05-20T13:14:39
KE_70_2014,70,-0.203364,36.282096,R,NONUG4FVYVNARK75CI7LZHYM,2026-05-20T13:14:40
KE_71_2014,71,-0.331609,36.381187,U,BJ5VLQRIO5Q5SDWBD3KVN3Z4,2026-05-20T13:14:40
KE_72_2014,72,-0.341872,36.374036,U,RE3XEN636FNBEN6GTDGIY3QF,2026-05-20T13:14:40
KE_73_2014,73,-0.230142,36.38627,U,TB6B6UVP3XXP3SUET7I3PTSJ,2026-05-20T13:14:41
KE_74_2014,74,-0.23107,36.32397,U,2JXQ6AP63PKK5OE5JOHDZPOV,2026-05-20T13:14:41
KE_75_2014,75,-0.318159,36.360004,U,TMJOJLW265QVBAJNZC37GL74,2026-05-20T13:14:42
KE_76_2014,76,-0.395568,36.538648,R,TMW5NMCUWAS35KBW2XL2FKNK,2026-05-20T13:14:42
KE_77_2014,77,-0.376731,36.540916,R,ZUZZRUNB4UCZSLBCHZRFFBEW,2026-05-20T13:14:43
KE_78_2014,78,-0.404636,36.517258,R,453LQDREDBK6L5FHZDKLLEPQ,2026-05-20T13:14:44
KE_79_2014,79,-0.414554,36.428334,R,COTSEAF64GRA2W7EZ4IPZHWK,2026-05-20T13:14:44
KE_80_2014,80,-0.61271,36.465081,R,DUTZ4RZGXGFKUEYZ3QSR32JS,2026-05-20T13:14:45
KE_81_2014,81,-0.609192,36.592577,U,27W6ZONDT25QYL4INIWVQGD6,2026-05-20T13:14:45
KE_82_2014,82,-0.570947,36.572752,R,VUNLVOPPFSMC467O47Q3UA5S,2026-05-20T13:14:46
KE_83_2014,83,-0.515783,36.61266,R,TMVYABITMDA4JFE4FDCYSWHI,2026-05-20T13:14:46
KE_84_2014,84,-0.712286,36.663813,U,SAGUEXW3GULQ2UFWRTS2H2G4,2026-05-20T13:14:47
KE_85_2014,85,-0.739798,36.702417,R,EHBZXC6IZO5SUCWVOWDDS45Y,2026-05-20T13:14:47
KE_86_2014,86,-0.881419,36.569475,R,OI223J3DAPADT576SET6SFAY,2026-05-20T13:14:47
KE_87_2014,87,-0.803895,36.598455,R,GIXAI4W4YVAWI6OYTKNPY7OV,2026-05-20T13:14:48
KE_88_2014,88,-0.761975,36.687148,R,XYJQ7KCZMFDEQKYZDAEKIJES,2026-05-20T13:14:48
KE_89_2014,89,-0.748868,36.60354,R,ZQAIL3A5TPSWL2ZQ5M2PHXCK,2026-05-20T13:14:50
KE_90_2014,90,-0.179324,37.027911,U,IN23FRNS3W62BYWTE53RYEDK,2026-05-20T13:14:50
KE_91_2014,91,-0.150368,37.058037,R,PNBMI5Z7TUGJR2NTJQWM75E5,2026-05-20T13:14:50
KE_92_2014,92,-0.19652,37.030087,R,DRSTZSESE4CRX7CHTMYELS5Q,2026-05-20T13:14:51
KE_93_2014,93,-0.269884,37.013468,R,GC56MXDXMAUIT4B26OCKAATE,2026-05-20T13:14:51
KE_94_2014,94,-0.023726,37.049605,R,QZCDETQMVFFBJBPZDJ46M3OC,2026-05-20T13:14:52
KE_95_2014,95,-0.009526,37.063865,U,C57ZAL3R4JHJMMQHVF5YB5VW,2026-05-20T13:14:52
KE_96_2014,96,-0.257845,36.752805,R,NAJGQSRKL6XKCSSYZ7SFLFST,2026-05-20T13:14:52
KE_97_2014,97,-0.309766,36.785844,R,ITZ2MZTCZBDULSL3BDSG6JXE,2026-05-20T13:14:53
KE_98_2014,98,-0.204571,36.710179,R,HWT76QSB3OXFJWBPRPGWR4IT,2026-05-20T13:14:53
KE_99_2014,99,-0.495424,37.12839,U,BYDKW3MKFKKNDP44ECRUVRQA,2026-05-20T13:14:53
KE_100_2014,100,-0.430589,37.14386,R,X566BUJHQ7OL2SYXEW7HMRCM,2026-05-20T13:14:54
KE_101_2014,101,-0.44007,37.092669,R,QW6D7UQGPFUVMH7PLXBOMRIR,2026-05-20T13:14:55
KE_102_2014,102,-0.387542,37.124075,R,TW53F6HM7VDHOFQCSGA7IE4B,2026-05-20T13:14:55
KE_103_2014,103,-0.501534,37.105293,R,LHDV4HVJ5ZTPIP5QSC3SRZLK,2026-05-20T13:14:56
KE_104_2014,104,-0.485296,37.130549,U,OK3VWFPI6XX3UG7ONNF7HVC5,2026-05-20T13:14:56
KE_105_2014,105,-0.523832,37.128182,R,66DH3YWWGATDXWA4CFHRDXAB,2026-05-20T13:14:57
KE_106_2014,106,-0.394043,37.089916,R,LUHZE3O7RMOP4WIUCYXFB5PI,2026-05-20T13:14:57
KE_107_2014,107,-0.488713,37.006113,R,6IKCUDROWD6GJIDI7NSSN2EW,2026-05-20T13:14:58
KE_108_2014,108,-0.587964,36.937258,R,S5LW7433X7XG32TR6WNRONAM,2026-05-20T13:14:58
KE_109_2014,109,-0.5292,36.946806,R,XV4FEE5THDK5TOQYQQHK4OQ4,2026-05-20T13:14:59
KE_110_2014,110,-0.565426,36.886207,R,N6ARVAIS3YFGB2ZWP2NLTAC2,2026-05-20T13:14:59
KE_111_2014,111,-0.518254,36.913221,R,K3MASIC6GLNKKNHJ3VS4KDFU,2026-05-20T13:15:00
KE_112_2014,112,-0.562322,36.982532,R,ZVMKGZJUOAHR6H2SK3MAN7RZ,2026-05-20T13:15:00
KE_113_2014,113,-0.636014,37.123259,R,AOWTRH42ZXFVX7AYWWLKIN2H,2026-05-20T13:15:00
KE_114_2014,114,-0.52712,37.007515,R,AJQ7WMC62HS2ON3Q2HJEBBD5,2026-05-20T13:15:01
KE_115_2014,115,-0.474489,36.832314,R,JPRKQYQOBT2QXYXBOIQYYFKC,2026-05-20T13:15:01
KE_116_2014,116,-0.469786,37.054376,U,XUQNPIJAC5EA3NCZ4R4F5HMQ,2026-05-20T13:15:02
KE_117_2014,117,-0.44266,36.925861,U,OE3WPQBFFBEQKFDYDZSSZ2CR,2026-05-20T13:15:02
KE_118_2014,118,-0.43618,36.954202,U,2QKJ32PSDWM272T4AYCGPTCT,2026-05-20T13:15:02
KE_119_2014,119,-0.466341,36.95966,U,LYICQX5S7O57Q43QTAQJ5UYW,2026-05-20T13:15:03
KE_120_2014,120,-0.42296,36.977647,U,OYP77EW2TQ3F2MN5TNMP5HUJ,2026-05-20T13:15:03
KE_121_2014,121,-0.427778,36.953439,U,BQ7IYLLRXO33XRCU554XHGC4,2026-05-20T13:15:04
KE_122_2014,122,-0.426272,36.970946,U,YGVLZ5MSUCVCWVLYZZIS63FM,2026-05-20T13:15:04
KE_123_2014,123,-0.434915,36.964839,U,JRBGIA7OK7KJQ3NSZISF6VTP,2026-05-20T13:15:04
KE_124_2014,124,-0.437902,36.959497,U,X55ONJYVIFUYYCTOHRES2DXR,2026-05-20T13:15:05
KE_125_2014,125,-0.684701,37.286839,R,YB5P6VPNYMZTSYACF6ZWVCJQ,2026-05-20T13:15:06
KE_126_2014,126,-0.674971,37.307785,R,CMLO4SXG6W2GDLATPM5WHTQ4,2026-05-20T13:15:06
KE_127_2014,127,-0.728845,37.355214,R,PTVKHBYZ5OSUYYR6YD5UDIPF,2026-05-20T13:15:06
KE_128_2014,128,-0.5874,37.355233,R,6SY6OAB6NETNTNYGEO54VGHC,2026-05-20T13:15:07
KE_129_2014,129,-0.668495,37.339581,U,BTO6PW356TZIEX5FS53E4E3L,2026-05-20T13:15:07
KE_130_2014,130,-0.68368,37.342893,U,SS6UGH6HXC5OVSSBRJXBJQCA,2026-05-20T13:15:08
KE_131_2014,131,-0.679813,37.354889,U,KAZEDCPQELYOX32S4RHMD3IN,2026-05-20T13:15:08
KE_132_2014,132,-0.684659,37.368223,U,Z2T6NPCJNHZ6TKAVKLSQ6WDS,2026-05-20T13:15:09
KE_133_2014,133,-0.628707,37.419753,R,37TWWXP5TW6SHK7AST226JXK,2026-05-20T13:15:10
KE_134_2014,134,-0.670534,37.420061,R,6CIPI3TPYX333CKEMNYZ5VYE,2026-05-20T13:15:10
KE_135_2014,135,-0.604137,37.377369,R,QQNHE34JUHIZMKVED5JVAZ6S,2026-05-20T13:15:11
KE_136_2014,136,-0.47321,37.222938,U,2RZTCJXHI3PUOC3YIMALTQO3,2026-05-20T13:15:11
KE_137_2014,137,-0.437039,37.218181,R,RLVFRBJR6KEZNOTCILIXPE4K,2026-05-20T13:15:12
KE_138_2014,138,-0.521256,37.273601,R,4PUFWXZZCLAEZWXXPBL57FKJ,2026-05-20T13:15:12
KE_139_2014,139,-0.483921,37.286375,U,2DQJDMH6G7OHVQ3IUMJKE4FM,2026-05-20T13:15:13
KE_140_2014,140,-0.487278,37.270725,U,YOAGQYV7O5NTSTJCSANZZXZH,2026-05-20T13:15:13
KE_141_2014,141,-0.50983,37.31729,R,CNTLDQVBSKNGFB66L6DJMG5J,2026-05-20T13:15:13
KE_142_2014,142,-0.467017,37.249558,U,Z7P7VBYJFSGVBXR4OGMSL5FC,2026-05-20T13:15:14
KE_143_2014,143,-0.524228,37.261115,U,R4T7GYQI74JKAMRISPJWCSQM,2026-05-20T13:15:14
KE_144_2014,144,-0.448302,37.314849,R,XDOF6AQKKK7GIQRRO67FLOUH,2026-05-20T13:15:15
KE_145_2014,145,-0.513463,37.239898,R,FO6R55IRGACSLW5IC257DACS,2026-05-20T13:15:15
KE_146_2014,146,-0.454555,37.177579,R,PECVSOPYKG72JKTE3CPW5ACZ,2026-05-20T13:15:15
KE_147_2014,147,-0.59862,37.262377,R,VV3OBAGLOSWUPYQ4TLALRM6C,2026-05-20T13:15:16
KE_148_2014,148,-0.574861,37.266165,R,KKEO4HG476VQGOVM6TAZAYPR,2026-05-20T13:15:16
KE_149_2014,149,-0.641981,37.21268,R,5Y5GZ7TOZZ234YOCI5WFPP4N,2026-05-20T13:15:17
KE_150_2014,150,-0.681942,37.213589,U,OGDGAI4GXK7KB62HNH3FO4ES,2026-05-20T13:15:17
KE_151_2014,151,-0.515017,37.365542,R,7S3TVF5RQPF44IUMCCOMK2QL,2026-05-20T13:15:18
KE_152_2014,152,-0.50074,37.3792,R,65QANGCE7PNLB724PFF6D3MP,2026-05-20T13:15:19
KE_153_2014,153,-0.516444,37.356927,R,QS2SYNMFRFFHHKTOGHEMA6HI,2026-05-20T13:15:20
KE_154_2014,154,-0.411252,37.371355,R,BPX6ZDGAOTRSN23K3MOE4USS,2026-05-20T13:15:20
KE_155_2014,155,-0.436144,37.341643,R,VRHJ2DOHS3SIWJNVY5ZXCZHS,2026-05-20T13:15:20
KE_156_2014,156,-0.44383,37.329179,R,QFHZBHJWXMNL72DUTBWXJUIF,2026-05-20T13:15:21
KE_157_2014,157,-0.471742,37.390082,R,HJBNMV36OLP24N5DSXK7BUZX,2026-05-20T13:15:21
KE_158_2014,158,-0.733715,37.143516,U,3TE6OO3EPOSN5JUIPEL5TCYU,2026-05-20T13:15:22
KE_159_2014,159,-0.730281,37.164135,U,SASUOW2PUHJS6NDMBZP26NMS,2026-05-20T13:15:22
KE_160_2014,160,-0.710653,37.17209,U,E65BYSUKMJJ3PFLLVT6N6X35,2026-05-20T13:15:23
KE_161_2014,161,-0.648903,37.08002,R,ZEOEYP423QV2BQKV4C5UF3TL,2026-05-20T13:15:23
KE_162_2014,162,-0.680842,37.169294,R,3VKDB6RN7U3GQNDRMPALHG2A,2026-05-20T13:15:24
KE_163_2014,163,-0.794721,37.105286,R,2ECNRL3YATOLKEPUBDK5ERNE,2026-05-20T13:15:24
KE_164_2014,164,-0.746186,36.939081,R,JVG2KRDS5NLGDOUAH5JANZK3,2026-05-20T13:15:25
KE_165_2014,165,-0.733436,37.043008,R,NDISY2YWSCGZE2BK5Q3BKPZL,2026-05-20T13:15:25
KE_166_2014,166,-0.68359,36.990416,R,UMJKSD6DTPISPD5NNALIGZTO,2026-05-20T13:15:26
KE_167_2014,167,-0.668986,36.856277,R,OPEVOMNVBIZCC7QCDVIFUXL3,2026-05-20T13:15:26
KE_168_2014,168,-0.68027,36.955927,R,5P6BYOXDSTAUCWPKIK5P3BLO,2026-05-20T13:15:27
KE_169_2014,169,-0.65804,37.012108,R,LY3PFOCMVGTG6NJISBTP3URH,2026-05-20T13:15:28
KE_170_2014,170,-0.589473,36.99055,R,3F2DLR5CGEVAPMUWITDPHZFC,2026-05-20T13:15:28
KE_171_2014,171,-0.624405,36.97886,R,B56P5KN7BC6XYD3FXXPBA2ZJ,2026-05-20T13:15:28
KE_172_2014,172,-0.895614,37.0078,U,TQIXGYFGC5L47VN447YTTPVJ,2026-05-20T13:15:29
KE_173_2014,173,-0.905528,37.068519,R,OYCS6LAUD7O3H7LXVTMXTQEC,2026-05-20T13:15:29
KE_174_2014,174,-0.944098,37.036829,R,YWJM43R7VJXKSIDVBBSNX2UU,2026-05-20T13:15:29
KE_175_2014,175,-0.859981,37.076587,R,3K2TFX462KGV7PGY5DHMQCR2,2026-05-20T13:15:30
KE_176_2014,176,-0.826304,36.882033,R,XUDLKW2N37222MELPRXUL5DL,2026-05-20T13:15:30
KE_177_2014,177,-0.838574,36.908361,U,54WVZ4FGKEH4JPETFN5DK3AT,2026-05-20T13:15:30
KE_178_2014,178,-0.82598,37.202827,R,IMGDTUQVADNKYQA3G5HTHNYQ,2026-05-20T13:15:31
KE_179_2014,179,-0.842579,37.217941,U,AJHIIRIV2XYAE7ZXKTMUTDOD,2026-05-20T13:15:31
KE_180_2014,180,-0.892736,37.225612,U,LJOD3QIED2TJBYYLEEGLRY6Z,2026-05-20T13:15:32
KE_181_2014,181,-0.921137,37.114661,U,AEOAJJT3XTTTYHOZ7H4ZQCA4,2026-05-20T13:15:32
KE_182_2014,182,-0.961509,37.322731,R,6KUF5BZPCDMIL37B6B3SZFSF,2026-05-20T13:15:33
KE_183_2014,183,-0.794966,36.906636,R,PYEPYWCKBF5DRT6GZU37PFI7,2026-05-20T13:15:33
KE_184_2014,184,-0.761084,36.933367,R,SZA5OUZKLJNZX4NEGHQQJIK3,2026-05-20T13:15:33
KE_185_2014,185,-0.800689,37.018838,R,5YMAVMEQKKXNVV52B4I6OW55,2026-05-20T13:15:34
KE_186_2014,186,-0.837748,37.099044,R,ZX23O6Q7AV4OHRRVJYFNRI2N,2026-05-20T13:15:34
KE_187_2014,187,-0.801401,37.108933,U,YAAJUXJIBQWRTAHMU3GAHBHL,2026-05-20T13:15:35
KE_188_2014,188,-0.796291,37.099225,R,AHDKATE46HWYC5KWZZ5FH7MH,2026-05-20T13:15:35
KE_189_2014,189,-0.798871,37.138091,U,DVR6FDNCZRFXEJLHLZTVFIXD,2026-05-20T13:15:36
KE_190_2014,190,-1.034393,37.361741,R,JQRKB3KYT2AY5KZGC3JVMIUH,2026-05-20T13:15:37
KE_191_2014,191,-0.932883,36.955664,R,N4L4YNAI6RTNSKIBED5TQT5I,2026-05-20T13:15:37
KE_192_2014,192,-0.963131,37.034262,R,3WGEN6M5OSL6TQHSQDN42FAG,2026-05-20T13:15:38
KE_193_2014,193,-0.875451,36.88438,R,D5M32PPODCW4A6I65UNUGM2M,2026-05-20T13:15:38
KE_194_2014,194,-1.216121,36.770583,U,S3WM3SOYFU3A7L46ERPY5VGD,2026-05-20T13:15:38
KE_195_2014,195,-1.191821,36.780668,U,VITBQNG5PUQ7JXLA53FNHKKX,2026-05-20T13:15:39
KE_196_2014,196,-1.198791,36.753897,U,B4V7BLRGAPI5Y3VYBRWDW3SK,2026-05-20T13:15:39
KE_197_2014,197,-1.138966,36.753466,R,O54TNSWTWWKSCON2HTEP75G2,2026-05-20T13:15:40
KE_198_2014,198,-1.20775,36.841392,U,FRTX375TGWJOLPFBFKXBEGCV,2026-05-20T13:15:40
KE_199_2014,199,-1.266976,36.600454,U,S7JQOUSONLITSC5ENCHCWQ5I,2026-05-20T13:15:40
KE_200_2014,200,-1.210849,36.656892,U,4PALP4QZYCH647ROC7SXYBLY,2026-05-20T13:15:41
KE_201_2014,201,-1.26786,36.673272,U,K3SWAGAIRJY6G2JL6EDXFME5,2026-05-20T13:15:41
KE_202_2014,202,-1.250987,36.712359,U,LGRE5YWK5Y7OHYH6JB2QIHDQ,2026-05-20T13:15:42
KE_203_2014,203,-1.226879,36.702157,U,5MHRBGTYAACM2D3SP5GPBW4U,2026-05-20T13:15:42
KE_204_2014,204,-1.221435,36.734731,U,3VXPVXRPEI5WD5LMUEWDRE6G,2026-05-20T13:15:42
KE_205_2014,205,-1.150334,36.597213,R,PRCYDDRFY242D7TZXXWJIPFG,2026-05-20T13:15:43
KE_206_2014,206,-1.076923,36.626454,U,DUOVLWNSNGFXAXRGZQ5DJ6SW,2026-05-20T13:15:43
KE_207_2014,207,-1.09979,36.696657,U,EZ45K4LOXEUNEKVUQBANB677,2026-05-20T13:15:43
KE_208_2014,208,-0.876381,36.623502,R,OFIC5JYKGD7GUQQK7EGDTYVW,2026-05-20T13:15:44
KE_209_2014,209,-0.933773,36.596336,R,LTXVT7SXHN4WYMPNPR5YRDQV,2026-05-20T13:15:44
KE_210_2014,210,-1.006705,36.739989,R,5DES3VX7PFQGWP2Q2CEZQQOU,2026-05-20T13:15:45
KE_211_2014,211,-1.016861,36.726304,R,K4XDTXYRZKCWBODAAMTDJ42A,2026-05-20T13:15:45
KE_212_2014,212,-1.136899,36.76864,R,BE5RJII572WMVDAFITV2ZWNX,2026-05-20T13:15:45
KE_213_2014,213,-1.092889,36.790353,R,I7KHXRUOMQJK6S2HU2GHT37F,2026-05-20T13:15:46
KE_214_2014,214,-1.031255,36.847814,R,PGIYOMG62FQCGCEYE5WZZ4RQ,2026-05-20T13:15:47
KE_215_2014,215,-1.03903,37.261507,R,PZ4UACGKDLGUAWY7AGFTKU7O,2026-05-20T13:15:47
KE_216_2014,216,-1.071156,37.012823,U,TJLHWGI5WWGLFQZIBQFLR5F4,2026-05-20T13:15:48
KE_217_2014,217,-1.039943,37.086751,U,PDOZQSHPCPEAZAHVOILDHMR4,2026-05-20T13:15:48
KE_218_2014,218,-1.040039,37.07392,U,FKSQUD7C72LUMWRGLBMTOLOI,2026-05-20T13:15:48
KE_219_2014,219,-1.053128,37.086969,U,ZRASBBJHJ72RMTDW7LK25GYQ,2026-05-20T13:15:49
KE_220_2014,220,-1.075166,37.093542,U,3JBAQZWL3STV4LAGH73AFB3Z,2026-05-20T13:15:50
KE_221_2014,221,-1.202469,36.919464,U,7PKF2RXRNK7CLL2DQNHPZHQJ,2026-05-20T13:15:50
KE_222_2014,222,-1.19602,36.949532,U,3TSYEYXI2HKDCYVN5NQQRVMD,2026-05-20T13:15:51
KE_223_2014,223,-1.211489,36.924615,U,A4IET5JLHJJY5UDFTL5FUOZA,2026-05-20T13:15:52
KE_224_2014,224,-1.150228,37.017182,U,6B36BDLJCXFJJW2MAB7YN26U,2026-05-20T13:15:52
KE_225_2014,225,-1.147709,36.929877,U,5LUVUOG5XVF5V33BUKSGHXEO,2026-05-20T13:15:52
KE_226_2014,226,-1.1643,36.94151,U,3LPYNLBEJZ6MIYDQ7A7263GW,2026-05-20T13:15:53
KE_227_2014,227,-0.95413,36.82788,R,DRLTLN7XLAMG35RFHXNL6CTR,2026-05-20T13:15:53
KE_228_2014,228,-0.988024,36.888131,R,RVYKXHUBENKREZYT6BPNCZBE,2026-05-20T13:15:54
KE_229_2014,229,-1.017294,36.823876,R,DGTGDM3X7NUU3BSUSIXFD4TQ,2026-05-20T13:15:54
KE_230_2014,230,-0.964736,36.927786,R,ZMQK7EY427SNYU6ACE7MCJNL,2026-05-20T13:15:55
KE_232_2014,232,-0.922415,36.830119,R,4C2P4KRAMVV74UNSDJDZKYJ6,2026-05-20T13:15:55
KE_233_2014,233,-4.007013,39.708159,U,XCF5X3VWEUGFN6Q4FA32OGC7,2026-05-20T13:15:55
KE_234_2014,234,-3.97157,39.717502,U,6W5UCX22SDT6ZT76LNNCXYXA,2026-05-20T13:15:56
KE_235_2014,235,-4.058481,39.66949,U,OSUOTERPDLF5OYBNISGMO3UT,2026-05-20T13:15:56
KE_236_2014,236,-4.072864,39.668066,U,5WOH4OFKLVU34PAT6WS6X2HD,2026-05-20T13:15:57
KE_237_2014,237,-4.05133,39.673211,U,R26OQBOR23MTWLWEMNBDKOAM,2026-05-20T13:15:57
KE_238_2014,238,-4.034207,39.658615,U,FPUK2XJITJBOL6EVFD2JZ6CF,2026-05-20T13:15:58
KE_239_2014,239,-4.031102,39.662567,U,J7F4SDBYFH7BBAUP6OLNY4RG,2026-05-20T13:15:58
KE_240_2014,240,-4.008439,39.689613,U,TEZBSKMY7XNHGDBPQZPAJOG3,2026-05-20T13:15:59
KE_241_2014,241,-4.022911,39.682026,U,PNGLACFKDEJRNERNXORIY4QI,2026-05-20T13:15:59
KE_242_2014,242,-4.019469,39.695543,U,IVFIFW7UP276XAZULIPCNS7Y,2026-05-20T13:16:00
KE_243_2014,243,-4.016844,39.677254,U,FUMHM4TPKESH4SRREG3V6H7S,2026-05-20T13:16:00
KE_244_2014,244,-4.026952,39.702423,U,6DK56EGQ6BFN2REJ6QYHZWSC,2026-05-20T13:16:00
KE_245_2014,245,-3.993716,39.706779,U,KAB3YATN5NYBZ3YU74LNIS2Q,2026-05-20T13:16:01
KE_246_2014,246,-4.015932,39.675776,U,LHHTQCYUK6WUGU67PXACE5GI,2026-05-20T13:16:01
KE_247_2014,247,-4.033115,39.679256,U,MCHHQ2UL5NQLNENDNVCD72TJ,2026-05-20T13:16:01
KE_248_2014,248,-4.013301,39.685453,U,X7TGLIMBTFGGSM44NMMJGFJE,2026-05-20T13:16:02
KE_249_2014,249,-4.040403,39.709398,U,OCR5KVUO2Q6UAJWBIJHQIHU6,2026-05-20T13:16:03
KE_250_2014,250,-4.046825,39.685968,U,X5DDSG5EGEB54DY7LAGYJPFC,2026-05-20T13:16:03
KE_251_2014,251,-4.035883,39.694938,U,A5XQ2467AJ7A27MNVKZIYDJA,2026-05-20T13:16:03
KE_252_2014,252,-4.037301,39.625301,U,A5R6S5DJQSJQKNQCJKRRDK37,2026-05-20T13:16:04
KE_253_2014,253,-4.02908,39.608276,U,6LGAIWDMRCV2ALCRC4XRY5HA,2026-05-20T13:16:04
KE_254_2014,254,-4.041945,39.623503,U,J2IOS4XRADUF4O5VVSDE6UUM,2026-05-20T13:16:05
KE_255_2014,255,-4.016423,39.603046,U,OVTW64NZXUSBEB66DZZMA4S6,2026-05-20T13:16:05
KE_256_2014,256,-4.009808,39.619994,U,SUOA6T3LWZYOH4EJLW7GZNHC,2026-05-20T13:16:05
KE_257_2014,257,-4.023322,39.619622,U,BWG27ZCDF5ZC25NXMHJTDXOL,2026-05-20T13:16:06
KE_258_2014,258,-4.035898,39.600497,U,XSJKV5YAPY6THJRBOGOGLGKL,2026-05-20T13:16:06
KE_259_2014,259,-4.013058,39.598848,U,CRCKVHTEXSBQFE5435EFXN24,2026-05-20T13:16:07
KE_260_2014,260,-4.004929,39.613415,U,H7JMI5OOXBFVQDEI3B56WSWW,2026-05-20T13:16:07
KE_261_2014,261,-4.014041,39.618114,U,GHB2RB4FY5HVOG3DM5A76E7D,2026-05-20T13:16:07
KE_262_2014,262,-4.007139,39.615958,U,VAYRHAXZZIDZK2N5M3HVVAEX,2026-05-20T13:16:08
KE_263_2014,263,-4.087095,39.636298,U,AUVZM2K2QXQI3HIMP5LWWFKE,2026-05-20T13:16:08
KE_264_2014,264,-4.100041,39.641373,U,645CNPWN2JKYCJZZJ35NGTO4,2026-05-20T13:16:09
KE_265_2014,265,-4.111029,39.649094,U,RXNQEXHQKBSKDYL4P6FNDKDD,2026-05-20T13:16:09
KE_266_2014,266,-4.076943,39.64133,U,W7UHZULPC4IX7LTYQMSEC6W4,2026-05-20T13:16:09
KE_267_2014,267,-4.086954,39.66016,U,WEXVIUZKUZJFW2WUWWWW3NFS,2026-05-20T13:16:10
KE_268_2014,268,-4.099665,39.653358,U,WXP2IGH7H6ROIFFIYKBPNMZT,2026-05-20T13:16:10
KE_269_2014,269,-4.246816,39.486476,R,IAZYVWTQQ6JP5FB6VCCRN55L,2026-05-20T13:16:10
KE_270_2014,270,-4.167861,39.316179,R,AGURWOWB54BQYK2DTBHISLGV,2026-05-20T13:16:11
KE_271_2014,271,-4.22447,39.385369,R,KEMN7HS2QKDWEXK7ENVPC4HK,2026-05-20T13:16:11
KE_272_2014,272,-4.150887,39.471838,U,S4REHEASFKASBBDD5GR4LVCI,2026-05-20T13:16:12
KE_273_2014,273,-4.115351,39.614322,R,WVP7S3J2TU5H5P6BT62JMXUL,2026-05-20T13:16:12
KE_274_2014,274,-4.223255,39.581826,R,I7LTUU5KLXYQ2NUXUIAYRCJA,2026-05-20T13:16:12
KE_275_2014,275,-4.193787,39.559847,R,EGJJKMSZFVMR23KITVXYBZN5,2026-05-20T13:16:13
KE_276_2014,276,-4.008023,39.456967,R,UKDP7Y7IZ5FRLIGK7TF3O4MC,2026-05-20T13:16:13
KE_277_2014,277,-3.938002,39.473718,R,OYWSHMF6MCQI6KZC75CXHINK,2026-05-20T13:16:14
KE_278_2014,278,-3.909192,39.45911,R,4XDG27BXPHGLXRKDSXZQDAWD,2026-05-20T13:16:14
KE_279_2014,279,-4.127634,39.298249,U,ZCXWNYVR2LWVGOK7MDUHZD3L,2026-05-20T13:16:14
KE_280_2014,280,-4.025246,39.160355,R,BNIVOIKWUZ7NC4WA7HS3XIMC,2026-05-20T13:16:15
KE_281_2014,281,-4.198204,39.226841,R,C5TSXV4MNXY7TBQSOFZZDPSM,2026-05-20T13:16:15
KE_282_2014,282,-3.973083,39.243846,R,LXMEDDL2KGPURUO75VM77UQ2,2026-05-20T13:16:16
KE_283_2014,283,-3.768159,39.172251,R,ADRWFGE3QTZZHJ6PRHCNKGO2,2026-05-20T13:16:16
KE_284_2014,284,-4.277202,39.555614,U,DBI63C3F57T4PX5UET7RY5TT,2026-05-20T13:16:16
KE_285_2014,285,-4.272349,39.551335,U,HU22IN3TO23ERJ4GOFRBMQUL,2026-05-20T13:16:17
KE_286_2014,286,-4.284683,39.590442,U,MIGC3O4QIGFHTWEKSKQP3AXU,2026-05-20T13:16:17
KE_287_2014,287,-4.282838,39.565986,U,IOFC3CZZLMAH5KLZI4N526RD,2026-05-20T13:16:18
KE_288_2014,288,-4.286653,39.560679,U,MMWZQIKTDJH3EX2ST5NSED6E,2026-05-20T13:16:18
KE_289_2014,289,-4.284318,39.57452,U,PESH454AZMIGJZSEHHK6XUIH,2026-05-20T13:16:18
KE_290_2014,290,-4.291076,39.576571,U,EIX3PWIYASHBADQN5XUMLYVT,2026-05-20T13:16:19
KE_291_2014,291,-4.316598,39.554597,U,NM2SQEFBCKNE3TMLVTAU5YE5,2026-05-20T13:16:19
KE_292_2014,292,-4.386407,39.526889,R,HYIYK4MBIOZ67VQYYJXODBZH,2026-05-20T13:16:19
KE_293_2014,293,-4.442186,39.201351,R,2PT7NGLAMMV5CWTYEWEDIEFA,2026-05-20T13:16:20
KE_294_2014,294,-4.4284,39.314892,R,MUAEBVAPHJSCPLB6DS2KADA4,2026-05-20T13:16:20
KE_295_2014,295,-4.530121,39.189307,R,6RKOQKCFWTO25HBXUVPZWHCV,2026-05-20T13:16:20
KE_296_2014,296,-4.367214,39.036752,R,JMOOFW4JP62GKWRFICGMKFRC,2026-05-20T13:16:21
KE_297_2014,297,-4.660926,39.20073,R,IFKLLXLWA7KZKOW7VPLI74ZP,2026-05-20T13:16:21
KE_298_2014,298,-4.505692,39.367452,R,4Y2SXW55DGOKE7JLOFELIAV6,2026-05-20T13:16:21
KE_299_2014,299,-4.469491,39.489473,U,HKR6KUZKSSDQQRJJ2GDO2RUQ,2026-05-20T13:16:22
KE_300_2014,300,-4.631802,39.328688,R,4ODAS2VR5QG2DAALBKVOZSFE,2026-05-20T13:16:22
KE_301_2014,301,-3.463826,39.936023,R,CKNNGCVRNNTTZQEC4WS7CJGD,2026-05-20T13:16:23
KE_302_2014,302,-3.443292,39.950692,R,FPOJCCCELHGCHJFBSJEAH2TM,2026-05-20T13:16:23
KE_303_2014,303,-3.625482,39.851017,U,HKD3O4UDPLC2XIHQ57CGPJOC,2026-05-20T13:16:23
KE_304_2014,304,-3.630742,39.868466,U,T5TLRAIHNOCCH3TO7E5EHDHI,2026-05-20T13:16:24
KE_305_2014,305,-3.940409,39.736717,U,OGDPTAWN5ZJQTOF3DUOVAJAA,2026-05-20T13:16:24
KE_306_2014,306,-3.952572,39.742745,U,W3TL5Z2UYORFA7XPQRHHFOK2,2026-05-20T13:16:24
KE_307_2014,307,-3.93914,39.732601,U,HYRB3N7JUVYJ5KWE5MU762YG,2026-05-20T13:16:25
KE_308_2014,308,-3.853612,39.745835,R,P4SWCT5EP2PZRDXP67QQLVN6,2026-05-20T13:16:25
KE_309_2014,309,-3.850899,39.806964,R,7ZIXLKGG4F5JXXKCX6QZX5DY,2026-05-20T13:16:26
KE_310_2014,310,-3.490048,39.737486,R,K7XD7XN7TWQB5S5OXCOFZKMW,2026-05-20T13:16:26
KE_311_2014,311,-3.652673,39.757497,R,BMFYL27NXOIYFMJJYGV2YISZ,2026-05-20T13:16:26
KE_312_2014,312,-3.590507,39.527396,R,RMJE4HOAJKITXE3QFTKNX6HG,2026-05-20T13:16:27
KE_313_2014,313,-3.729556,39.690748,R,A6DK4QG53EJBC6YLM6DTWOS6,2026-05-20T13:16:27
KE_314_2014,314,-3.804927,39.76651,R,3NQSJSIDBEXKM2BU25QDXZPZ,2026-05-20T13:16:27
KE_315_2014,315,-3.83061,39.633115,U,HYPLSH46VJXRCB3EN2ND4W2E,2026-05-20T13:16:28
KE_316_2014,316,-3.842308,39.634,R,CIVGHI7N7CF7UVQYLDWWXTU5,2026-05-20T13:16:28
KE_317_2014,317,-3.884601,39.524861,R,ST674ZTFSPD23ALJEWGMT4SW,2026-05-20T13:16:29
KE_318_2014,318,-3.951288,39.611538,R,SWLZAE2CZD7KZHQJ76P72O4B,2026-05-20T13:16:29
KE_319_2014,319,-3.868253,39.485738,U,OES2XTGTRP2Q7LRRR72GMWNA,2026-05-20T13:16:29
KE_320_2014,320,-3.850751,39.457943,U,PTH63TCQGFUPOZRWXCPERBX2,2026-05-20T13:16:30
KE_321_2014,321,-3.880782,39.542766,R,2TROGC2GIV3ZDYTMMLAH47EZ,2026-05-20T13:16:31
KE_322_2014,322,-3.715756,39.596646,R,H5ZD7Z3DPSDB577GXI5IKWXI,2026-05-20T13:16:31
KE_323_2014,323,-3.211529,40.111159,U,NK7O275237TOYCOS5VYCVGWJ,2026-05-20T13:16:32
KE_324_2014,324,-3.223763,40.116477,U,BU2V4M4Y3RMBJ4TLGKTO4LXP,2026-05-20T13:16:32
KE_325_2014,325,-3.233381,40.107873,U,LHKV2CP63IUJ4AS4KY3KMTPV,2026-05-20T13:16:32
KE_326_2014,326,-3.24377,40.101518,U,C7ZM25776CLZ6ETPH4F6HLQW,2026-05-20T13:16:33
KE_327_2014,327,-3.218197,40.11917,U,M37SZTFVLES7RRYKNNBSFKZY,2026-05-20T13:16:33
KE_328_2014,328,-3.216621,40.067124,R,GLU3X62IZCR2BCREJPW27OGX,2026-05-20T13:16:34
KE_329_2014,329,-3.325576,40.010346,U,A4NDA3S2AMVCU7MA5QF3E7ID,2026-05-20T13:16:35
KE_330_2014,330,-3.381388,39.943968,R,RJOAKS5PLBPJXLQ5G7KOD7ED,2026-05-20T13:16:35
KE_331_2014,331,-3.105848,39.78555,R,XPIJGG27Q4PUNEWJTS5FKIQT,2026-05-20T13:16:36
KE_332_2014,332,-3.110758,40.141823,R,CNGAVBJLRGALLB5OCHHZZZWO,2026-05-20T13:16:36
KE_333_2014,333,-2.751674,40.162949,R,4JYQ3DQHPWQGRLME7TXAY5MA,2026-05-20T13:16:36
KE_334_2014,334,-3.290975,39.813767,R,NVHOGWZR5ZELCKOOVTJPGTUW,2026-05-20T13:16:37
KE_335_2014,335,-0.701589,39.000257,R,XZWOUKL3I5G4VDUTWCRTUPO2,2026-05-20T13:16:37
KE_336_2014,336,-0.231804,39.296965,R,R6G255WN2KXCPQIPUOYVJBUO,2026-05-20T13:16:38
KE_338_2014,338,-1.177903,39.910248,R,DXKP2MXMEGT56GEL74AVBCGI,2026-05-20T13:16:38
KE_339_2014,339,-1.051664,39.73302,R,PVLUIPCQZ7S3R2ZNDNYKAR3P,2026-05-20T13:16:38
KE_340_2014,340,-0.694972,39.76162,R,DHYJ34E5EXJOKPZ4BUO4JKU7,2026-05-20T13:16:39
KE_341_2014,341,-1.42132,40.031235,R,HXGMC5ILF3GMGH4ITTM6NSAK,2026-05-20T13:16:39
KE_342_2014,342,-1.492789,40.015477,U,YRDOCLGHMKXLOELWQ52VPG53,2026-05-20T13:16:40
KE_343_2014,343,-1.234241,39.923949,R,ZVYBJ3VY32WJ23AQM6XDXQIL,2026-05-20T13:16:40
KE_344_2014,344,-1.546487,40.057665,U,IVLDONX4P6G5IA5JSZZ7WLD6,2026-05-20T13:16:40
KE_345_2014,345,-1.51826,40.068543,U,QUMEE5UCMZOK3HE52RC2JRZL,2026-05-20T13:16:41
KE_346_2014,346,-1.546127,39.216323,R,PEIPQMF5XPR434RO4OMWDQIJ,2026-05-20T13:16:41
KE_347_2014,347,-1.501885,40.010772,U,MOFYMBVCLD46L7JYQNQM6R5N,2026-05-20T13:16:42
KE_348_2014,348,-1.485353,40.027555,U,FMSVE43MJCSYTS6D4GYDLQU3,2026-05-20T13:16:42
KE_349_2014,349,-0.463706,39.603718,U,JPSUUKJR4M4AQDECOWNAQ434,2026-05-20T13:16:42
KE_350_2014,350,-0.477675,39.611709,U,HH6VBZEVLI22NQYXPTZJIE5W,2026-05-20T13:16:42
KE_351_2014,351,-0.474145,39.628639,U,QIE4EXLQALQGIYI6SS4GLJQK,2026-05-20T13:16:43
KE_352_2014,352,-0.425303,39.608482,U,NOSVBXSEK3XCG5RE4MIM6LUJ,2026-05-20T13:16:44
KE_353_2014,353,-0.426962,39.400216,R,LTVFCYJLN5PKFPUHTJYB5WY2,2026-05-20T13:16:44
KE_354_2014,354,-0.602493,39.776863,R,T23RT7OJ7HD6BUV2772GSVDB,2026-05-20T13:16:44
KE_355_2014,355,-1.68287,40.101387,R,ITAWZHKLKBF4FCBMBKSP377T,2026-05-20T13:16:45
KE_356_2014,356,-1.601712,39.98244,R,KAGVEHDTGQG3GKBGFOT6R7F7,2026-05-20T13:16:45
KE_357_2014,357,-2.285589,40.10244,R,YQ6UVRHCQTNAYM3JVIQYCW7U,2026-05-20T13:16:45
KE_358_2014,358,-2.226168,39.994442,R,YAE2KBSTOC44O4GRWMH33G2Y,2026-05-20T13:16:46
KE_359_2014,359,-2.114905,40.155853,R,NK6HEJBRCOPSL7SEMYE3VWLR,2026-05-20T13:16:46
KE_360_2014,360,-1.937471,39.962449,R,PFPD7GEIBF23OGTLGW4DBJCL,2026-05-20T13:16:47
KE_361_2014,361,-2.480266,40.549668,R,WGFTBBQOSHQCOIAXYTPYQ4QD,2026-05-20T13:16:47
KE_362_2014,362,-2.490288,40.478765,R,QFB67DKTSK5YHHSRWHHIKTIJ,2026-05-20T13:16:47
KE_363_2014,363,-2.417757,40.213231,R,UH7AI7OUKZJCMGPXHMW36TOP,2026-05-20T13:16:48
KE_364_2014,364,-2.482511,40.240589,R,YSZKUEOAEH7B5VWBGTFKQ5ME,2026-05-20T13:16:48
KE_365_2014,365,-2.493213,40.225284,R,NQP7FNZJBKPOYYE5BVCOXEDU,2026-05-20T13:16:49
KE_366_2014,366,-2.420697,40.191477,R,3XUMF4NNSH4NU6A5BCTQLVHM,2026-05-20T13:16:49
KE_367_2014,367,-2.254498,40.891375,U,VYPLVAEC6AR4F4YUKHMSVEK2,2026-05-20T13:16:49
KE_368_2014,368,-2.254896,40.893015,U,EOUTJB6AXXDGPUMLFSND5XUB,2026-05-20T13:16:50
KE_369_2014,369,-2.271723,40.886418,U,O5SFWOB2WS3DPDBCEWMUYHCL,2026-05-20T13:16:50
KE_370_2014,370,-2.260345,40.895725,U,6RQB2MGKOEJUMHSBEIGEI36V,2026-05-20T13:16:51
KE_371_2014,371,-2.281817,40.884337,U,6ZWFR6JO54PT3DH2N5A4YYP4,2026-05-20T13:16:52
KE_372_2014,372,-2.263761,40.890976,U,FOK6ZWEFL6DADUXWXPO23ULV,2026-05-20T13:16:53
KE_373_2014,373,-2.26229,40.893627,U,3LLCQAJJNO567ZOBWXOK4NDF,2026-05-20T13:16:53
KE_374_2014,374,-2.281413,40.896914,U,O7CXEG6NTDOXYUV6JLQAKD4I,2026-05-20T13:16:53
KE_375_2014,375,-2.276568,40.903244,U,64H22BHR4M23H5MOLH5FVD4H,2026-05-20T13:16:54
KE_376_2014,376,-2.268796,40.899323,U,RW36IPZWGSVIZI7Q2L3NELNE,2026-05-20T13:16:54
KE_377_2014,377,-2.271991,40.898595,U,45JTCNQKJXELEJIWYNJ4BXLA,2026-05-20T13:16:54
KE_378_2014,378,-2.295544,40.903534,U,BYFX3DK5KTLF3G2SUUTPNSDO,2026-05-20T13:16:55
KE_379_2014,379,-2.281916,40.881739,R,APT75TGQQ7UBTJFCZXWI2CCJ,2026-05-20T13:16:55
KE_380_2014,380,-2.172063,40.814391,R,L65AN26PPVRJGF3O43FQIUPV,2026-05-20T13:16:55
KE_381_2014,381,-2.228304,40.855722,R,ETKHHMYGRB3QWND3IUGTG5RY,2026-05-20T13:16:56
KE_382_2014,382,-2.389919,40.761294,R,5Q6UI5ACAVM4Q2G7I7IBJD66,2026-05-20T13:16:56
KE_383_2014,383,-2.365013,40.722602,R,J65HSN5FHOQYTJNPRZDTV63F,2026-05-20T13:16:57
KE_384_2014,384,-2.375449,40.691396,U,PII6UPH323TEWCVMDEOTZTB3,2026-05-20T13:16:57
KE_385_2014,385,-2.384338,40.699711,U,FHRH7K5T4C2677JLYDZ3XIKH,2026-05-20T13:16:57
KE_386_2014,386,-2.080532,40.486574,R,DE4MCFAAHAO3R3T7AS25QYXT,2026-05-20T13:16:58
KE_387_2014,387,-2.334056,40.549905,R,VC6EGUPUFOBAWFFN4SGUG6ZR,2026-05-20T13:16:58
KE_388_2014,388,-2.426329,40.725471,R,WVOU72LG2W2OGPICP73JRH4F,2026-05-20T13:16:58
KE_389_2014,389,-2.387769,40.570612,R,7P6DJTFDG4PHLCQ4XXNVCZOM,2026-05-20T13:16:59
KE_390_2014,390,-2.357282,40.663143,R,7DMXVMUN4MQVQVYTUNQ66KII,2026-05-20T13:16:59
KE_391_2014,391,-2.345333,40.696376,R,N47Y53XFJJHHSE5JW7B3C3AC,2026-05-20T13:17:00
KE_392_2014,392,-2.373058,40.461242,R,V43QCKR2XGZMDQTJILKKA2ZP,2026-05-20T13:17:00
KE_393_2014,393,-2.358999,40.361414,R,C4PKARTDPU6DWB6RRIVGDBWX,2026-05-20T13:17:00
KE_394_2014,394,-2.405671,40.371237,R,MHKDJMNRX46T5NOWC6TSZ6QF,2026-05-20T13:17:01
KE_395_2014,395,-2.107669,41.026867,R,X5DV767HKCDUEH7OBFKFYAZ5,2026-05-20T13:17:01
KE_396_2014,396,-2.12993,41.065312,R,FMSA6UFB4YZHMQK43T4KE5OI,2026-05-20T13:17:02
KE_397_2014,397,-2.092042,41.143183,R,DE3UEKZCOTQWNPBLKRRHAKK2,2026-05-20T13:17:02
KE_398_2014,398,-1.815831,40.796138,R,Z7J5JGQXCXWWTIETFKF27A7J,2026-05-20T13:17:02
KE_399_2014,399,-3.775851,38.64294,R,MN5FAHPWSGZL5AKLW6VMUUVS,2026-05-20T13:17:03
KE_400_2014,400,-3.566665,38.734511,R,TTC7TOVFXLMFGG5ZVCWORQ3C,2026-05-20T13:17:03
KE_401_2014,401,-3.526174,38.619472,R,IFBK3YQVGXWSLP66KXD4TUN6,2026-05-20T13:17:04
KE_402_2014,402,-3.400005,38.566416,R,ITYLLIHRPQP4WYDAKMZCQVHA,2026-05-20T13:17:04
KE_403_2014,403,-3.384242,38.54889,R,GPQX6MUNATI5GWQJLWPEZULC,2026-05-20T13:17:04
KE_404_2014,404,-3.397599,38.5702,U,X32WHDAZAGZ2AJSUSDSKZT4X,2026-05-20T13:17:05
KE_405_2014,405,-3.370572,38.560319,U,ATTK7B77XDCMEOZDWFBIHMDA,2026-05-20T13:17:05
KE_406_2014,406,-3.380176,38.573271,U,3LZXDJQGP6MFRGAUJZKZG4MV,2026-05-20T13:17:05
KE_407_2014,407,-3.399587,38.558575,U,RHLSUSA5XL24PQULR6T3YIPJ,2026-05-20T13:17:06
KE_408_2014,408,-3.505407,38.379688,U,ZIYS6UNWREQOTZN5PP4XHC6J,2026-05-20T13:17:06
KE_409_2014,409,-3.479944,38.415518,R,QF434FURLKZJ6EFJORGPGTUY,2026-05-20T13:17:06
KE_410_2014,410,-3.586587,38.467748,R,HDLVXOP4YON3K2JXKVHPUVHF,2026-05-20T13:17:07
KE_411_2014,411,-3.636601,38.381954,R,AIXMSE72ZMHRV2KJCSIBMTVR,2026-05-20T13:17:07
KE_412_2014,412,-3.449785,38.326564,R,2OQ4CWUC6JKN5OZGCZ6P3WMK,2026-05-20T13:17:07
KE_413_2014,413,-3.442766,38.304426,R,G77RKTTMHR6ZW7A36EPFDDHI,2026-05-20T13:17:08
KE_414_2014,414,-3.385227,38.34636,R,T46DQOMGAD633OOU7Q7N7T74,2026-05-20T13:17:08
KE_415_2014,415,-3.396853,38.379129,U,2IPWR6FSBQY74HERPHCLEULB,2026-05-20T13:17:09
KE_416_2014,416,-3.280824,38.266454,R,U7VD3U6DPFTNKMG6SQG6OGK6,2026-05-20T13:17:09
KE_417_2014,417,-3.398612,38.310817,R,Q4NJTJLYAYQMWDOCCCREFZQI,2026-05-20T13:17:09
KE_418_2014,418,-3.397673,38.359547,R,IDTGR673JWCZWHOS2R7P7Y53,2026-05-20T13:17:10
KE_419_2014,419,-3.377656,38.345331,R,AS2AIHVPSO3N2DRU7DJZPODZ,2026-05-20T13:17:10
KE_420_2014,420,-3.385064,38.454961,R,OKLF6KGF4DHPO52CQA5KMR2B,2026-05-20T13:17:10
KE_421_2014,421,-3.354748,38.500362,R,GTSGWH6URCF6ZUTAMTWJ36LS,2026-05-20T13:17:11
KE_422_2014,422,-3.339615,38.431238,R,VO4B7AG4OMRWKXIEASZA6FQP,2026-05-20T13:17:11
KE_423_2014,423,-3.029866,38.640847,R,PIMCQYHGYXZRNC57MGQGXDYW,2026-05-20T13:17:12
KE_425_2014,425,-3.363061,37.687176,R,V5CHMMILFRISTDQ7EY2WNDEF,2026-05-20T13:17:12
KE_426_2014,426,-3.398621,37.676841,U,LYNFM6GH426JHVPUZVWYR35X,2026-05-20T13:17:12
KE_427_2014,427,-3.396215,37.680804,U,5SVVDEBVWGVIJVFD44LPA56E,2026-05-20T13:17:13
KE_428_2014,428,-3.424485,37.693477,U,AGQKFP6DBJN2D56HTVZRNUOF,2026-05-20T13:17:13
KE_429_2014,429,-3.375506,37.67549,U,T6TIYJCDBIJRC3LYHVBCVBY5,2026-05-20T13:17:14
KE_431_2014,431,2.342909,37.998804,U,KPHF2T4DRCVWY6VVU5BBNDG4,2026-05-20T13:17:14
KE_432_2014,432,2.329184,37.943391,R,KQBGOA45IE4BBR7PBLFE4GO6,2026-05-20T13:17:14
KE_433_2014,433,2.347209,37.978154,U,E452JLAVKI2B3NGOUJCAVHVJ,2026-05-20T13:17:15
KE_434_2014,434,2.341871,37.986691,U,VJPTIRTRBMBRMGMLHVM7PORM,2026-05-20T13:17:15
KE_435_2014,435,2.186941,37.988364,R,WGASLJGFNFBC6JPBGHTYOH2S,2026-05-20T13:17:16
KE_436_2014,436,2.498319,38.018753,R,T6P4PTWVHTYP2JEX2FJ3W26P,2026-05-20T13:17:16
KE_437_2014,437,2.227143,38.028504,R,XEZRSDIRJPSDTRSQRTRVD46B,2026-05-20T13:17:17
KE_438_2014,438,3.776048,37.576506,R,QG344R3ZNMOWHTGSFH7P5VM7,2026-05-20T13:17:17
KE_439_2014,439,4.111863,37.285043,R,G3HCFD3U55H74KS4F2F62SXW,2026-05-20T13:17:17
KE_440_2014,440,3.045764,37.216211,R,KNN2MXN76WJHRWVPTUBIEOBF,2026-05-20T13:17:18
KE_441_2014,441,2.922901,37.681742,R,MBFGN2YI2CPPCJVEWGA2BHCT,2026-05-20T13:17:18
KE_442_2014,442,4.38586,36.272932,R,LLTQOTUGKMSGWHOJ2RRAQFPS,2026-05-20T13:17:18
KE_443_2014,443,3.306204,36.995748,R,WDFXMAG4WRVB3XGGL2JR7BAH,2026-05-20T13:17:19
KE_444_2014,444,2.775784,38.11799,R,RVT5MZLLELAXCC2NIC675DXH,2026-05-20T13:17:19
KE_445_2014,445,3.112698,38.418537,R,BSI5A6EJ5TOBM5J5SBW47R4W,2026-05-20T13:17:20
KE_446_2014,446,1.592403,37.838373,U,OB4EGYIJ72R5D7YBFYIKPNTO,2026-05-20T13:17:20
KE_447_2014,447,1.486343,37.727736,R,LV6EA4LXQY4M2RLDA7Z6Z4XZ,2026-05-20T13:17:20
KE_448_2014,448,1.978691,37.521167,R,CND4S72QBZCA2JSTZNCFIHET,2026-05-20T13:17:21
KE_450_2014,450,1.854861,37.454053,R,JMQHWCM4PIBERY5RZCC4XAN7,2026-05-20T13:17:21
KE_451_2014,451,2.244301,36.916336,R,A77QCJJQ5GS4MQU3RSCPGSW4,2026-05-20T13:17:21
KE_452_2014,452,3.419054,36.252849,R,MUC5VUHWO6RZIGYD575W6ANS,2026-05-20T13:17:22
KE_453_2014,453,3.501083,39.040091,R,EGI6TR6AVW2RRWDXYM332CDU,2026-05-20T13:17:22
KE_454_2014,454,3.516632,39.071901,U,ASOIT26TZVE3YHI7QDIE7ENS,2026-05-20T13:17:23
KE_455_2014,455,3.522562,39.051938,U,UV267JQCV7RV4TKBNZ6LLMOI,2026-05-20T13:17:23
KE_456_2014,456,3.514832,39.039967,U,LMQB2KYQZX7HN3ZAX7ZCEIMV,2026-05-20T13:17:23
KE_457_2014,457,3.514961,39.073347,U,RLHIALKNOL4TZNZHEFQGECNT,2026-05-20T13:17:24
KE_458_2014,458,3.528306,39.077476,U,NSICTW3WZXKXLRQ4PAH2JZS4,2026-05-20T13:17:25
KE_459_2014,459,3.201147,39.201026,R,Q2JLVVZ73CM2PIZM55N4MKE3,2026-05-20T13:17:25
KE_460_2014,460,3.45067,39.056259,R,PFI2TG6RJSKHDRKA6E463HQV,2026-05-20T13:17:25
KE_461_2014,461,3.558458,38.643362,U,VEI7PMDYZQLKINCOHXMEKMME,2026-05-20T13:17:26
KE_462_2014,462,2.740703,38.915554,R,ZAD7NQQNK46BO6FCAJ7NEUMN,2026-05-20T13:17:27
KE_463_2014,463,0.348003,37.573582,U,HSATIALGOPJJNHF3PMJDUSBO,2026-05-20T13:17:27
KE_464_2014,464,0.336422,37.581132,U,5VD3XE3PY5ESM3PRWMLSFGY5,2026-05-20T13:17:27
KE_465_2014,465,0.351077,37.569209,U,AXWKGL5XOL3LNSAE22C6BU3O,2026-05-20T13:17:28
KE_466_2014,466,0.330629,37.571966,U,6KAVYPZD4QQUWVSOZE6DXVOA,2026-05-20T13:17:28
KE_467_2014,467,0.332453,37.584824,U,5H4OUVERNCKAMENKXZBB2TEN,2026-05-20T13:17:29
KE_468_2014,468,0.336936,37.570374,U,WYJETEXRURWJD2NPLIKTPTHB,2026-05-20T13:17:29
KE_469_2014,469,0.368044,37.596728,U,YBBPMN5YOVF6FXUBQB6QUODO,2026-05-20T13:17:29
KE_470_2014,470,0.398065,37.574888,U,UPA4P3PP5GKGZPRL4WIUAI4Z,2026-05-20T13:17:30
KE_471_2014,471,0.358663,37.554803,R,KDPUDSSCX66EADOCZO44WUTU,2026-05-20T13:17:30
KE_472_2014,472,0.509139,37.496904,R,CHHMPI4BQREVJD4NVK6UBX4L,2026-05-20T13:17:30
KE_473_2014,473,0.401648,37.57875,U,HEOACTS3FYU65NP47ZMY6CUI,2026-05-20T13:17:31
KE_474_2014,474,0.356698,37.600857,U,T5EK5YEEMNKPHAT75UEW2TFE,2026-05-20T13:17:31
KE_475_2014,475,0.36916,37.595143,U,UV7YLEJGETRT52E52RSU47E3,2026-05-20T13:17:31
KE_476_2014,476,0.364467,37.599764,U,DIFHMOKXPZR3NS5QUSCD4SWG,2026-05-20T13:17:32
KE_477_2014,477,0.548846,37.721797,R,MTS5ZLDARS5IDFZE44HK6YRV,2026-05-20T13:17:32
KE_478_2014,478,0.635689,36.993589,R,TEZGV5L4SQYUA3S5D5LLJPET,2026-05-20T13:17:33
KE_479_2014,479,0.601502,36.977064,R,TOTBFQGHDZSUKSICSISD3CUJ,2026-05-20T13:17:34
KE_480_2014,480,0.612394,37.092353,R,4HQH7EIQW7LHGTSBFRMDBQG7,2026-05-20T13:17:34
KE_481_2014,481,0.87393,38.497561,R,KKW36D3FFJZ35TBMTTGN2F47,2026-05-20T13:17:34
KE_482_2014,482,1.00982,38.616363,R,A52Q6UWUUMWAYFQ3JZOPZJMY,2026-05-20T13:17:35
KE_483_2014,483,1.082906,38.671736,U,W2RVMDT2YVWX4BRFKOVQGVPE,2026-05-20T13:17:35
KE_484_2014,484,1.958061,38.834792,R,BEXLUGLGXT6ADLQOSV3RBOEN,2026-05-20T13:17:36
KE_485_2014,485,1.610971,38.945492,R,LKVJ5PBXSK6JZ6MECJYXWBLK,2026-05-20T13:17:36
KE_486_2014,486,0.615075,38.391979,R,E4Z3O6JGC5BJGRVISJ67A5CS,2026-05-20T13:17:36
KE_487_2014,487,0.466938,38.673005,R,KILMOFYW742SE5XC6FFHJBTY,2026-05-20T13:17:37
KE_489_2014,489,0.424127,38.209923,R,2DV5JPRTPKVLYUUPDYSSZGP7,2026-05-20T13:17:37
KE_490_2014,490,0.305212,38.228155,U,GDPYTT3AQSQ7BFEHSZA2UVMU,2026-05-20T13:17:38
KE_491_2014,491,0.515633,38.214759,R,ILGZNGP7NUCB4TSPP6ONX27V,2026-05-20T13:17:38
KE_492_2014,492,1.034683,39.259385,R,SWLDZGEP3UB22ACFERXLS2NG,2026-05-20T13:17:39
KE_493_2014,493,1.071336,39.069807,R,PA2Y7PKEZY7ZXGOK2DXYCN64,2026-05-20T13:17:39
KE_494_2014,494,0.971676,38.945918,R,6MHQ62LJS3WRT4RNM76QKBFI,2026-05-20T13:17:39
KE_495_2014,495,0.067448,37.470007,R,XG75DQPDLARB6MXOYOKNKFX2,2026-05-20T13:17:40
KE_496_2014,496,-0.001947,37.613637,R,FTICJYRU5RTX7MFA44DDD5GB,2026-05-20T13:17:40
KE_497_2014,497,-0.006369,37.694616,R,TKUUSTAS3BWC77KZKBXP6EAE,2026-05-20T13:17:41
KE_498_2014,498,-0.00228,37.798454,R,ISKTNZT6AF4G7ENCEHY7SQWV,2026-05-20T13:17:41
KE_499_2014,499,-0.060366,37.722692,R,SM7VGQFNMBUEPE4EUASY4W2R,2026-05-20T13:17:41
KE_500_2014,500,0.203712,37.368999,R,DPGY6ZEBF7Z4SGU33YKIR7XW,2026-05-20T13:17:41
KE_501_2014,501,0.088803,37.594487,R,QHZNJCFIQNM7ROQC755O6TKV,2026-05-20T13:17:42
KE_502_2014,502,0.073251,37.6332,U,FJ4HUJX4HSXMTG47OIAUMDVD,2026-05-20T13:17:42
KE_503_2014,503,0.094062,37.706403,R,YIBYBEQYTT7TRIUJWJ6BBH6M,2026-05-20T13:17:43
KE_504_2014,504,0.023903,37.776946,R,LJMP3ZVEZ6OBIVO4YUPE5RMK,2026-05-20T13:17:43
KE_505_2014,505,0.062527,37.624742,U,QKKYTMET5PWMU7UW6E6TV6ZI,2026-05-20T13:17:43
KE_506_2014,506,0.062009,37.633832,U,FNR5CUP3YNLWUV7K7RWGNW45,2026-05-20T13:17:44
KE_507_2014,507,0.051115,37.678145,U,SWR2SVQDTXC67KP44SSFUIQK,2026-05-20T13:17:44
KE_508_2014,508,0.040978,37.63868,U,RMNAR7QWHFUWSIXDGIBEGRIN,2026-05-20T13:17:44
KE_509_2014,509,-0.098188,37.600692,R,NMGJQF6HR4HE5DNHPAM4SWEY,2026-05-20T13:17:45
KE_510_2014,510,-0.064991,37.667751,U,VVN6UFGY326RZ6I3NYJ4XPK5,2026-05-20T13:17:45
KE_511_2014,511,-0.102102,37.791086,U,S47FGUTIUWHS6GAD5G2PIB4U,2026-05-20T13:17:46
KE_512_2014,512,-0.10055,37.574304,R,2JN7UZDR65FNGKL6ICUYJB6A,2026-05-20T13:17:46
KE_513_2014,513,-0.106738,37.726475,R,NV323YYM5K3RF6PPIPMW43HR,2026-05-20T13:17:46
KE_514_2014,514,0.304952,37.90595,R,TDO66ZR6TKVK5KPN2ZAQ7NCQ,2026-05-20T13:17:47
KE_515_2014,515,0.249788,37.880908,R,ZOICQV45OPFJ7VD3CDZ7JMIG,2026-05-20T13:17:47
KE_516_2014,516,0.380873,37.986308,R,44I3MKXB4PAMN7D4WNDBKUBX,2026-05-20T13:17:47
KE_517_2014,517,0.315799,38.007937,R,JWFNP7RSJ3D5RV5VDPH6RBGG,2026-05-20T13:17:48
KE_518_2014,518,0.328824,37.965919,R,WDYVMKZEWISHISBBVETRAJF3,2026-05-20T13:17:48
KE_519_2014,519,0.241269,37.936243,R,YUCEAKBB6MLG7H46AEIKXQPZ,2026-05-20T13:17:49
KE_520_2014,520,0.246473,37.936669,U,DV2P6UMN4K7NU7XLDMGLLVPJ,2026-05-20T13:17:49
KE_521_2014,521,0.1704,37.914147,R,P5RSIZXZOSHGEBEOGVIGYUBG,2026-05-20T13:17:49
KE_522_2014,522,0.189305,38.03899,R,7OJFODAUIEDXOQBFXWICT4RG,2026-05-20T13:17:50
KE_523_2014,523,0.289382,37.885311,R,EH6VEWDTTDYDGAAN5T7H7YWC,2026-05-20T13:17:50
KE_524_2014,524,0.194116,37.978863,R,DAT34DFE5GILFP55HZMWNHUZ,2026-05-20T13:17:50
KE_525_2014,525,0.211879,38.052557,R,ZRGR7LBJMDEU2GV67WV3D2PL,2026-05-20T13:17:51
KE_526_2014,526,0.154022,37.851466,R,YS6BX3P6IRRC42VX6U4QU53Y,2026-05-20T13:17:51
KE_527_2014,527,0.044966,37.875649,R,2RQAHDXMQPSLL556Y76BLSCX,2026-05-20T13:17:51
KE_528_2014,528,0.149079,37.746012,R,CM5KSTQV4QAJMBSPCUFRSKOY,2026-05-20T13:17:52
KE_529_2014,529,0.152777,37.81956,R,QLTLVVZHJ5WXOH5DAOKAI5LS,2026-05-20T13:17:52
KE_530_2014,530,0.222596,37.66839,R,275UXZQZ2L5P7DVE7KE3FSR6,2026-05-20T13:17:52
KE_531_2014,531,0.208009,37.795956,U,4BJAKDJNYVTDNK7SVWOZA7A6,2026-05-20T13:17:53
KE_532_2014,532,-0.329215,37.630916,U,WFGPR6Z4LG2LVGPX54ZN3ZNB,2026-05-20T13:17:53
KE_533_2014,533,-0.328819,37.659307,U,PJ5BOVGJIK7ARXO77MD37LCU,2026-05-20T13:17:53
KE_534_2014,534,-0.332799,37.636498,U,WQLUDVSDTWNIJDVHHCWYC7AD,2026-05-20T13:17:54
KE_535_2014,535,-0.36206,37.756287,R,UVFHNGIGDRVKYIGWQZPDJV4S,2026-05-20T13:17:54
KE_536_2014,536,-0.305443,37.677588,U,HAYB2MNEJROXCYBBZ3BLMDE2,2026-05-20T13:17:55
KE_537_2014,537,-0.330977,37.676715,U,FBNZGNUWQ4HXMGWW57W4A57B,2026-05-20T13:17:55
KE_538_2014,538,-0.387891,37.686621,R,2WFZZLH5PQXG3VIOQFPJ2YI5,2026-05-20T13:17:56
KE_539_2014,539,-0.343334,37.699326,U,5CUUHRHCYEPQRQ2FAIRQJVZH,2026-05-20T13:17:56
KE_540_2014,540,-0.362544,37.683074,R,RA4J2XP4HMUE24UUAAH2QTQI,2026-05-20T13:17:56
KE_541_2014,541,-0.342744,37.662761,R,MWBQUI5YVUCHFSBVDMFWDHUV,2026-05-20T13:17:57
KE_542_2014,542,-0.391583,37.644952,R,PF2QGQRK3SEIAG5ID4LPLVRG,2026-05-20T13:17:57
KE_543_2014,543,-0.424525,37.814958,R,QMCB5MKOHRE6RZJUSREKXBCE,2026-05-20T13:17:57
KE_544_2014,544,-0.262807,37.850257,R,L66ER7FAMOAGQSH7O35A4XKB,2026-05-20T13:17:58
KE_545_2014,545,-0.247145,37.598794,R,VUTENUH4XBPC7ESRQOVFUW7D,2026-05-20T13:17:58
KE_546_2014,546,-0.317768,37.718301,R,LGYYURBLUZTARB732D4QPFXL,2026-05-20T13:17:58
KE_547_2014,547,-0.261945,37.634681,R,S265ARNOOZOCP6K6IYKRL7AN,2026-05-20T13:17:59
KE_548_2014,548,-0.226208,37.666291,U,FNNWLVM4PG6XQQQFLJKFYNHY,2026-05-20T13:17:59
KE_549_2014,549,-0.228338,37.749973,R,4LAWMH3NMN2DTJMKN67XL7OY,2026-05-20T13:18:00
KE_550_2014,550,-0.238827,37.620339,U,D3MRG3EZDWDSINRDJZ4P6PD6,2026-05-20T13:18:00
KE_551_2014,551,-0.255498,37.664408,U,433CAZ36LZ2FX2LA267VPDFV,2026-05-20T13:18:00
KE_552_2014,552,-0.26312,37.726166,R,4PHDGA5UZLZPSC7MJH4MRCPE,2026-05-20T13:18:01
KE_553_2014,553,-0.29045,37.722667,R,MBBYDHX2VZNJNG65DMCRL3KC,2026-05-20T13:18:01
KE_554_2014,554,-0.263505,37.652468,R,MG6HREXOGC66G55MGVPXNEXC,2026-05-20T13:18:02
KE_555_2014,555,-0.154915,37.981672,U,725ISLG5V2H2DOYSSUOYEHUK,2026-05-20T13:18:02
KE_556_2014,556,-0.037748,38.002016,R,MVSJY6YTDDFI6AGCRGOL5VJB,2026-05-20T13:18:02
KE_557_2014,557,-0.040081,37.920698,R,UMRTJDUUEYKEA45A4Z2MWTFJ,2026-05-20T13:18:03
KE_558_2014,558,-0.13089,38.057286,R,H5HFPUY5OOMGYKG3CIMIWIY2,2026-05-20T13:18:03
KE_559_2014,559,0.000568,37.992587,R,HJMJLEOMOES4TPD4DZMCYKDY,2026-05-20T13:18:03
KE_560_2014,560,0.021916,38.046437,R,ZMITGXKH66ZRUFYJL2CLRAUC,2026-05-20T13:18:04
KE_561_2014,561,-0.14879,37.848499,R,PIKPXRPK6ITUAH3FWEM2GMKK,2026-05-20T13:18:04
KE_562_2014,562,-0.326295,37.878701,R,7UGVWL3PBBSO4VHNURPR2SB2,2026-05-20T13:18:05
KE_563_2014,563,-0.186193,37.883266,R,IBUQLQMOM2OO4STIW7ZPIMWK,2026-05-20T13:18:05
KE_564_2014,564,-0.549331,37.46028,U,52I2BOLRCIGTG65SAM7BJZYO,2026-05-20T13:18:05
KE_565_2014,565,-0.543565,37.459641,U,GUO536LFVXWOQVWCO4URLE4M,2026-05-20T13:18:06
KE_566_2014,566,-0.545323,37.455645,U,BFJLI23O56PFNIKMTTVEAU2E,2026-05-20T13:18:06
KE_567_2014,567,-0.544259,37.449074,U,6PZFPKFIBB3TLKAQW7A5RFAO,2026-05-20T13:18:06
KE_568_2014,568,-0.527757,37.48083,U,H3L2OXCKUCVNZ5ZJSTWHO6DZ,2026-05-20T13:18:07
KE_569_2014,569,-0.516284,37.454801,U,DHCC6Q7OYOVD27YOTWHM6NKY,2026-05-20T13:18:07
KE_570_2014,570,-0.581036,37.485643,U,PXWWZ322PQWGELLVPINTBXED,2026-05-20T13:18:08
KE_571_2014,571,-0.421793,37.475604,R,KNFHDQ56DXX537UI2BDB7LPM,2026-05-20T13:18:08
KE_572_2014,572,-0.423025,37.482503,R,HIK4RBG7YZVPE323FC4W5YRV,2026-05-20T13:18:08
KE_573_2014,573,-0.441669,37.554673,R,QBGL2A2JSF4NDY2GEJBY77BJ,2026-05-20T13:18:09
KE_574_2014,574,-0.477462,37.448565,R,3S4PWPVLWY3C64AHIAZDWYGX,2026-05-20T13:18:09
KE_575_2014,575,-0.476645,37.484757,R,LHKAHF734PYKFRDLRLP3IRMP,2026-05-20T13:18:09
KE_576_2014,576,-0.444713,37.646818,R,GA4MQL6TRPSQYIK4WWJUUZFI,2026-05-20T13:18:10
KE_577_2014,577,-0.37126,37.553789,U,NG6NJEL5W4E6MR6F4Q6L6VSJ,2026-05-20T13:18:10
KE_578_2014,578,-0.412308,37.611773,R,KDXNDGJEEVU7NFLSWWPZIJA5,2026-05-20T13:18:10
KE_579_2014,579,-0.484662,37.62388,R,XMKG5CNTFYSKMAKJIKYTMYUK,2026-05-20T13:18:11
KE_580_2014,580,-0.462447,37.584034,U,UVO6LIFNVY7VWSEI2SNF7XBU,2026-05-20T13:18:11
KE_581_2014,581,-0.432434,37.573393,U,6CBXU7TTUEBN3MNE7SININ35,2026-05-20T13:18:11
KE_582_2014,582,-0.435796,37.554369,R,3Y4XFS3TG5FNO7LSJNIMDOXL,2026-05-20T13:18:12
KE_583_2014,583,-0.41061,37.539932,R,QHMCFWZZRPKQKMTK7LHVAM3T,2026-05-20T13:18:12
KE_584_2014,584,-0.543542,37.541197,R,AUVGAIMAS26JZFUQGI2QY53E,2026-05-20T13:18:12
KE_585_2014,585,-0.475182,37.477677,R,4CZKRYXPMU2UDPWCTDOIIDIJ,2026-05-20T13:18:13
KE_586_2014,586,-0.482088,37.792884,R,DEDE5RVNABJH7RVQVEP57GMP,2026-05-20T13:18:13
KE_587_2014,587,-0.449393,37.7822,R,MBXWONBJ4XITUHUQIUSOKDKU,2026-05-20T13:18:13
KE_588_2014,588,-0.591828,37.583731,R,CZXRWWTME63IZNAOG72PXYFI,2026-05-20T13:18:14
KE_589_2014,589,-0.733167,37.520082,R,XLD3M4B4RRR5YWVFVFBYXR5V,2026-05-20T13:18:14
KE_590_2014,590,-0.79375,37.400948,R,TH6DXYOTI566HKWC56MCHFK2,2026-05-20T13:18:15
KE_591_2014,591,-0.817949,37.423044,R,N3EBXWZ34ESM7GP5VNK2QWXB,2026-05-20T13:18:15
KE_592_2014,592,-0.684338,37.562383,R,FZP2BXSJQWGDRKLUXYGVKWRU,2026-05-20T13:18:15
KE_593_2014,593,-0.641143,37.613961,R,6CW57RX5UX6CTVXLMFMFHC5S,2026-05-20T13:18:16
KE_594_2014,594,-0.760206,37.669662,R,QSRSFEAL2AO46CPXFGKMCHRF,2026-05-20T13:18:16
KE_595_2014,595,-0.707665,37.718841,R,FTX77EHOFWWE3BNJURXH47Y2,2026-05-20T13:18:17
KE_596_2014,596,-1.42159,37.953235,U,WWROAPDJH5CG7UBX3MQZ7P3O,2026-05-20T13:18:17
KE_597_2014,597,-1.295143,38.073275,U,JLI5EPWFWAUUAX2XNBQL6OY2,2026-05-20T13:18:17
KE_598_2014,598,-1.307842,38.03986,U,XBXNUH3GYGSHTOKP3XQSZSGS,2026-05-20T13:18:18
KE_599_2014,599,-1.355365,38.008072,U,2TJFM44O6PT3NCIL2CKUDIBO,2026-05-20T13:18:18
KE_600_2014,600,-1.397596,37.998989,U,F6E4U2ELMQLZNWTM3ZVOTY7X,2026-05-20T13:18:18
KE_601_2014,601,-1.232403,38.07795,R,U4AYDYJSWINTO2K223TBTRIB,2026-05-20T13:18:19
KE_602_2014,602,-1.32803,37.970683,R,K2R2QIL3337PTD6TVKTOPDEC,2026-05-20T13:18:19
KE_603_2014,603,-1.273152,37.979913,R,D72HYEGE6ZDJTW2HMU4Q4ZEC,2026-05-20T13:18:19
KE_604_2014,604,-1.184392,37.980094,U,2M5HAIFRTRNPMBPOYJCIJDWF,2026-05-20T13:18:20
KE_605_2014,605,-1.233703,37.859444,R,CQGK4IB7EC33WXIC7YQQP4PJ,2026-05-20T13:18:20
KE_606_2014,606,-1.471454,38.133033,U,3BM5HIHOYB5SPTS6LGEYG2PK,2026-05-20T13:18:21
KE_607_2014,607,-1.512591,38.068221,R,J75AWVIMNPOFL2TRTIXO6F3B,2026-05-20T13:18:21
KE_608_2014,608,-1.412857,38.075154,U,ZK6AULHOWQCU3Z4FEDYPZHUB,2026-05-20T13:18:21
KE_609_2014,609,-1.534992,38.092479,R,6K3T3WE2VNYNOROK2I2MDMGM,2026-05-20T13:18:22
KE_610_2014,610,-1.789409,37.911209,R,KZFEZ7TX47NYXY5QBKMQH4E3,2026-05-20T13:18:23
KE_611_2014,611,-1.849476,38.013075,R,K4RTFIOHKXNGVWEMBH6XJD2B,2026-05-20T13:18:23
KE_612_2014,612,-1.478757,38.194676,R,QWBNEEKX3VSH6EY5WQ5ICPU2,2026-05-20T13:18:23
KE_613_2014,613,-1.713196,38.078261,R,HK7QIMQSPMSPHVLFG5DGJ4J7,2026-05-20T13:18:24
KE_614_2014,614,-1.74515,38.092682,R,WUNNR4VNU3JBNCCWE7GIRCY4,2026-05-20T13:18:24
KE_615_2014,615,-1.581242,38.236764,R,Q5B6MIBTS4JOXHSMJTTTUT2Q,2026-05-20T13:18:25
KE_616_2014,616,-2.006364,38.427631,R,A3NIYV6FBHY6YYQNLNOPB3I3,2026-05-20T13:18:25
KE_617_2014,617,-2.155751,38.295147,R,SSCMRWIVIL3Z3CHFQRPQF2X2,2026-05-20T13:18:26
KE_618_2014,618,-0.936233,38.060164,U,PZ6T6CHH7BJDCD4MGPNNZFKL,2026-05-20T13:18:26
KE_619_2014,619,-0.929926,38.051219,U,VSKREMHZVL36QMMJ3LYKVTXG,2026-05-20T13:18:26
KE_620_2014,620,-0.876089,37.9551,R,XRXTZ3EKIPGQDVQMGUH4AJVA,2026-05-20T13:18:27
KE_621_2014,621,-0.797989,38.137333,R,SADYYTPM2Y3J75PUXHBUYFJZ,2026-05-20T13:18:27
KE_622_2014,622,-0.786652,38.290314,R,GCF4DPTRL7EN2QPR6MF7H66N,2026-05-20T13:18:28
KE_623_2014,623,-1.092823,38.025978,R,TFDIF6B5SXZDG4BJYZNTCPQE,2026-05-20T13:18:28
KE_624_2014,624,-1.024224,37.989082,R,WUX62EMQD6CCADXNLOD3GTGT,2026-05-20T13:18:28
KE_625_2014,625,-0.905296,37.86863,R,6RLKGJAI5LVYPPLJNVDLPEH4,2026-05-20T13:18:29
KE_626_2014,626,-0.626376,38.226788,R,JQE2ICMRPMYF2OUOKRTRKFQE,2026-05-20T13:18:29
KE_627_2014,627,-0.6154,38.548466,R,PH5U2LDGJMZSDUS6DGFEJWTX,2026-05-20T13:18:29
KE_628_2014,628,-0.531987,37.952934,R,PZ4ZX3E4GYFBTHORYJH2XJJ7,2026-05-20T13:18:30
KE_629_2014,629,-0.704131,38.046482,R,UU5RIH3GZJEBIH5UGSYXTLDV,2026-05-20T13:18:30
KE_630_2014,630,-1.454578,36.973029,U,L45UBYAKFQXJUOEXVJMUIASY,2026-05-20T13:18:30
KE_631_2014,631,-1.469518,36.967351,U,ODFSDL5VOTYRBYXFLQGQWMU2,2026-05-20T13:18:31
KE_632_2014,632,-1.291955,36.995966,U,PUV5DLTOLZFFT334GXX27Q3T,2026-05-20T13:18:31
KE_633_2014,633,-1.408042,36.946302,U,HOVJPRLQPAFZY4DYQJSPT7FS,2026-05-20T13:18:32
KE_634_2014,634,-1.382837,36.944226,U,FE3WF7AQZ6TVOASS35SYZSBF,2026-05-20T13:18:32
KE_635_2014,635,-1.391189,37.24523,U,KGRDW4VLIXBPRT3BXI36SV2Z,2026-05-20T13:18:32
KE_636_2014,636,-1.570985,37.234407,U,2V5OO36XQ5JSKXVBQQ3DGOS4,2026-05-20T13:18:33
KE_637_2014,637,-1.472537,37.286328,U,PHD3CSUQNWJNTSATLS5HGFLE,2026-05-20T13:18:33
KE_638_2014,638,-1.521235,37.295831,U,ZXXD4VBLRBT523F3GZQFYP3E,2026-05-20T13:18:34
KE_639_2014,639,-1.539372,37.250088,U,ZL5I7Q7KCPAIBR43RVH3BGVT,2026-05-20T13:18:34
KE_640_2014,640,-1.36106,37.273127,R,ZXKKZOE7R4THOQHWNEP4YIUC,2026-05-20T13:18:34
KE_641_2014,641,-1.418263,37.317885,U,DNXGTLDJHWT6ZJ3AXWMT6E6O,2026-05-20T13:18:35
KE_642_2014,642,-1.413597,37.300353,R,OREY55232CIFTQJXD3XKR47X,2026-05-20T13:18:35
KE_643_2014,643,-1.48385,37.325185,R,4YHSGOWG3KYYLHIYTT2MFFKV,2026-05-20T13:18:36
KE_644_2014,644,-1.612201,37.370602,R,6IFZAJXG23KF7DRHHGXA234A,2026-05-20T13:18:36
KE_645_2014,645,-1.317644,37.385279,R,P23NEB6PCMMEFFWRX465A34P,2026-05-20T13:18:37
KE_646_2014,646,-1.196755,37.355968,R,LY5W7H3BIB6MU5BMEAAMIKMO,2026-05-20T13:18:38
KE_647_2014,647,-1.416673,37.392972,R,T5USTN3OCXGPP4WW2QOFMSJ5,2026-05-20T13:18:39
KE_648_2014,648,-1.392948,37.483173,R,JPVA75QLZGTPKWIY63ASQFKW,2026-05-20T13:18:39
KE_649_2014,649,-1.480115,37.539295,R,7UQSGIMDYPHB7ZTWEHHFT7DZ,2026-05-20T13:18:39
KE_650_2014,650,-1.516178,37.671922,R,7E5EYTUFNYHM67SF2P6TUAP4,2026-05-20T13:18:39
KE_651_2014,651,-0.895003,37.746193,R,3VTXC6ZFQHDWPK6ROF5ZTXSF,2026-05-20T13:18:40
KE_652_2014,652,-0.963075,37.617061,R,ODMD7I427BEVIK4FAGRPG6CY,2026-05-20T13:18:40
KE_653_2014,653,-0.968931,37.371851,R,BXVQPRV5E463UH54IUHTTPAK,2026-05-20T13:18:41
KE_654_2014,654,-0.905137,37.340838,R,FTKDRWDOLQ2GXKN6FX4VTP5M,2026-05-20T13:18:41
KE_655_2014,655,-1.138547,37.479568,U,HX5KQLPHPKEQ57FLJEWEXXNT,2026-05-20T13:18:41
KE_656_2014,656,-1.153829,37.532197,U,CJSVHWGF3L5RBWAPMLAJ6TRD,2026-05-20T13:18:42
KE_657_2014,657,-1.083816,37.449079,R,QKGNB54MDFUHJQALQCJNHGZD,2026-05-20T13:18:42
KE_658_2014,658,-1.352095,37.661925,R,4OHZMC4374NZ2N7QNMR7V7HO,2026-05-20T13:18:42
KE_659_2014,659,-1.42282,37.796186,R,I6YS6PA534KD2RM4ECWZUWGL,2026-05-20T13:18:43
KE_660_2014,660,-1.348697,37.362045,U,I5M32DEU4Z2JVDUNPYHHH5RR,2026-05-20T13:18:43
KE_661_2014,661,-1.337319,37.383537,U,7OIGCWVXVRV6VAJWHG262A2V,2026-05-20T13:18:43
KE_662_2014,662,-1.243315,37.260067,U,BJKONWFLQSGF35JURLWNH7VE,2026-05-20T13:18:44
KE_663_2014,663,-1.26249,37.306336,U,OZAJ7AQBB45AAXNJSYNI2OR2,2026-05-20T13:18:44
KE_664_2014,664,-1.229274,37.353598,U,GVMP5U4CJ4GYFXIPGHLGPZ4H,2026-05-20T13:18:45
KE_665_2014,665,-1.139872,37.273967,U,UFDB6UMMEO5AJ5NAABS77KM2,2026-05-20T13:18:45
KE_666_2014,666,-1.704569,37.58845,U,2TR5SR37FAOZJCCTWCL75675,2026-05-20T13:18:45
KE_667_2014,667,-1.721319,37.290695,R,MDPVUDXSIVF3LID4TNPKIACG,2026-05-20T13:18:46
KE_668_2014,668,-1.89035,37.414702,R,Y227BK5VBK2J6I33RVKXLE3X,2026-05-20T13:18:46
KE_669_2014,669,-1.812395,37.363757,R,OTLMIBCUANIHO6UXCSGPAQSF,2026-05-20T13:18:46
KE_670_2014,670,-1.801635,37.362263,U,IW2UCRNGN2HKRJQXM3W5CIEK,2026-05-20T13:18:47
KE_671_2014,671,-1.813839,37.401138,R,TDRCAAPRWZA7USP3NVQO4FAZ,2026-05-20T13:18:47
KE_672_2014,672,-1.795983,37.633295,U,VYT7EAMBAFI5C6GEVX35D3UW,2026-05-20T13:18:47
KE_673_2014,673,-1.891727,37.600768,U,45TE5KX2JVUYFZH3KVEVO4CR,2026-05-20T13:18:48
KE_674_2014,674,-1.896272,37.623576,U,IOFSM6QEQ2RVKU3IEXZRC63Y,2026-05-20T13:18:48
KE_675_2014,675,-1.763968,37.688114,U,3FQA4LHC543KCDNFMXI5ZGBX,2026-05-20T13:18:48
KE_676_2014,676,-1.832184,37.816308,R,BY4SY2E2LYILCEOXTQGSXHUY,2026-05-20T13:18:49
KE_677_2014,677,-1.673889,37.692251,R,JNYNML73XH6GXZH2VY7LGSFO,2026-05-20T13:18:49
KE_678_2014,678,-1.653898,37.634529,R,DIGZHVYGH2IY4C7WIUF4XDSK,2026-05-20T13:18:50
KE_679_2014,679,-1.529678,37.463799,R,O5ZQMQHFB3MYH2MPG5GLXFOX,2026-05-20T13:18:50
KE_680_2014,680,-1.549952,37.40745,R,CPRXAGJW3ZSMFGZX5ZNDOSD2,2026-05-20T13:18:50
KE_681_2014,681,-1.646705,37.494122,R,UNTMHWHNC247DA5HQ66OJW2V,2026-05-20T13:18:51
KE_682_2014,682,-1.754687,37.49204,R,VFFLHS7TTQEVDAMYC2FOZKAS,2026-05-20T13:18:52
KE_683_2014,683,-2.685938,38.158283,U,GC77JZZKG3WMFD4XDS7QC5LU,2026-05-20T13:18:52
KE_684_2014,684,-2.545405,38.111024,R,QQE7J34UL6OEM3F2RXAUR5E6,2026-05-20T13:18:52
KE_685_2014,685,-2.716105,38.016288,R,NV4QPV7XQQ6IAXBZZV43DWCM,2026-05-20T13:18:53
KE_686_2014,686,-2.586933,38.122885,R,VO636HPGDOSSYMYVGIB6FCXF,2026-05-20T13:18:53
KE_687_2014,687,-2.276143,37.817825,U,AOHEQ2CYZV7PPFX74735GDPF,2026-05-20T13:18:54
KE_688_2014,688,-2.325797,37.854934,R,VSUMEVBB7SCA5WTH24UVX4TA,2026-05-20T13:18:54
KE_689_2014,689,-2.527858,37.962431,R,2IX5LG6E4GPW6JJWV7TOF2OZ,2026-05-20T13:18:54
KE_690_2014,690,-2.533305,37.93016,R,RQLY56AJSKHNEOOH6D6ZSHHP,2026-05-20T13:18:55
KE_691_2014,691,-2.17842,37.967673,R,KF5WPI542KD4NDCVCM6NADFW,2026-05-20T13:18:55
KE_692_2014,692,-2.452408,38.047874,R,YYACN7K7Z4FV3Y2FWHMNBCRQ,2026-05-20T13:18:55
KE_693_2014,693,-1.90501,37.3585,R,ZBQNP6FKHYMIAKDZHQJANLYI,2026-05-20T13:18:56
KE_694_2014,694,-1.946618,37.320474,R,5MYQTXKCWG2UKQLRTZ76QKUH,2026-05-20T13:18:56
KE_696_2014,696,-1.985316,37.422072,R,W3UK4I26EOKCDM37H43ZWQ5J,2026-05-20T13:18:56
KE_697_2014,697,-2.080372,37.53092,R,BXCNAW3EBEPKQKMYBJLEJZWF,2026-05-20T13:18:57
KE_698_2014,698,-2.082994,37.471616,U,QCQGPRUIM3CMX532UCNCPC5P,2026-05-20T13:18:57
KE_699_2014,699,-2.120693,37.567053,R,RD4BK2I2BHKR246QXAMAUUCJ,2026-05-20T13:18:57
KE_700_2014,700,-0.454445,39.655837,U,PUKJJUR4C5ODSLJS4BYU7PZL,2026-05-20T13:18:58
KE_701_2014,701,-0.458232,39.636497,U,I34W4YQ4C2IS22S7BMPUDC5F,2026-05-20T13:18:58
KE_702_2014,702,-0.427119,39.624902,U,WTIRACWNJGSFKQ6BASD2P5S7,2026-05-20T13:18:58
KE_703_2014,703,-0.440805,39.633523,U,5SYZGN424HCIJ3AJUYNFFS6H,2026-05-20T13:18:59
KE_704_2014,704,-0.430331,39.64313,U,YBPGULW3JGHFXF63JMAC5SCO,2026-05-20T13:18:59
KE_705_2014,705,-0.468206,39.63916,U,Q6AXN4SGZKDPX5AEKDWV6WDA,2026-05-20T13:19:00
KE_706_2014,706,-0.476895,39.650839,U,QWIZHOBKBZKUK5TECX3F7K7B,2026-05-20T13:19:00
KE_707_2014,707,-0.457714,39.665696,U,4RDESQLNX2DISM3QPA7U2JC6,2026-05-20T13:19:00
KE_708_2014,708,-0.458459,39.641646,U,KGAYHTIWF3AX2CKFKILKZKJ4,2026-05-20T13:19:01
KE_709_2014,709,-0.058799,39.275261,R,SSA6XS6LHD7VHKQCGWLEKG7X,2026-05-20T13:19:01
KE_710_2014,710,-0.242516,39.496854,R,3NBJUSQGMQDPMZEQUF6PLGKC,2026-05-20T13:19:01
KE_712_2014,712,0.204568,38.859705,R,ZQW4UZRSFYGOA7B74EGY4MWZ,2026-05-20T13:19:02
KE_714_2014,714,0.37825,38.745586,R,YVDYRB7CI3D2GZQKZ3LPD3DN,2026-05-20T13:19:02
KE_715_2014,715,0.415822,39.274398,R,NCEUATHYRURJWJTOJOULFGWK,2026-05-20T13:19:02
KE_716_2014,716,0.598073,39.137667,R,GSU74JC5BREZZCOMKVZOMLOK,2026-05-20T13:19:03
KE_717_2014,717,0.72355,39.189721,R,4YLOVE7MMS6VDRMES63MIHYF,2026-05-20T13:19:03
KE_718_2014,718,0.288989,39.589534,R,CDGCQZ6XKYMFDG2ONKCBZQ3Z,2026-05-20T13:19:04
KE_719_2014,719,0.150229,39.681839,R,Z7ZYDN7JA4EJRWL47GSLXJ5Y,2026-05-20T13:19:04
KE_720_2014,720,0.258031,40.186981,R,I7JDNUNYJDSTCJ5YACPCW5OJ,2026-05-20T13:19:04
KE_721_2014,721,0.041764,40.295984,U,TUO7Q7BLQS7HK7T76DKUHKWT,2026-05-20T13:19:05
KE_722_2014,722,0.155825,40.506317,R,BV4S7I33GA6MIXAH6GROT7X7,2026-05-20T13:19:05
KE_724_2014,724,-0.658514,40.026117,R,UABQXHLYFAWQ6EA36MHE6FNC,2026-05-20T13:19:05
KE_726_2014,726,-0.185354,40.02221,R,4I5DPC3GK76B75PBPKHMJQYA,2026-05-20T13:19:06
KE_727_2014,727,-1.200976,40.999991,R,AMWHPZWUUOIWEHBWGCBHQPGV,2026-05-20T13:19:06
KE_728_2014,728,-1.685928,40.592236,R,ARONAVIR44BMSED3JQ3KJ6IE,2026-05-20T13:19:07
KE_729_2014,729,-1.319721,40.690411,R,BDRFRRDVJCKUHVQKS7H56YWJ,2026-05-20T13:19:07
KE_730_2014,730,-1.6991,40.166284,U,WM3TH3VLUDGWZVGLTR73JZW5,2026-05-20T13:19:07
KE_731_2014,731,-1.689187,40.170556,U,INQTTGKE4IHSMZPBLU5ZCEXM,2026-05-20T13:19:08
KE_732_2014,732,-1.834079,40.193816,R,VHV3CWCWRDNWMBOXWTVPTFWZ,2026-05-20T13:19:08
KE_733_2014,733,-1.642286,40.42262,R,LJHTKHXYNNHO5IMTMP2TIR2Q,2026-05-20T13:19:08
KE_734_2014,734,1.506978,40.525738,R,W5YW24ZAXKSOUKIFZHCNNMUT,2026-05-20T13:19:09
KE_735_2014,735,0.906832,40.93322,R,OVGHFWFKKS3OSMDCEILDBPAS,2026-05-20T13:19:09
KE_736_2014,736,0.614426,40.619684,R,73G4RFYSBFGWAZUGWWKARIWR,2026-05-20T13:19:09
KE_737_2014,737,0.270993,40.437182,R,WH2Y47VOGDWDRM7XR6OHHICH,2026-05-20T13:19:10
KE_738_2014,738,0.637567,39.901649,R,LQTQVRGJAK7Z4CK6U6N2SO36,2026-05-20T13:19:10
KE_739_2014,739,1.030099,39.531933,U,EGCXU4F3QSBGOJ7WOKLZWLMI,2026-05-20T13:19:11
KE_741_2014,741,3.262466,39.344786,R,JCAMR4RHUFSEOFXIXPTJIZPK,2026-05-20T13:19:11
KE_742_2014,742,2.826152,39.535415,R,QOFLGS4MWKKP2COQPQCRE6JX,2026-05-20T13:19:11
KE_743_2014,743,2.524476,39.610838,R,ERQL3P4J7KKFC32AL46E56JT,2026-05-20T13:19:12
KE_744_2014,744,3.233338,39.639381,R,C642JCJIKE55BFEUWIIQHQ6G,2026-05-20T13:19:12
KE_745_2014,745,3.333575,39.761966,R,TODTKKJSAL3UP4C73WBSAFBY,2026-05-20T13:19:13
KE_746_2014,746,1.748496,40.060128,U,5O33UJ4SUVZ6RN2OLUU4CQJG,2026-05-20T13:19:13
KE_747_2014,747,1.732988,40.050532,U,7RNWZHN3IWYHGXOR5FAYXDN3,2026-05-20T13:19:14
KE_748_2014,748,1.762477,40.031926,U,J3CVQIA6ZLO2WPT4XE5F5HEW,2026-05-20T13:19:14
KE_749_2014,749,1.735749,40.047056,U,YH5T6V5C7Y52O2YCB2JWHVT5,2026-05-20T13:19:15
KE_750_2014,750,1.762255,40.04892,U,ULZCCXKRMUTDSGRIA4H7X4HZ,2026-05-20T13:19:15
KE_751_2014,751,1.759407,40.040284,U,RTY4YPCNQMUWG6BSEIGC7OOC,2026-05-20T13:19:15
KE_752_2014,752,1.749335,40.079789,U,C6R2BPPPRTBU3O5V3RQTO55C,2026-05-20T13:19:16
KE_753_2014,753,1.783209,40.109061,U,RJCYC2MN56KKNCU6KM27ZBFB,2026-05-20T13:19:16
KE_754_2014,754,1.742253,40.087625,U,NHG6Z343OMGDHV4PIDA3WK5F,2026-05-20T13:19:16
KE_755_2014,755,1.737204,40.056995,U,TMHM3D5JDYLE2BVPIKW5Y3T3,2026-05-20T13:19:17
KE_756_2014,756,1.731009,40.052482,U,7YSSXZV2GQ3FUYRWPUJOY7UR,2026-05-20T13:19:17
KE_757_2014,757,1.771594,40.240862,R,LMZSLHR7IJPSQHYRUBE43FZB,2026-05-20T13:19:17
KE_760_2014,760,2.931557,40.223219,R,GKW2E6JOYJHABATPNEVFVIWG,2026-05-20T13:19:18
KE_761_2014,761,1.944362,40.313946,R,UVI4IRMPPCO72RDBDIGT2CU2,2026-05-20T13:19:18
KE_762_2014,762,2.430104,39.260371,R,7X6UMNS5M2LCI33IZOSF5SJN,2026-05-20T13:19:18
KE_764_2014,764,1.639775,39.872626,R,JXTJ6Q3ZMPJCQ577Q2SLA6JS,2026-05-20T13:19:19
KE_766_2014,766,1.638288,39.422847,R,FWSXAQZMTXC3GDMG255R7C23,2026-05-20T13:19:19
KE_768_2014,768,3.48595,40.952211,R,3RBD7MCWQGUL65ONQJQGQGT7,2026-05-20T13:19:20
KE_769_2014,769,3.933325,40.775623,R,GTMQ6IZT6KNM6URXA6P6PIT7,2026-05-20T13:19:20
KE_770_2014,770,2.816252,40.918708,R,AWTIDCQKA64HYDX5MZZWO4U6,2026-05-20T13:19:20
KE_771_2014,771,2.807249,40.923599,U,DYVCEBMIHXYERUOK2NU7PFQT,2026-05-20T13:19:21
KE_772_2014,772,2.790405,40.918588,U,4GWRIP6FCBKOI7KPC36JLGUZ,2026-05-20T13:19:21
KE_773_2014,773,2.86225,40.856728,R,E5GJZBHU6QBNE4ATI7YQITCK,2026-05-20T13:19:21
KE_774_2014,774,2.83275,40.918399,U,TFBQVTCETCTQ2ZV7EKQHVNZP,2026-05-20T13:19:22
KE_775_2014,775,2.722217,40.796932,R,RP6D62Z5C6WHYIPP5XSSPN3V,2026-05-20T13:19:22
KE_776_2014,776,2.535293,40.890612,R,Y2XYNTH7YIVXZRJCVS5VRSJ3,2026-05-20T13:19:22
KE_777_2014,777,2.639338,40.680457,R,WIXAUFNNMSWH2BTV2FOM3GKS,2026-05-20T13:19:23
KE_778_2014,778,3.930243,41.225423,U,KCCMREH6JKPLC7QFJ26QRN6I,2026-05-20T13:19:23
KE_779_2014,779,3.941672,40.881635,R,JXJOEG5OCZZMDIPOQRDCOVUN,2026-05-20T13:19:23
KE_780_2014,780,2.953971,40.376952,R,Q425P44732GBVMTVEDIPKBYG,2026-05-20T13:19:24
KE_781_2014,781,3.02255,40.444771,R,FWSLPUMA55SKHQOTJMQ4BCIS,2026-05-20T13:19:24
KE_782_2014,782,2.954219,40.800789,R,IHVDR2FGA7LDV6ZK4JOZTY2Q,2026-05-20T13:19:25
KE_783_2014,783,3.16276,41.072253,R,VW7SMB377KXU55CRHPO333JD,2026-05-20T13:19:25
KE_784_2014,784,3.226058,41.294533,R,YEG5AT7KKLQPPL7TKKGTJSAR,2026-05-20T13:19:25
KE_785_2014,785,3.425329,40.943983,R,WYNB7G7XNX3PMHEG767TJ6TU,2026-05-20T13:19:26
KE_786_2014,786,3.570919,41.553871,R,QGDIKOF52PXYD2ZUJ3CF4J7B,2026-05-20T13:19:26
KE_787_2014,787,3.820418,41.420771,R,JNVMV5VSP7QEGRGUNUMU627Z,2026-05-20T13:19:27
KE_788_2014,788,3.927921,41.590788,R,A5JPPV37766HZJ3FIV4JCX5F,2026-05-20T13:19:27
KE_789_2014,789,3.945475,41.854088,U,Y6YTU6FKCTFUKMQOBYVHMSUQ,2026-05-20T13:19:27
KE_790_2014,790,3.944343,41.847418,U,M45MUT6XAGUUSKETU2TNJGNR,2026-05-20T13:19:28
KE_791_2014,791,3.937734,41.877195,U,6N6KPRE6FOCBQWCCPVRHPT5N,2026-05-20T13:19:28
KE_792_2014,792,3.922731,41.846126,U,KRTRSARBCNTMM3AOQUUM3M3Y,2026-05-20T13:19:28
KE_793_2014,793,3.938649,41.783005,U,QFSAN4GXOUD7W3W4JLYVSJHH,2026-05-20T13:19:29
KE_794_2014,794,3.918647,40.375932,R,LKWJU7PCGWY7PJEXYSCHCLW7,2026-05-20T13:19:29
KE_795_2014,795,3.883508,40.166019,R,53D2VM457ZQ55SRVL6GIRBOQ,2026-05-20T13:19:30
KE_796_2014,796,3.850586,39.99367,R,HMJYWCG6QGE2MXKTZADRMNWV,2026-05-20T13:19:30
KE_797_2014,797,3.513137,39.8018,R,QQTHIFJHDEPGR5OIGGUCEA2Q,2026-05-20T13:19:30
KE_798_2014,798,3.713395,39.960481,R,QS22XP262E5YPTWUTHYKD2QU,2026-05-20T13:19:31
KE_799_2014,799,4.184571,40.688847,R,F7QT2ZD74SX6LVFTQZNIDMAH,2026-05-20T13:19:31
KE_801_2014,801,3.398805,40.221922,U,2UBOMLTXUJ4AODLYUVF2S6U2,2026-05-20T13:19:32
KE_802_2014,802,0.138749,34.2298,R,62IA6M5IM7LKT2XP3CNUDDNW,2026-05-20T13:19:32
KE_803_2014,803,0.143366,34.299906,R,PDQSQOWICL2SROKV2OJAXBTP,2026-05-20T13:19:32
KE_804_2014,804,0.047462,34.275533,U,6M6ZPDL6YOS4OFTNNPE3GWXE,2026-05-20T13:19:33
KE_805_2014,805,0.066367,34.282932,U,2NLG5DX4KGFZXUIQFIJ4JPNE,2026-05-20T13:19:33
KE_806_2014,806,0.059374,34.295319,U,IWV4V6D4UUNWOIBERYZGIJEL,2026-05-20T13:19:33
KE_807_2014,807,0.02778,34.306124,R,GAWNSTUBJLOTGN4PEWDZ45IW,2026-05-20T13:19:34
KE_808_2014,808,-0.045949,34.297869,R,JWNH3W73I6BMU7R32TPZU2IQ,2026-05-20T13:19:34
KE_809_2014,809,0.085733,34.167543,R,TJWKSAQPRYMSOYVQTEVKPWLO,2026-05-20T13:19:35
KE_810_2014,810,0.123982,34.10069,R,R7YWQUA2KBJGFGGE53UGQHRO,2026-05-20T13:19:35
KE_811_2014,811,0.266462,34.154096,R,SGSEWS7CQDP4GRU4OFNJRFZE,2026-05-20T13:19:35
KE_812_2014,812,0.282645,34.23403,R,KPZKBFGGZW4ZF6EDTADFSMIC,2026-05-20T13:19:36
KE_813_2014,813,0.161909,34.274359,R,DST265KLL3HWCOVI3CHI5W5R,2026-05-20T13:19:36
KE_814_2014,814,0.137155,34.255292,R,WUOIIJ7HUQPFMRGYLPHEAFCU,2026-05-20T13:19:36
KE_815_2014,815,0.162692,34.276691,R,IB4OEAOTZZNBD5OP65TOFR46,2026-05-20T13:19:37
KE_816_2014,816,0.174059,34.291056,U,LHXL2BJC2WPOGICY5UT566FG,2026-05-20T13:19:37
KE_817_2014,817,0.241883,34.365844,R,ITOLPMBQHUGB23AS7RMAF6C2,2026-05-20T13:19:38
KE_818_2014,818,0.079429,34.528511,R,FUJVDSF66WVWJFUB5UZWVHZA,2026-05-20T13:19:38
KE_819_2014,819,0.116886,34.433967,R,UHJY2GSBFXYBQTVLVHED5ADE,2026-05-20T13:19:38
KE_820_2014,820,0.064366,34.49753,R,AI4WR3OP6IXDGVH5P5YXIACY,2026-05-20T13:19:39
KE_821_2014,821,0.024582,34.406253,R,IOHD5ONGTWBT76CK5NAAFVLT,2026-05-20T13:19:39
KE_822_2014,822,-0.097559,34.269893,U,O6EVPRNDWTOEPZS67EGUI5Q6,2026-05-20T13:19:39
KE_823_2014,823,-0.099599,34.26874,U,FMA2JF4JE4BC5JZOGF6KDXRH,2026-05-20T13:19:40
KE_824_2014,824,-0.094402,34.283453,U,5VSSNRSEZ2HQLKZQUMK5SUEA,2026-05-20T13:19:40
KE_825_2014,825,-0.076695,34.23439,R,CB3JGOLQOZ7RWAVFTBHP7FJ3,2026-05-20T13:19:41
KE_826_2014,826,-0.139794,34.242502,R,C7PIO2LAWV4WXRR7QMOYHCZQ,2026-05-20T13:19:41
KE_827_2014,827,-0.044115,34.062398,R,VRAJVVJ4OAH6X37JIP5H6JP7,2026-05-20T13:19:42
KE_828_2014,828,-0.022987,34.076254,R,WPG52C3GIK4HSKMNBSSIPOWD,2026-05-20T13:19:42
KE_829_2014,829,-0.058701,34.054137,U,U6P47MA3IA4BGZBFPYAGHSRS,2026-05-20T13:19:43
KE_830_2014,830,-0.174675,34.388051,R,XWCJDSA7EKWHTV6KVVUKQJ5G,2026-05-20T13:19:43
KE_831_2014,831,-0.062453,34.381041,U,K3FSHSXX3QS5VVJLDUF5RG3S,2026-05-20T13:19:43
KE_832_2014,832,-0.184669,34.395803,R,ETVYR4K5V6FWQVHYEHLEIU2A,2026-05-20T13:19:44
KE_833_2014,833,-0.121991,34.333359,R,JCZEVNJGXXZ6ENYT5CNOLCHX,2026-05-20T13:19:44
KE_834_2014,834,-0.267824,34.368393,R,ZSRVYBPIII4MCSMETGFQINL4,2026-05-20T13:19:45
KE_835_2014,835,-0.394181,34.300305,R,OYJE5VYVN3ROSYVYTHGIDSD5,2026-05-20T13:19:45
KE_836_2014,836,-0.09437,34.769494,U,NAMT5TXV7G5MEPY7JFQFMJLR,2026-05-20T13:19:45
KE_837_2014,837,-0.081928,34.741478,U,R4ERJJRIFH4PX4E3FJE4RMEP,2026-05-20T13:19:46
KE_838_2014,838,-0.100399,34.794115,U,SN6OEO5DEGTRXRRN2Y6EBD55,2026-05-20T13:19:46
KE_839_2014,839,-0.078803,34.758013,U,GV2DPXVZZDOI77XAMMD7NVYI,2026-05-20T13:19:47
KE_840_2014,840,-0.088524,34.801769,U,5Q653BER6QRMO4JEUJNPGVGY,2026-05-20T13:19:47
KE_841_2014,841,-0.124193,34.759039,U,R4F4X76K4IBGR5KD5JKC6ULE,2026-05-20T13:19:48
KE_842_2014,842,-0.102448,34.762477,U,DM3WPJK4TU522B3U2ORFGQQ3,2026-05-20T13:19:48
KE_843_2014,843,-0.120058,34.787618,U,KQHIHR6G6TYEXJMENMUVJ25T,2026-05-20T13:19:48
KE_844_2014,844,-0.066797,34.700391,U,O74GOD3N26ARKNN4MYW72HGO,2026-05-20T13:19:49
KE_845_2014,845,-0.080882,34.745286,U,BO6BBWOWD6DG6N2XSGMY67G4,2026-05-20T13:19:49
KE_846_2014,846,-0.06273,34.763563,U,ZWYCNX2MLT3YLNYB4ZVNSNAN,2026-05-20T13:19:49
KE_847_2014,847,-0.031037,34.684937,U,DRHTOH52MNAWGTMAG4FVJLP3,2026-05-20T13:19:50
KE_848_2014,848,-0.053412,34.776637,U,KLJG7MJGLISWZMBVQBI5YMWG,2026-05-20T13:19:50
KE_849_2014,849,-0.232065,34.815707,R,QN7KMZXNFOWBJUJI25NC5BST,2026-05-20T13:19:51
KE_850_2014,850,-0.164401,34.826028,R,AUVGZ53FXMCPDCOB2POBSYB5,2026-05-20T13:19:51
KE_851_2014,851,-0.009652,34.641158,R,QULEOU4HK2X5AXC5FNGUFIHS,2026-05-20T13:19:52
KE_852_2014,852,-0.133366,34.617015,R,TSJO4O6KE7INEKABU7BUGUQ4,2026-05-20T13:19:52
KE_853_2014,853,-0.043547,34.640593,R,MSSS4UIL4OTEVGCGTIGQB3TS,2026-05-20T13:19:52
KE_854_2014,854,-0.074951,34.498248,R,DKWTIUZI2POY7ZW4I662VN66,2026-05-20T13:19:53
KE_855_2014,855,-0.13303,34.47001,R,VQCSTBYS2X6JPEXXVQNLUAQ5,2026-05-20T13:19:53
KE_856_2014,856,-0.11811,34.523154,R,MVCOW4OD6KWBLXUDGB5634SS,2026-05-20T13:19:54
KE_857_2014,857,-0.138341,34.986444,R,XS2AHKKR7GL3WQAV5CH7HQMB,2026-05-20T13:19:54
KE_858_2014,858,-0.1185,35.016995,R,7PN6RLQOMVUQSFAE36H6BCNG,2026-05-20T13:19:54
KE_859_2014,859,-0.132399,34.926823,R,MWDURL2SAVAWHMV4HQ5SSXPK,2026-05-20T13:19:55
KE_860_2014,860,-0.091983,35.145513,U,SAADYVXS4SMYOBNJ6HL5UNL7,2026-05-20T13:19:55
KE_861_2014,861,-0.172847,35.284183,U,T2LVCTVWPBHKLGTSJVM54MZB,2026-05-20T13:19:56
KE_862_2014,862,-0.091254,35.174043,R,WTSCKR7M6F4SJWBOFPPAXXUR,2026-05-20T13:19:56
KE_863_2014,863,-0.202136,34.948122,U,5INLLYKQEE65FSFWT4CXW4MW,2026-05-20T13:19:56
KE_864_2014,864,-0.223924,34.973356,U,WL5SFGWC6OMZX5PM4ISBG5AJ,2026-05-20T13:19:57
KE_865_2014,865,-0.309905,34.798759,R,M63CRRWIBAERC67I5YZ7QNP5,2026-05-20T13:19:57
KE_866_2014,866,-0.360366,34.930961,R,CLGXDRXPQN4QS4PTKGSLXEDK,2026-05-20T13:19:57
KE_867_2014,867,-0.330903,34.796293,R,T5NWU2DB6WSCC4WF6NPHHBVB,2026-05-20T13:19:58
KE_868_2014,868,-0.236609,34.864351,R,OOJDMCJ3RD3LFTHLOYQEHQ4Y,2026-05-20T13:19:58
KE_869_2014,869,-0.243409,34.920398,R,3ADZILQI3GSXFDGRGPEI2EZS,2026-05-20T13:19:58
KE_870_2014,870,-0.283467,34.976926,U,MV5ZMK6NBRIJNE3XPM24BL4K,2026-05-20T13:19:59
KE_871_2014,871,-1.066089,34.463777,U,GCXYX5N5VRJNWEXWDNUSWCXG,2026-05-20T13:19:59
KE_872_2014,872,-1.093901,34.518664,R,W643BXLIN6LQ4WWRLWORIN6P,2026-05-20T13:20:00
KE_873_2014,873,-1.094678,34.464601,U,TNUWO75IOSYGJYNSPADPHBYK,2026-05-20T13:20:00
KE_874_2014,874,-1.067843,34.464298,U,R436A3NU4MQ3KNIMKUPIQWWX,2026-05-20T13:20:01
KE_875_2014,875,-1.055966,34.446678,U,DR26F4YYM7D4V5IEZHLU2CW7,2026-05-20T13:20:01
KE_876_2014,876,-1.057541,34.26778,R,QSKKRQML23K6AYL3B5EKTZI5,2026-05-20T13:20:01
KE_877_2014,877,-1.105006,34.392385,R,XW4HTLGMF7U3R6KNWVLMNLE2,2026-05-20T13:20:02
KE_878_2014,878,-0.944094,34.299313,R,4H2METWWIACGPTYZQZTOC23A,2026-05-20T13:20:02
KE_879_2014,879,-0.939973,34.14151,R,UC2JCOUR2WPSUMYH7KCGB72Q,2026-05-20T13:20:03
KE_880_2014,880,-1.052997,34.254425,R,VB6BPM332LK2PMNCT4SCZT2E,2026-05-20T13:20:03
KE_881_2014,881,-0.848447,34.287904,R,ORWCJZ7NQNG6MDCSYAIYQ4OO,2026-05-20T13:20:04
KE_882_2014,882,-0.832691,34.164287,U,4YN7AEG7O3TDIPPX3CWDUB66,2026-05-20T13:20:04
KE_883_2014,883,-0.752505,34.623826,U,4EJCIKJUZ2LYTPHFXJ6NBYUA,2026-05-20T13:20:04
KE_884_2014,884,-0.885667,34.607629,R,TC4H7ECHRPFHQ6J3WXEJ4BFV,2026-05-20T13:20:05
KE_885_2014,885,-0.718213,34.561011,U,3U5J7ABQ7X43773JVH27Y6VJ,2026-05-20T13:20:05
KE_886_2014,886,-0.920352,34.606773,R,GYFE4TS64TOJWLGT4KTXINMV,2026-05-20T13:20:06
KE_887_2014,887,-0.714712,34.636064,U,Y6522YG3J4M2RSI5FKXSAGRQ,2026-05-20T13:20:06
KE_888_2014,888,-0.661671,34.630472,U,CHH7GXDJN4DVKZLOCDIJBCFU,2026-05-20T13:20:06
KE_889_2014,889,-1.043513,34.527248,R,3UJGTVHP4FPK4EAQM6MKRUPK,2026-05-20T13:20:07
KE_890_2014,890,-0.926897,34.479431,R,UYJZKC5TIDEPO5JB7NJ676YU,2026-05-20T13:20:07
KE_891_2014,891,-0.933037,34.457781,R,A3FC6W7OJD5RTQOXECMMBPOK,2026-05-20T13:20:08
KE_892_2014,892,-0.979191,34.369895,R,R3HCGKCBMMTKXWSGW5R5RIRI,2026-05-20T13:20:08
KE_893_2014,893,-0.855366,34.564983,U,VXCDX2SCIIPBPOVKJBMXJNFW,2026-05-20T13:20:08
KE_894_2014,894,-0.844898,34.580565,U,GDADUIHPL4RGOH3WRYQ6DP5P,2026-05-20T13:20:09
KE_895_2014,895,-0.910417,34.543607,U,GI35CFJ3FPI2IMU6NGAOEZGH,2026-05-20T13:20:09
KE_896_2014,896,-0.8057,34.552448,U,5OZ2AXEAAQRQ5NYFTQKKB6TG,2026-05-20T13:20:09
KE_897_2014,897,-0.907212,34.582048,U,SG2LI47EOSEU5XS6WJQE2GTG,2026-05-20T13:20:10
KE_898_2014,898,-1.248365,34.486299,U,CXVPSHUDCSNYJIXCIOLTDQH5,2026-05-20T13:20:10
KE_899_2014,899,-1.224197,34.514038,R,YJYWFIZKJAB3X27QUQS26CXX,2026-05-20T13:20:11
KE_900_2014,900,-1.240704,34.501323,R,OCQWK5JB5CKUJZNZBXVJ7XGK,2026-05-20T13:20:11
KE_901_2014,901,-1.237639,34.585219,R,BN5LPMNE3MFHIQTSSCG7SOFR,2026-05-20T13:20:12
KE_902_2014,902,-1.210613,34.436789,R,OSFKGO5NWHLFBMKUFA65PTRZ,2026-05-20T13:20:12
KE_903_2014,903,-1.199359,34.474464,R,7CHVKJGV574CFEI254PZCEBO,2026-05-20T13:20:13
KE_904_2014,904,-1.377167,34.718487,R,P2H32CNZFT3L3JZKM3NH4ZVV,2026-05-20T13:20:13
KE_905_2014,905,-1.301786,34.695447,R,FUMLRU5CCT7MP7V5XD6B7CBZ,2026-05-20T13:20:13
KE_906_2014,906,-0.526048,34.48093,U,2TJQJGSGL23MBVBKUEQRIU4A,2026-05-20T13:20:14
KE_907_2014,907,-0.526152,34.456955,U,Q4DCP6DITNHUUMQOBJ3C2AVM,2026-05-20T13:20:14
KE_908_2014,908,-0.548913,34.448812,U,2O65ZPSC6BELIKS27UIBIWMZ,2026-05-20T13:20:14
KE_909_2014,909,-0.530036,34.45668,U,EXE6XZLUCMJXIIZFZWQ3BBZO,2026-05-20T13:20:15
KE_910_2014,910,-0.598406,34.568014,R,AF2MDWNFDTKHO3327R6GKAFW,2026-05-20T13:20:15
KE_911_2014,911,-0.534778,34.57542,R,LWRVEQZH6LDPZLKNG7KPSF2H,2026-05-20T13:20:16
KE_912_2014,912,-0.513423,34.586917,R,UQ62VD5IKLYOJLW5VPIBZUXG,2026-05-20T13:20:16
KE_913_2014,913,-0.760167,34.295685,R,AXQ33XHYL4WC5QEXNF7W3DDW,2026-05-20T13:20:17
KE_914_2014,914,-0.820224,34.291818,R,QAHWWQE7W4SES64QVZWHPOCR,2026-05-20T13:20:17
KE_915_2014,915,-0.807209,34.287728,R,QRU64UFOSJSPTT5FZXKRGAZ6,2026-05-20T13:20:18
KE_916_2014,916,-0.708812,34.353443,R,K2XNWBSGDI4JFTPAL4BOPL75,2026-05-20T13:20:18
KE_917_2014,917,-0.725429,34.437542,R,ZLNNR52L6HISIFKFPCCBDSQB,2026-05-20T13:20:18
KE_918_2014,918,-0.601865,34.392258,R,NIT3NOFTOZYN3HA4SMSMQOXL,2026-05-20T13:20:18
KE_919_2014,919,-0.723708,34.437811,R,JFEWLQUWI6LYJD44FFFSQH5L,2026-05-20T13:20:19
KE_920_2014,920,-0.378583,34.166912,R,K7PG4FWBWF5IDK2YBH4DPGQ7,2026-05-20T13:20:19
KE_921_2014,921,-0.40075,34.202943,U,UJLVYNTTJ2Y7ZS6OXKGCZA2J,2026-05-20T13:20:20
KE_922_2014,922,-0.534054,34.402113,R,4SHFTJIRNVRLAGE2HTZLGJW7,2026-05-20T13:20:20
KE_923_2014,923,-0.667493,34.137928,R,SYUXZOJ7DFT6VPW6WAR6MTCN,2026-05-20T13:20:20
KE_924_2014,924,-0.598918,34.132259,R,2WI2G5DWOQTJ4OTL4PA62DSC,2026-05-20T13:20:21
KE_925_2014,925,-0.77303,34.087302,R,44ZW6IHW2JKANWPITK2MBQJD,2026-05-20T13:20:21
KE_926_2014,926,-0.54748,34.165545,U,72O5S65FINAD45FXMES4JWDI,2026-05-20T13:20:21
KE_927_2014,927,-0.594492,34.269106,R,F36KY4E3AX2K343XV2ZBAMSQ,2026-05-20T13:20:22
KE_928_2014,928,-0.359419,34.676243,U,GKF745Z6TIONEJMERTOIMJHD,2026-05-20T13:20:22
KE_929_2014,929,-0.414185,34.591533,U,3VLOCKQXUKWDBWKRGNCFEFKN,2026-05-20T13:20:22
KE_930_2014,930,-0.428329,34.676606,R,H6GGWUPFR3D52NFHT3DMUA5D,2026-05-20T13:20:23
KE_931_2014,931,-0.41107,34.642098,R,RNKAIGFVXIM34ICIUJX4VREM,2026-05-20T13:20:24
KE_932_2014,932,-0.373621,34.525902,R,HLJL45REYKPGFR2N3X2U4Z2O,2026-05-20T13:20:24
KE_933_2014,933,-0.353926,34.563062,R,CJ2DJSVBLBOCLV5IVDZYVIGC,2026-05-20T13:20:24
KE_934_2014,934,-0.508201,34.832003,R,65R4X7U7MH6C6QJTMNII3UYL,2026-05-20T13:20:24
KE_935_2014,935,-0.448916,34.798679,R,JMXHXKPT4WRSKVES5T4P2SSI,2026-05-20T13:20:25
KE_936_2014,936,-0.433881,34.723354,R,DA53FLZVPV6VVM27TFMX64TR,2026-05-20T13:20:25
KE_937_2014,937,-0.513164,34.728437,U,LMCWAKEQMKCNUC67L56COIOR,2026-05-20T13:20:25
KE_938_2014,938,-0.527802,34.752946,U,AQAX5XLIPFGJPXSSSBYV5U7C,2026-05-20T13:20:26
KE_939_2014,939,-0.559482,34.643764,R,OTBXXTWPVVE6CTWX64WG4XVU,2026-05-20T13:20:26
KE_940_2014,940,-0.758057,34.874294,R,UK3D57W7432GH42WCOXNH5BW,2026-05-20T13:20:27
KE_941_2014,941,-0.685521,34.786786,U,DTPLXTWEBUX3CZHLPV5OAOXO,2026-05-20T13:20:27
KE_942_2014,942,-0.700684,34.76471,U,V3OTX7VEHINDQLJHYHFQCFR2,2026-05-20T13:20:27
KE_943_2014,943,-0.686153,34.772637,U,S4BJ77UVIK54CNIF6BNBFC2J,2026-05-20T13:20:28
KE_944_2014,944,-0.710276,34.81387,R,AOHCEIE4ASDVLF334TN2TXPX,2026-05-20T13:20:28
KE_945_2014,945,-0.525382,34.851854,R,MAJY6VTZJBXBWV7JHT6ZEQI2,2026-05-20T13:20:29
KE_946_2014,946,-0.583811,34.769116,R,YR2GPXYVBKKHPVFQ346EY5VY,2026-05-20T13:20:29
KE_947_2014,947,-0.60709,34.877604,R,FHQGF4QNTXIXQ6JN763UQCBM,2026-05-20T13:20:29
KE_948_2014,948,-0.611955,34.717661,R,S53UYGN4R3MPJ7N4XZZZZ6EK,2026-05-20T13:20:30
KE_949_2014,949,-0.587201,34.730426,R,UXPF2IUPBE7RLNKWHGTILIOY,2026-05-20T13:20:30
KE_950_2014,950,-0.6537,34.789516,R,RBDDEL52YXOHVWKYXRMVYTUN,2026-05-20T13:20:31
KE_951_2014,951,-0.684554,34.757315,U,OHP23WTZVFLOLPRWYVM6OBHR,2026-05-20T13:20:31
KE_952_2014,952,-0.669369,34.75243,U,ULBFJ5WBA3T5YVQHTNW42XEH,2026-05-20T13:20:32
KE_953_2014,953,-0.686677,34.729673,U,GT4ZTH4COTXRLJNH2SFGZ5L4,2026-05-20T13:20:34
KE_954_2014,954,-0.646415,34.734221,U,BQP2AHUV5U33LOVM3ZNLTTQM,2026-05-20T13:20:34
KE_955_2014,955,-0.67204,34.698698,R,4U4KXVR6NASQQHV45JVIZLMU,2026-05-20T13:20:35
KE_956_2014,956,-0.680802,34.653743,R,VRAHSEIP3SA6YM3IQAKHRR4F,2026-05-20T13:20:35
KE_957_2014,957,-0.807093,34.944246,U,EGALG7JA7EHSAZJBAOMCAXWF,2026-05-20T13:20:36
KE_958_2014,958,-0.766369,34.928969,U,W63UD3N6SMCGDH6C2PCUMIWR,2026-05-20T13:20:36
KE_959_2014,959,-0.890549,34.915605,U,U6OKNSAJ24VITQYKZAFBH5TB,2026-05-20T13:20:36
KE_960_2014,960,-0.857861,34.912907,U,66Z5FPXRJWUFCZLMWCY6XYHO,2026-05-20T13:20:37
KE_961_2014,961,-0.783931,34.711694,R,QBNDJMVATFS3FQJHZ4C5P2ZO,2026-05-20T13:20:37
KE_962_2014,962,-0.859286,34.752703,R,NKZOEI5E5DYRGY6NISFNVBWV,2026-05-20T13:20:38
KE_963_2014,963,-0.869601,34.711621,R,M3UDBER7RYYPL4L3WCWZG2W6,2026-05-20T13:20:38
KE_964_2014,964,-0.923634,34.791847,R,72MACNCXQ26KF7OWKLJTXV35,2026-05-20T13:20:38
KE_965_2014,965,-0.937452,34.737316,R,6G2UCVB6SWDXYMWPTMUNG5CQ,2026-05-20T13:20:39
KE_966_2014,966,-0.942298,34.699651,R,TK7OHEULOE4NQNMD5RYIG6IW,2026-05-20T13:20:39
KE_967_2014,967,-0.881332,34.869375,R,4BSLR2SEP6R6TBJ62ZEAKXHM,2026-05-20T13:20:40
KE_968_2014,968,-0.747563,34.756077,R,NXPA6CKZ7Q63G44LDYE6FROR,2026-05-20T13:20:40
KE_969_2014,969,-0.881647,34.842913,R,EXO3HQDDNB3NBTM4M5ULHCZ7,2026-05-20T13:20:40
KE_970_2014,970,-0.921413,34.862754,R,RVNCAD37CPE6LNV2R3CBDQWX,2026-05-20T13:20:41
KE_971_2014,971,-0.799297,34.633352,R,55CYQSEHLROUPWT6YW7BWNMC,2026-05-20T13:20:41
KE_972_2014,972,-0.715856,34.63974,U,NFMQTOUQLWI4CDKRO6VYKJRS,2026-05-20T13:20:41
KE_973_2014,973,-0.74842,34.633447,R,5DGW3VE453ZLMAJ5NKYJ57VO,2026-05-20T13:20:42
KE_974_2014,974,-0.90942,34.680982,R,LVGB45MCEZQWH6WWOUCM2O6G,2026-05-20T13:20:42
KE_975_2014,975,-0.886415,34.659159,R,ZW2X2VGNY5ZDKWI6AV7HSTTW,2026-05-20T13:20:43
KE_976_2014,976,-0.733015,34.900775,R,4WMXXTQ7EV2XFMRXC3ADP4KB,2026-05-20T13:20:43
KE_977_2014,977,-0.775312,34.953521,U,QERP74VZ4VFDESMOUF2EATHE,2026-05-20T13:20:43
KE_978_2014,978,-0.779236,34.950389,U,KOU5R6ROVIUHZL2DAFYN5Y5A,2026-05-20T13:20:44
KE_979_2014,979,-0.682846,34.95128,R,KIREJS3WAAUE6XHZSJIH4PFI,2026-05-20T13:20:44
KE_980_2014,980,-0.701118,35.011595,R,U3SWHSSGOFWZZXDIAJR4WHHT,2026-05-20T13:20:44
KE_981_2014,981,-0.678799,34.889898,R,WCTHI6QAH7A5ZCKLPHF6HCET,2026-05-20T13:20:45
KE_982_2014,982,-0.767155,34.940573,R,7PMI5HVBGYFIBJUDZQK6ZE5I,2026-05-20T13:20:45
KE_983_2014,983,-0.502671,34.873884,U,PRAKFNYSY7K5CSEYGHQLINAL,2026-05-20T13:20:45
KE_984_2014,984,-0.499335,34.907684,U,IT5CDJYJWI43IMGI5PCPNH2Y,2026-05-20T13:20:46
KE_985_2014,985,-0.574074,34.94356,R,2OGRRS5YDGKF5SHZJT6CP7FJ,2026-05-20T13:20:46
KE_986_2014,986,-0.448545,34.994882,R,H6KJDURV6E4J7H4FGTO3N36D,2026-05-20T13:20:47
KE_987_2014,987,-0.445868,35.00743,R,VNHB66JR5B5KGFYFNT6T7HPD,2026-05-20T13:20:47
KE_988_2014,988,-0.447872,35.004718,R,I4LUBERA4L3GW6TUDS6T2Y2W,2026-05-20T13:20:47
KE_989_2014,989,-0.523705,34.995298,R,AI6PPQUVZXYWIZZDUKAMJVZY,2026-05-20T13:20:48
KE_990_2014,990,-0.503994,35.006505,R,OA4XY7SOLRIGSHBZ7QQS2SC3,2026-05-20T13:20:48
KE_991_2014,991,-0.561426,34.950533,R,IMGGU5T77COAFB3SDOEYJQAG,2026-05-20T13:20:48
KE_992_2014,992,-0.633241,35.053347,R,ODBV2H3PNYZBHOPQUAMOLTP4,2026-05-20T13:20:49
KE_993_2014,993,-0.550913,34.987693,R,7JJBOP3BIECVZGU5AF4TMXZY,2026-05-20T13:20:49
KE_994_2014,994,-0.638539,34.964385,R,DST3ZECLOD6JGBDI3HVVI2A4,2026-05-20T13:20:50
KE_995_2014,995,-0.617678,34.962564,U,OMPKFGIEFQXKQWAWYUHXSWTG,2026-05-20T13:20:50
KE_996_2014,996,-0.584788,34.946663,U,ZGO56C5RTWXYCNPD7R2AVLRR,2026-05-20T13:20:50
KE_997_2014,997,-0.572132,34.938426,U,FET2RHRKYSWAWJZT3KKI3M6I,2026-05-20T13:20:51
KE_998_2014,998,-0.55456,34.937634,U,BUNW7JSXKAYLRAXKWUEW3HES,2026-05-20T13:20:51
KE_999_2014,999,-0.615024,34.903756,R,BEA5LKFN6V3WIOOIK4JYILM4,2026-05-20T13:20:51
KE_1000_2014,1000,-0.640455,34.915042,R,Z4R3EN733OAZIAYFGVDHK67I,2026-05-20T13:20:52
KE_1001_2014,1001,-0.663048,34.862892,R,OJYZTB3F3Q3YLRAEJGGJB7TS,2026-05-20T13:20:52
KE_1002_2014,1002,-0.73235,34.870032,R,A2VYEH7PAHTEA5THW2YUNB4X,2026-05-20T13:20:52
KE_1003_2014,1003,-0.62325,34.911907,R,BBP5IRMHGOUUWI2ZXB72NDFT,2026-05-20T13:20:53
KE_1004_2014,1004,-0.638252,34.85385,R,X5WREXNTCCCMGLHJCPPWZEWP,2026-05-20T13:20:53
KE_1005_2014,1005,-0.795502,35.02299,R,ZQ5PYDVLURH663JDFPKYUZVY,2026-05-20T13:20:53
KE_1006_2014,1006,-0.75192,35.022081,U,HXJHA2NNPDWRLT523635ZN6M,2026-05-20T13:20:54
KE_1007_2014,1007,-0.809332,35.045977,R,ASWQAB3EQ5TVZT7FZOPMGXFA,2026-05-20T13:20:54
KE_1008_2014,1008,-0.702665,35.047133,R,EE77U5CHODWRULVRSMK7VBRO,2026-05-20T13:20:54
KE_1009_2014,1009,3.113007,35.578603,U,QQNNL452WNXT4HRUON6AR3XX,2026-05-20T13:20:55
KE_1010_2014,1010,3.124973,35.602122,U,4B2V3IOMGOXT7AFMUERH6FSX,2026-05-20T13:20:55
KE_1011_2014,1011,3.146892,35.602587,U,56RWACF5ZFTKTRTCDQJ7EFWK,2026-05-20T13:20:56
KE_1012_2014,1012,3.080552,35.618762,U,W7SGZUJUKRP3KIJTH6YPMGG4,2026-05-20T13:20:56
KE_1013_2014,1013,3.129842,35.734787,U,WXU3GNEV63DGUORG3FWVIWWE,2026-05-20T13:20:57
KE_1014_2014,1014,2.758791,36.04941,R,CKZIH5SVTBTOOW7QVXH43MPE,2026-05-20T13:20:57
KE_1015_2014,1015,3.016744,34.977289,R,SSYIEYCLVOZ2AFQR2HCUHOOS,2026-05-20T13:20:57
KE_1016_2014,1016,2.947348,34.626478,R,PAF3GAHOOMC2ECUVL7PCTMCL,2026-05-20T13:20:57
KE_1017_2014,1017,3.646151,35.805065,R,QQRROLFHSQDEJ5LR6L2V4S32,2026-05-20T13:20:58
KE_1018_2014,1018,2.941647,35.17873,R,46Q36EZYV6DRRG46ZWZSINCP,2026-05-20T13:20:58
KE_1019_2014,1019,2.698301,35.130607,R,NH3TTTO76JKM7KEGKLVOPPAN,2026-05-20T13:20:59
KE_1020_2014,1020,3.32035,35.191933,R,DOPZNEGN4E3TNR5HP7WSJJWW,2026-05-20T13:20:59
KE_1021_2014,1021,4.240608,35.727812,R,IDLRPWTCPJRW35HNCG45SKVG,2026-05-20T13:20:59
KE_1022_2014,1022,4.297217,35.901381,R,LROT5OIWFYMHV6PN3X6Y642Q,2026-05-20T13:21:00
KE_1023_2014,1023,4.443671,35.861537,R,CVKQY7TNYRPZCUS2JCY3R7QF,2026-05-20T13:21:00
KE_1024_2014,1024,4.568669,35.461165,R,ZYYVO7SB3T7ZRLJZ5C3P63GC,2026-05-20T13:21:00
KE_1025_2014,1025,3.30417,34.730511,R,KNCLUWV7Q3OPERCCQHBKY4FL,2026-05-20T13:21:01
KE_1026_2014,1026,3.655048,34.664094,R,WPWOFTVD7VJS3W3T2ASPN2YU,2026-05-20T13:21:01
KE_1027_2014,1027,3.738812,34.83924,U,NPSPVBITY3K4JDIFMAFNLK7U,2026-05-20T13:21:02
KE_1028_2014,1028,3.518869,34.856792,R,RWULAWPEHWC6T7GQKAHNC7Y5,2026-05-20T13:21:02
KE_1029_2014,1029,3.71427,34.870038,U,MRPS5FEWFHI46U4TESFTAHZC,2026-05-20T13:21:03
KE_1030_2014,1030,3.579568,35.353208,R,L2XYMDM4VZY6UMKCG5LRU543,2026-05-20T13:21:03
KE_1031_2014,1031,4.194907,34.349824,U,CI5Z2EMQGTFZHJJNDO4E7DC3,2026-05-20T13:21:03
KE_1032_2014,1032,4.21766,34.334697,U,6ELIU4BLLAKNQQAHHXEYYIUU,2026-05-20T13:21:03
KE_1034_2014,1034,1.852291,36.07746,R,K4ZIFWYVWCLHBHZVXYM5SLA7,2026-05-20T13:21:04
KE_1035_2014,1035,2.195259,36.163667,R,ZIL2KQFFGJBT2HRQ6E22BTHO,2026-05-20T13:21:04
KE_1036_2014,1036,1.59809,35.981429,R,FL7GIG5FHKEX3NHTVPXNLGMW,2026-05-20T13:21:05
KE_1037_2014,1037,2.552646,35.750065,R,TPG4EI2SB46ZEXDWIV7JY6M3,2026-05-20T13:21:05
KE_1038_2014,1038,2.941321,35.64378,R,ZPCSODIX7KN6767TAPOP63AB,2026-05-20T13:21:06
KE_1039_2014,1039,2.167778,35.391118,R,NUJXTHUIICHOJB4BI4KNDYVT,2026-05-20T13:21:06
KE_1040_2014,1040,2.25802,35.515422,R,WBTU7FRVS733S73LJZL2N2MW,2026-05-20T13:21:07
KE_1041_2014,1041,1.342811,35.075979,U,PU2O6GAPXGSRQEXP3PD42DTM,2026-05-20T13:21:07
KE_1042_2014,1042,1.23985,35.118504,U,SUT6N66KFKZKTADSA4YDJH2G,2026-05-20T13:21:08
KE_1043_2014,1043,1.260869,35.107209,U,JYWJ6BOFTOZMBTKBHOONKHJH,2026-05-20T13:21:08
KE_1044_2014,1044,1.267604,35.12757,U,VS7SA7ULTQ5DZJ472UAGZTYB,2026-05-20T13:21:08
KE_1045_2014,1045,1.252731,35.110182,U,EAYBWQMM7BYXGO3RIHC546KH,2026-05-20T13:21:09
KE_1046_2014,1046,1.289616,35.104116,R,USWTDMV3KRGNBSRHO264GBDQ,2026-05-20T13:21:09
KE_1047_2014,1047,1.245239,35.105652,U,BOIR6NLD7P2LJICUT6QJ4XRV,2026-05-20T13:21:09
KE_1048_2014,1048,1.195544,35.077102,R,XCVAGB52XZUGOWIWFTZRTTHE,2026-05-20T13:21:10
KE_1049_2014,1049,1.183623,35.082077,U,GWQQO7YSBLKUPO2SKFTFEM7G,2026-05-20T13:21:10
KE_1050_2014,1050,1.250327,35.093977,U,K2S4YEDBLUBUV6UL26HXBZIV,2026-05-20T13:21:10
KE_1051_2014,1051,1.514052,35.073936,R,QX3UZ4RZWWRUSJVLEKFLL3BU,2026-05-20T13:21:11
KE_1052_2014,1052,1.348723,34.993109,R,7DHXDNEVB3YKVJ5GQD5TEEXN,2026-05-20T13:21:11
KE_1053_2014,1053,1.696733,35.194855,R,SOQUYA4WWGZG6HOTC2ZA3EOH,2026-05-20T13:21:12
KE_1054_2014,1054,1.564917,35.240479,R,OHC5DCQ3IY6Q7UVVJZF5Z5OQ,2026-05-20T13:21:12
KE_1055_2014,1055,1.482122,35.234057,R,6TBYZBIGPEZAPDSQZKS3OPNO,2026-05-20T13:21:12
KE_1056_2014,1056,1.347687,35.190288,R,Q4KJMVQNDNTFTNLLTWFC7FKU,2026-05-20T13:21:13
KE_1058_2014,1058,2.130217,35.0772,R,AHWNF4KMSM74VN4KB7GLCJHU,2026-05-20T13:21:13
KE_1059_2014,1059,1.700783,35.094559,R,LQMSDPZGBEHEM7E4TFGPAIY4,2026-05-20T13:21:14
KE_1060_2014,1060,1.558596,35.02899,R,2TYZFX4AX5PZ2K32ZJZEXQHE,2026-05-20T13:21:14
KE_1061_2014,1061,2.099314,35.31148,R,U7QE3DWMBF4HUJTBY2XP4Z3C,2026-05-20T13:21:15
KE_1062_2014,1062,1.264646,35.307474,R,QUUBF3QGXYZESVOLB4MU7AU4,2026-05-20T13:21:15
KE_1063_2014,1063,1.256406,35.320424,R,TAIL74AQSTPG55PXXJ4JGAZQ,2026-05-20T13:21:15
KE_1064_2014,1064,1.388589,35.438193,R,HMAVDSFH3Y7YS3N63JUOXB2C,2026-05-20T13:21:16
KE_1065_2014,1065,1.340074,35.480882,R,WAVP5X6BLYKSOQMGGKQMARS5,2026-05-20T13:21:16
KE_1067_2014,1067,1.422657,35.45933,R,BIKR5HOWGK4IIAIWTUXBS4GB,2026-05-20T13:21:16
KE_1068_2014,1068,1.457789,35.382101,R,S5SHQIMINYNIANE4EJYRNRZK,2026-05-20T13:21:17
KE_1069_2014,1069,1.301471,35.351172,R,XQMTGVACKO73OPWI6VIMTJPB,2026-05-20T13:21:18
KE_1070_2014,1070,1.237212,35.458152,R,EYM5AYJN6UFXR36U7LZE52W7,2026-05-20T13:21:18
KE_1071_2014,1071,1.318524,35.61357,R,JAACJHIMSDLFEA32HIMCUCLM,2026-05-20T13:21:18
KE_1072_2014,1072,1.404699,35.687462,R,PHQEOASD2FTJJ25A546ZK3U7,2026-05-20T13:21:19
KE_1073_2014,1073,1.10002,36.699215,U,XL7ITKOII2ECH5NSMPUUGWRP,2026-05-20T13:21:19
KE_1074_2014,1074,1.096313,36.704229,U,NSHOUZVN76RQCQOXYKJUIRSK,2026-05-20T13:21:20
KE_1075_2014,1075,1.109832,36.701646,U,JPCKDIGUSV2DLP7T6TBVDPOJ,2026-05-20T13:21:20
KE_1076_2014,1076,1.103986,36.692565,R,YRTIVLTHUGZE72V5PURMLCRJ,2026-05-20T13:21:20
KE_1077_2014,1077,1.074208,36.719993,U,YNSMNQRDJO4ZNTYXXHEAJFKJ,2026-05-20T13:21:21
KE_1078_2014,1078,1.051303,36.727228,R,I7C3O45DW7TJTZFT4O7G2YJY,2026-05-20T13:21:21
KE_1079_2014,1079,1.071623,36.711134,R,VE4DKUYRYS33LE436LWS5B5Y,2026-05-20T13:21:21
KE_1080_2014,1080,1.194558,36.514161,R,NAAACUUBS6YGEKWDNSEV2XMB,2026-05-20T13:21:22
KE_1081_2014,1081,0.972604,36.949102,R,FCE53O7TQ5F52ODUEHRVLOHR,2026-05-20T13:21:22
KE_1082_2014,1082,1.278136,36.670585,R,NYVP32RS7AARQFGZ5UKY5NIP,2026-05-20T13:21:23
KE_1083_2014,1083,0.996707,36.690853,R,V5WVFBQ663B37RM4MSAINJM3,2026-05-20T13:21:23
KE_1084_2014,1084,0.752066,36.924679,R,E3JZBUG7OHESVRTISFA6NJ2Z,2026-05-20T13:21:23
KE_1085_2014,1085,0.836337,36.8251,R,OMLXT5TK3OOIQINHC3YJXJXO,2026-05-20T13:21:24
KE_1086_2014,1086,1.004152,36.839895,R,2QZJ7YNIBSDQYYJEHVYR6VHT,2026-05-20T13:21:24
KE_1087_2014,1087,0.940233,36.511651,R,Q2LQRPX2KUCCMMYW3HTZOXDT,2026-05-20T13:21:24
KE_1088_2014,1088,0.971251,37.350936,U,G3YAXPFKK3EYQ23G2K4WPV6Y,2026-05-20T13:21:25
KE_1089_2014,1089,0.969764,37.327215,U,PXBB24VXVXQ75PUCFAUBYDS6,2026-05-20T13:21:25
KE_1090_2014,1090,1.047499,37.361626,R,V75EICVQM5LP6C5WEKGG52YO,2026-05-20T13:21:25
KE_1091_2014,1091,0.915885,37.260932,R,HDSKANSBWRZ2T75SF4EJDWYU,2026-05-20T13:21:26
KE_1092_2014,1092,1.08936,37.217052,R,GX3WVX2HUR55N6L7ZMD2JKIG,2026-05-20T13:21:26
KE_1093_2014,1093,1.179216,37.148442,R,P522TOFKGO3IW6RTSHLGWIG7,2026-05-20T13:21:27
KE_1094_2014,1094,1.270667,37.350991,R,FH4UI3WLLZBEHTOF6OZRGGXV,2026-05-20T13:21:27
KE_1095_2014,1095,0.779573,37.844197,R,NNQ3P3JSFS7AFBDFGF73ATLQ,2026-05-20T13:21:27
KE_1096_2014,1096,0.632382,37.650913,U,L5AURPOW77JQNE47SOOU3K6T,2026-05-20T13:21:28
KE_1097_2014,1097,0.650635,37.437385,R,AGVHJAUSM72XZTTYMMD2B4RT,2026-05-20T13:21:28
KE_1098_2014,1098,1.775687,36.799764,U,PBNEQCRWWQHB6HNUHDD7TEHE,2026-05-20T13:21:29
KE_1099_2014,1099,1.792303,36.792099,U,SKMAXWZ5ZNYP5BF3ETV2PPZC,2026-05-20T13:21:29
KE_1100_2014,1100,1.800532,36.86802,R,LJWEP653N4MAK5QBR6DWY5BF,2026-05-20T13:21:29
KE_1101_2014,1101,1.643007,37.157419,R,3YKJ7JSFY4EH47HHSBYZCKBQ,2026-05-20T13:21:30
KE_1103_2014,1103,2.364527,36.765065,R,SDHKLHIOSKGI2ON7ALPWEVX3,2026-05-20T13:21:30
KE_1104_2014,1104,2.222477,36.761623,R,YMAA3V3ODYR6GD2UTKZAQI54,2026-05-20T13:21:30
KE_1105_2014,1105,1.031911,34.992451,U,RRVAX63KT54BBQDC56AKBNLD,2026-05-20T13:21:31
KE_1106_2014,1106,1.058197,35.034016,U,PQRAR6MIV24ZT5JCA7N67M4E,2026-05-20T13:21:31
KE_1107_2014,1107,1.010452,35.02894,U,XUMECXSIJD6OZP3KEYOZAHYO,2026-05-20T13:21:32
KE_1108_2014,1108,1.019615,35.063945,U,XXKNVHPFHUFN6JBSB4RYTOFX,2026-05-20T13:21:32
KE_1109_2014,1109,1.027398,34.972864,U,SRXGPZVAT5IOZYEYGCUPHLVS,2026-05-20T13:21:32
KE_1110_2014,1110,1.008514,34.963865,U,CFFEMW32UUPFIMFFWD32RQ6W,2026-05-20T13:21:33
KE_1111_2014,1111,0.973638,34.956608,U,H6HCNHNQBB27QJJAG5LIQB3E,2026-05-20T13:21:33
KE_1112_2014,1112,1.03244,34.993303,U,5FJAFHW7C6UUW745AWKSDQIO,2026-05-20T13:21:34
KE_1113_2014,1113,1.029719,34.984897,U,HQCGOI5HKXZVVZIIUYWJHJRU,2026-05-20T13:21:34
KE_1114_2014,1114,1.033163,34.987091,U,2ZWTOFXHDC66T3J6WWXAPD5Q,2026-05-20T13:21:35
KE_1115_2014,1115,0.954922,34.990361,R,OIIW2TIB7G3VHGIYGRJBDWNP,2026-05-20T13:21:35
KE_1116_2014,1116,0.967786,35.075361,R,V6QUPIYDT5MI6P6VZGS4B5KN,2026-05-20T13:21:35
KE_1117_2014,1117,0.879123,34.958442,R,PTNDSUZK33ZRO7YH46JUMHH5,2026-05-20T13:21:36
KE_1118_2014,1118,0.854334,34.882885,R,HWWLP6ZILXPNRGPV25T7GPVR,2026-05-20T13:21:36
KE_1119_2014,1119,0.91095,34.927399,R,Y4UYX64VBVH2T7CZTCAZIMFR,2026-05-20T13:21:37
KE_1120_2014,1120,0.892985,34.898411,U,4XTMDPK4HDNTFHRRRAUARVNP,2026-05-20T13:21:37
KE_1121_2014,1121,0.822493,34.841444,R,LP3E7IIXSUO3IQ54ADU36GZI,2026-05-20T13:21:38
KE_1122_2014,1122,0.956844,34.844944,R,ZLLJBG5LFAOJ567JSOPFUV2I,2026-05-20T13:21:38
KE_1123_2014,1123,0.890224,34.842158,R,RSNIRBOF7KVUOILPSVLYD2DP,2026-05-20T13:21:38
KE_1124_2014,1124,0.927056,35.319788,R,E3LY5LBRW4PQR2XZX74MTYJT,2026-05-20T13:21:39
KE_1125_2014,1125,0.952872,35.224861,R,EBR3B4LBM3O3LWB7JSPULCWG,2026-05-20T13:21:39
KE_1126_2014,1126,0.993352,35.318919,R,R25KUSZATH2VSXLCRXXF7AA3,2026-05-20T13:21:39
KE_1127_2014,1127,1.063837,35.192775,R,CEGLM52TZARBII7NK7LYIBUO,2026-05-20T13:21:40
KE_1128_2014,1128,1.003081,35.166766,R,NLCTZRBZ2D4Y6O2IZVZERSUS,2026-05-20T13:21:40
KE_1129_2014,1129,1.178711,35.159264,R,LDBE3UK3VS5TMYSGUYC3HP4W,2026-05-20T13:21:41
KE_1130_2014,1130,1.056414,35.112086,R,TF5OKISRAUZW3BKNA2ZL644N,2026-05-20T13:21:41
KE_1131_2014,1131,1.178926,34.817012,R,7NVCLL5BL65CHRNWUBUARBML,2026-05-20T13:21:41
KE_1132_2014,1132,0.991116,34.841712,R,BYHZGTTBZ6LPV6PNYVRM6J7H,2026-05-20T13:21:42
KE_1133_2014,1133,1.115357,34.813049,R,VEHSI7KI7AOWFYGDHXGRXCEW,2026-05-20T13:21:42
KE_1134_2014,1134,1.179362,35.014342,R,2LD4K3MEY2AOHCVJG3CSGUPK,2026-05-20T13:21:43
KE_1135_2014,1135,1.204526,34.875006,R,GV67L36PWLSVA5IOODDBZEVI,2026-05-20T13:21:43
KE_1136_2014,1136,1.108905,34.970978,R,M3MC7WBH4MGTINYQFDJMMOWD,2026-05-20T13:21:43
KE_1137_2014,1137,1.104034,34.991218,R,DPMXPEOKT6FJOEVIVLFSFKOJ,2026-05-20T13:21:44
KE_1138_2014,1138,1.056839,34.98259,U,LX6NLO4THMZFYE2JYA6FM6MU,2026-05-20T13:21:44
KE_1139_2014,1139,0.243543,35.822237,R,2LCVGTY5KWHGOYZGXZSU3GTO,2026-05-20T13:21:45
KE_1140_2014,1140,0.391817,35.82354,R,HLVQSUH2NGFEASN3M355WFKW,2026-05-20T13:21:45
KE_1141_2014,1141,0.575207,35.639405,R,LB6TRY4O5BZC2KQWGAPGZ52U,2026-05-20T13:21:45
KE_1142_2014,1142,0.492055,35.757143,U,GDA6H4WLT6X5BRMIALZIQXN7,2026-05-20T13:21:46
KE_1143_2014,1143,0.494009,35.739763,U,MIMMMP5BMXMUP4BGBK3CVXOT,2026-05-20T13:21:46
KE_1144_2014,1144,0.469609,35.735484,U,GWQIE2WFT46ETDQAGTEUFDSO,2026-05-20T13:21:47
KE_1145_2014,1145,0.529795,35.771071,R,JECROLF62EHE2T5VSHMM22UR,2026-05-20T13:21:47
KE_1146_2014,1146,0.413822,35.881346,R,V4G4BM7I7TSWPVDKEMHW26ZN,2026-05-20T13:21:47
KE_1147_2014,1147,0.472783,35.97655,U,ROECXYNMFRHSJKTOLH4Z6XXN,2026-05-20T13:21:48
KE_1148_2014,1148,0.464681,35.976505,U,MLLUIF37OYAIKUR2YXMVSXAY,2026-05-20T13:21:48
KE_1149_2014,1149,0.413312,36.079568,R,6MIHWQBAXKABVTYQY7TZOD7U,2026-05-20T13:21:48
KE_1150_2014,1150,0.247812,36.227069,R,WVBS67IKSLB2GK5XI2CX5I6V,2026-05-20T13:21:49
KE_1151_2014,1151,0.723111,35.639046,R,LIMEXYGXQVKXJ6DCVUTR2HOK,2026-05-20T13:21:49
KE_1152_2014,1152,0.640893,35.87216,R,ND7UEY45T4ETNQELUV6F3HID,2026-05-20T13:21:49
KE_1153_2014,1153,0.633115,35.80333,R,RSAH5433NO2E4D52KWYMYTKH,2026-05-20T13:21:50
KE_1154_2014,1154,0.641007,35.817085,R,ZNP5WALXLB4KJBFEVGGEVQZS,2026-05-20T13:21:50
KE_1155_2014,1155,1.369603,35.783986,R,JMNBM5WPV6I7YXAKAYDYN5VD,2026-05-20T13:21:50
KE_1156_2014,1156,1.575329,35.780979,R,PUPQLN4IO3BWYM4XKCZF5E3G,2026-05-20T13:21:51
KE_1157_2014,1157,0.85856,35.945295,R,TLXPNDZWMF5QBQS5UQ3WNJZR,2026-05-20T13:21:51
KE_1158_2014,1158,0.913632,36.011313,R,Y55JAHM67HDJ5TPQELJQLCYW,2026-05-20T13:21:52
KE_1159_2014,1159,0.668514,36.222345,R,FEPJLIXDZSFLMG2I6S35TO6A,2026-05-20T13:21:52
KE_1160_2014,1160,0.715214,36.330077,R,QRISBDJ4TO4FY66VKRUZVQZU,2026-05-20T13:21:52
KE_1161_2014,1161,-0.047684,35.789337,R,5JQI2PPN7AJVX2KH7YPEGCK2,2026-05-20T13:21:53
KE_1162_2014,1162,-0.040252,35.646182,R,TWR5WUJIS3V2SHBQ7FOIY5EV,2026-05-20T13:21:53
KE_1163_2014,1163,0.050524,35.718633,U,QZGGSGJI2X5LL6EADT25A2Y3,2026-05-20T13:21:54
KE_1164_2014,1164,0.061395,35.715722,U,MQDIE45EMVDNVC4FLJ7O7XHF,2026-05-20T13:21:54
KE_1165_2014,1165,0.050773,35.722889,U,GUY3I42YJX5REMI6CT2UEMA6,2026-05-20T13:21:54
KE_1166_2014,1166,0.081357,35.74956,U,OZH42XLVF5CQCFRS3M6YWBZ2,2026-05-20T13:21:55
KE_1167_2014,1167,0.023536,35.540079,R,KSW6O4DHMKDCHQ6R6TDQSIDT,2026-05-20T13:21:55
KE_1168_2014,1168,0.076191,35.898326,R,R4CTDY43NKT3HVJ5WK5TVGV2,2026-05-20T13:21:55
KE_1169_2014,1169,0.000775,35.92043,R,3B6T4BCK5ETRX5CAYML65NHR,2026-05-20T13:21:56
KE_1170_2014,1170,0.030202,36.055656,R,QDFCGZNWGIHI32C3P2ENLF6F,2026-05-20T13:21:56
KE_1171_2014,1171,0.692989,35.222282,R,3HY5S64AXFJW5YDXXPM4FR7U,2026-05-20T13:21:57
KE_1172_2014,1172,0.838466,35.227394,R,H7A44GHE7I6INYDS67JDRQ7Q,2026-05-20T13:21:57
KE_1173_2014,1173,0.875886,35.135885,U,JL6ZJ23PU7LM22PKYVS76Z4I,2026-05-20T13:21:57
KE_1174_2014,1174,0.829351,35.209525,R,PNCQQMMU7G7EK2B6ZAE7FCJD,2026-05-20T13:21:58
KE_1175_2014,1175,0.63318,35.206463,R,3ZZXCDMLIUKPFF5DH5MUAJAK,2026-05-20T13:21:58
KE_1176_2014,1176,0.817538,35.2904,R,U52OQZCJXT3TIE6JKG4LCS3U,2026-05-20T13:21:58
KE_1177_2014,1177,0.558263,35.257393,U,QBKSBM5KO7UZDMPE3LWLXPBC,2026-05-20T13:21:59
KE_1178_2014,1178,0.523801,35.244122,U,GPP7FKQTXKD45A24FTPSZIUV,2026-05-20T13:21:59
KE_1179_2014,1179,0.521928,35.261268,U,4UGLCA577HR5DB7GXDMAZXEC,2026-05-20T13:21:59
KE_1180_2014,1180,0.563705,35.225943,U,2QGHSLE67BBGT23KNHGDE647,2026-05-20T13:22:00
KE_1181_2014,1181,0.54764,35.237461,U,UZ4PI6MIMFHQFNIQ2JW3EV2L,2026-05-20T13:22:00
KE_1182_2014,1182,0.549726,35.242753,U,KECFRKG7GKU4RW3DGB43F7HQ,2026-05-20T13:22:01
KE_1183_2014,1183,0.629269,35.104015,R,K4ARPVXCB25NZKUZDK4KY6MI,2026-05-20T13:22:01
KE_1184_2014,1184,0.613144,35.037416,R,UO5CR7UEZPLTG6PGI4632LDR,2026-05-20T13:22:01
KE_1185_2014,1185,0.602686,35.050106,R,7S6PMSERC4DKSXKQ6ATQUEPZ,2026-05-20T13:22:02
KE_1186_2014,1186,0.340606,35.458522,R,S5J5POZAYXS4DQQ2AO5GDX62,2026-05-20T13:22:02
KE_1187_2014,1187,0.488518,35.363576,U,2ZK4JYU7IMLGPTRR7AQN66PF,2026-05-20T13:22:03
KE_1188_2014,1188,0.511723,35.306325,U,DYCADYRSOZIZTHACBKCQX56K,2026-05-20T13:22:03
KE_1189_2014,1189,0.524671,35.31325,U,Q7NDJN5NSSGFR465PYXQBJMZ,2026-05-20T13:22:03
KE_1190_2014,1190,0.259013,35.444841,R,G6LUTYQMS5NA2YGY225NXCVP,2026-05-20T13:22:04
KE_1191_2014,1191,0.612142,35.429175,R,MBNN6CGCAJHEDCXMO2XOMDFC,2026-05-20T13:22:04
KE_1192_2014,1192,0.745702,35.311936,R,CFHQFFUKTVPLD2TL2W4F3SSE,2026-05-20T13:22:05
KE_1193_2014,1193,0.55274,35.304668,U,HQ5LDRSSKBSVZHQ4ZWSGHMA2,2026-05-20T13:22:05
KE_1194_2014,1194,0.538083,35.290596,U,I7VILR5MAWNYNSFEV3MCDC5P,2026-05-20T13:22:05
KE_1195_2014,1195,0.869111,35.322403,R,L5B6UABSWHMGHO3SODK76DF7,2026-05-20T13:22:06
KE_1196_2014,1196,0.22119,35.3256,R,VDLBPK6BE5OGHO6TYSMN4CGA,2026-05-20T13:22:06
KE_1197_2014,1197,0.156191,35.430668,R,7YTJOJKZPP5UYNPYACSV62RG,2026-05-20T13:22:06
KE_1198_2014,1198,0.215115,35.403931,R,DA6JUAF5TOTZ5ECBA3Z4H4MT,2026-05-20T13:22:07
KE_1199_2014,1199,0.351955,35.428777,R,5U75LPCSZAHO3S5CW4JBWP7Z,2026-05-20T13:22:07
KE_1200_2014,1200,0.434459,35.217811,R,2OAYMNFPHPREQZTOYDNZ4CAC,2026-05-20T13:22:08
KE_1201_2014,1201,0.505603,35.257891,U,2S7PWCVYLLTYDHA4GGXKDN3A,2026-05-20T13:22:08
KE_1202_2014,1202,0.488262,35.268162,U,REV4SEJAKHE6GXVJ3TQQG3N7,2026-05-20T13:22:08
KE_1203_2014,1203,0.464453,35.246596,U,TVGX6ZGN2OF2BQJ4Y73VCLF4,2026-05-20T13:22:09
KE_1204_2014,1204,0.47943,35.267937,U,LWNN5X2QYL4MLQPTM2KEUUUH,2026-05-20T13:22:09
KE_1205_2014,1205,0.500538,35.248533,U,JYD64FSR53R356ICGAACGPUY,2026-05-20T13:22:09
KE_1206_2014,1206,1.061761,35.621251,R,2O6NZTI2UQNKHSB2NOT3U2G2,2026-05-20T13:22:10
KE_1207_2014,1207,1.236726,35.623087,R,6HOEYSAGZ4M5ZIHXFTBEEYBA,2026-05-20T13:22:10
KE_1208_2014,1208,1.058807,35.590291,R,JXMHVD6EMTSVONZGXF2HF4YD,2026-05-20T13:22:11
KE_1209_2014,1209,0.98022,35.556985,U,JDUOZ4QNNPZBORD25Q6IKJOJ,2026-05-20T13:22:11
KE_1210_2014,1210,1.007943,35.563601,R,HT6WVYQX3VDL3ILBMDHTVE2P,2026-05-20T13:22:12
KE_1212_2014,1212,0.840955,35.582567,R,CRROPZGYHW4654X7QLMG3HAZ,2026-05-20T13:22:12
KE_1213_2014,1213,1.02636,35.438978,R,TL22YBGBNYSUHTIPXHFF75TV,2026-05-20T13:22:12
KE_1214_2014,1214,0.843381,35.494241,R,7E6NHF7BSWQRDJAYG45KX34G,2026-05-20T13:22:13
KE_1215_2014,1215,1.129902,35.368851,R,XNNLUJQCXYAIMWC4CR3ZVINL,2026-05-20T13:22:13
KE_1216_2014,1216,1.054766,35.323885,U,GJW4VBZYCI3YDXGEMW4PXVJZ,2026-05-20T13:22:13
KE_1217_2014,1217,0.919341,35.449771,R,S5QHZG3E6W3FRYH5TQSCIHV7,2026-05-20T13:22:14
KE_1218_2014,1218,1.071849,35.282781,R,6IXK2CD5RX4BMFGY7FZFM5LK,2026-05-20T13:22:14
KE_1219_2014,1219,1.258513,35.616125,R,UZCOXX72QEHPYMZ3L6OFQODA,2026-05-20T13:22:14
KE_1220_2014,1220,1.166346,35.641617,R,UUDSV7LWAP4HYEQMJZ6CYOCJ,2026-05-20T13:22:15
KE_1221_2014,1221,0.462461,35.561962,R,BSPBSXNAAOQJ5QMEC32IL6BN,2026-05-20T13:22:15
KE_1222_2014,1222,0.492566,35.525685,R,OV3OZAA3KHDEPMI2M5GECDUG,2026-05-20T13:22:16
KE_1223_2014,1223,0.394334,35.562043,R,SDLR6XWV2IEP6CPFLRPM7QWX,2026-05-20T13:22:16
KE_1224_2014,1224,0.68916,35.473602,R,DRIJGSJ6PYNCANHXJQAUJ62A,2026-05-20T13:22:16
KE_1225_2014,1225,0.646725,35.507954,U,KIZ6MQLIEWC5MBSGZ6M5KJX5,2026-05-20T13:22:17
KE_1226_2014,1226,0.679257,35.43605,U,XNAFCZORBJ6UJRNKRUSNBW5U,2026-05-20T13:22:17
KE_1227_2014,1227,0.654684,35.447601,U,FTNDLAVGIUR5ZIPAM5PWHPRT,2026-05-20T13:22:17
KE_1228_2014,1228,0.638806,35.468155,U,QFP2EI3C2CSULEVLGZGSO7QL,2026-05-20T13:22:18
KE_1229_2014,1229,0.52236,35.589098,R,VBWYMWBY4627KNUX5UGZMZBU,2026-05-20T13:22:18
KE_1230_2014,1230,0.304652,35.62456,R,T62IL2D5CWOXEJAHKTC4UISI,2026-05-20T13:22:19
KE_1231_2014,1231,0.543091,35.505075,U,I6TBTGZEN5RVTNLIG2K7QGX3,2026-05-20T13:22:19
KE_1232_2014,1232,0.292631,35.579704,R,5S6EQJGON2WQD2HGNC4I3LM6,2026-05-20T13:22:19
KE_1233_2014,1233,0.621299,35.527094,U,LEQNJ75DJPEOPBCDTQHIRNM3,2026-05-20T13:22:20
KE_1234_2014,1234,0.585327,35.534084,U,NRTXYFDYOJMS5YTO3JNQCWDT,2026-05-20T13:22:20
KE_1235_2014,1235,0.774894,35.558513,R,BLO6XBEQHGVD57V5LEJU3X6A,2026-05-20T13:22:20
KE_1236_2014,1236,0.200639,35.605181,R,3MKZ7DUMT7GZBS33QOO4T3BM,2026-05-20T13:22:21
KE_1237_2014,1237,0.216932,35.55445,R,VONIRQRCXAP7Y7JP2GZKWQFH,2026-05-20T13:22:21
KE_1238_2014,1238,0.433502,35.008457,R,YOBDXCJPSQD4US4U5ANP5HRH,2026-05-20T13:22:22
KE_1239_2014,1239,0.3116,35.044738,R,SRJJ5GRUHZXBMWUXSFVPHFVD,2026-05-20T13:22:22
KE_1240_2014,1240,0.494404,35.050139,R,PNKKLMVF2II6KPQ7RBQPTHEN,2026-05-20T13:22:22
KE_1241_2014,1241,0.512616,34.926027,R,NWLUUDUR7SOV2EIRIUVJ2TSB,2026-05-20T13:22:23
KE_1242_2014,1242,0.447078,35.097442,R,5X4QWZSTQK6LBHPUQ22V4ZFJ,2026-05-20T13:22:23
KE_1243_2014,1243,0.284259,35.169855,R,ILIPMYP4D3PGNAA77NBNQREA,2026-05-20T13:22:24
KE_1244_2014,1244,0.197593,35.100843,U,2RKMPSY3MMWI2BT2LGRIJHAI,2026-05-20T13:22:24
KE_1245_2014,1245,0.192118,35.087594,U,22SLXMKHENPE54MZJL4BCHN3,2026-05-20T13:22:24
KE_1246_2014,1246,0.170551,35.101304,U,V52EG5EK5QQ72INLKOCOVFB6,2026-05-20T13:22:25
KE_1247_2014,1247,0.188537,35.065198,U,I5PIZP6BMCH6YUHKGCXQRANX,2026-05-20T13:22:25
KE_1248_2014,1248,0.198576,35.083983,U,5BEHFRWOIPF5BMBPO3HT5TQX,2026-05-20T13:22:26
KE_1249_2014,1249,0.250269,35.092579,U,X3UIYYVK52W2FNJ4TI5HXJ2W,2026-05-20T13:22:26
KE_1250_2014,1250,0.269717,35.005258,R,2VCPTXBST5YRIGTPP6RNYDIO,2026-05-20T13:22:26
KE_1251_2014,1251,0.241902,35.066912,R,XP46BNXMQFPYTOOPT53YF2WT,2026-05-20T13:22:27
KE_1252_2014,1252,0.136934,34.973903,R,U27TSNJKFBO3WKY7R2ES6IDS,2026-05-20T13:22:27
KE_1253_2014,1253,0.190509,34.977182,R,LKF322AHSMTNKHKQXMOXGF27,2026-05-20T13:22:27
KE_1254_2014,1254,0.098015,34.947188,R,5VB762TC6GDY2ZI4KZYHEGR7,2026-05-20T13:22:28
KE_1255_2014,1255,0.159171,35.196532,R,ENQ6UFWB2JK5VGE2KFWADG5R,2026-05-20T13:22:28
KE_1256_2014,1256,0.144494,35.164616,U,YAWUNPVLHWMKWGMT6KKPCTNM,2026-05-20T13:22:29
KE_1257_2014,1257,0.101766,35.18484,U,EV7IEDZZIDW7BOXVD7XX7PF7,2026-05-20T13:22:29
KE_1258_2014,1258,0.088608,35.189767,R,QQCHJJVTIX56ZFJ2IC3PZQKR,2026-05-20T13:22:30
KE_1259_2014,1259,0.17786,35.226904,R,OPCAWLN75EKHGW26TQVODBC2,2026-05-20T13:22:30
KE_1260_2014,1260,0.093799,35.216458,R,DFFSVBNRAMM3VWEQRY6UVSA3,2026-05-20T13:22:30
KE_1261_2014,1261,0.08403,35.180845,U,3QM65GCW5HCBLRRDIR4NLDTB,2026-05-20T13:22:31
KE_1262_2014,1262,0.155637,35.253314,R,XD2QSXOW4QHMYRVAWY6ISARO,2026-05-20T13:22:31
KE_1263_2014,1263,0.081672,35.105973,R,UQUZXWSYBPO2DCTZ2K6HSWFO,2026-05-20T13:22:32
KE_1264_2014,1264,0.053619,34.85066,R,ZSYN63TLWYPE5KWSUSQQ7TKX,2026-05-20T13:22:32
KE_1265_2014,1265,-0.025162,34.926984,R,NCGXID2RTWMRTBYDB35S3AJX,2026-05-20T13:22:32
KE_1266_2014,1266,0.013446,34.968715,R,FTWXVC4ALWTVUNYYV5Q7DHBC,2026-05-20T13:22:33
KE_1267_2014,1267,0.051764,34.865938,R,SBTKSDQEF3UHYZ5YTQEPCVJ5,2026-05-20T13:22:33
KE_1268_2014,1268,-0.037147,35.314873,R,GZM7PKEDRCZNINVJICJ2IA5K,2026-05-20T13:22:34
KE_1269_2014,1269,-0.007546,35.312927,R,TRFLGSLXIQWZRQXTRNGW2J5Z,2026-05-20T13:22:34
KE_1270_2014,1270,0.032037,35.340626,R,CKW75W3XXWMHIE6QAGASRH2U,2026-05-20T13:22:34
KE_1272_2014,1272,0.551462,36.913232,R,ZECPYZXOXM2H52E7MO2DKI75,2026-05-20T13:22:35
KE_1273_2014,1273,-0.15794,36.999847,U,47GZJFZD35C7EAPDPNUE6ZJI,2026-05-20T13:22:35
KE_1274_2014,1274,-0.077074,36.856496,R,LZFMOTRXQ5IG6JDILDP43MAK,2026-05-20T13:22:36
KE_1275_2014,1275,-0.034381,37.0134,R,26TWTN4HUNGUNSYRJZXH6RIJ,2026-05-20T13:22:37
KE_1276_2014,1276,0.024436,36.767768,R,SGAGNQDDASRHHABGBLMTFUBK,2026-05-20T13:22:37
KE_1277_2014,1277,-0.077982,36.586921,R,3HRW2LOPICFCF7TSJAJDTOX6,2026-05-20T13:22:37
KE_1278_2014,1278,0.113694,37.141943,R,6RMCE7QXKTK4ULY3KACEEKAK,2026-05-20T13:22:38
KE_1279_2014,1279,0.107374,37.198371,R,LL5RFFFDAXDDQSPU7MIANPLG,2026-05-20T13:22:38
KE_1280_2014,1280,0.172359,36.761308,R,FP4MP4XKFNZQMK5JSLJ2VXPA,2026-05-20T13:22:38
KE_1281_2014,1281,0.007219,37.079663,U,QDE32YVHJGD6XLVO7YR6SJFR,2026-05-20T13:22:39
KE_1282_2014,1282,0.004409,37.070953,U,YMDZSOQTB2R6TEQ7J7J5RIBM,2026-05-20T13:22:39
KE_1283_2014,1283,0.015601,37.060444,U,45S2APP7FZ5FU3WIJUUJRQ6J,2026-05-20T13:22:39
KE_1284_2014,1284,0.019288,37.070001,U,3MTRKE3MA6EBXV74U2UKZLE7,2026-05-20T13:22:40
KE_1285_2014,1285,0.02143,37.057103,R,VCURPMKQX7XB4IRBZATOMCZI,2026-05-20T13:22:41
KE_1286_2014,1286,0.061349,36.350323,U,Y7Z2VNFBYQ2EA6B7S4T4YIOH,2026-05-20T13:22:41
KE_1287_2014,1287,0.050333,36.372883,U,RGT2A7PPVOILQJM4X5U3H7JB,2026-05-20T13:22:41
KE_1288_2014,1288,0.023301,36.357489,U,NC4B5FNVI6JQWMUBMJ3RCLDI,2026-05-20T13:22:42
KE_1289_2014,1289,0.032636,36.387225,U,WUYMGZXRTR7H63KXNQSND5X2,2026-05-20T13:22:42
KE_1290_2014,1290,0.040454,36.334536,U,G5YIBTHFZ3WQWJCBPKYFFEDO,2026-05-20T13:22:43
KE_1291_2014,1291,0.050672,36.283538,R,IODFMJY4O45XUIT6W4SUJZA5,2026-05-20T13:22:43
KE_1292_2014,1292,0.588508,36.462429,R,BTTKEDS7YQIUP2QV7DR6MUOQ,2026-05-20T13:22:43
KE_1293_2014,1293,0.463489,36.476833,R,DL3SHZKFWFAFQITUSVPBNZCI,2026-05-20T13:22:44
KE_1294_2014,1294,0.475642,36.273488,R,2RWCUMXTGJRVTZB2HTK36XLX,2026-05-20T13:22:44
KE_1295_2014,1295,0.31728,36.266183,R,C5K67GIQRSBVFMTIRDNS33ZQ,2026-05-20T13:22:45
KE_1296_2014,1296,0.423258,36.429839,R,6N3L5NNDLLQLJ2PUU7DGIGDO,2026-05-20T13:22:45
KE_1297_2014,1297,0.240122,36.550649,R,CMYAF7BFMMPCV77CBTYB4ABE,2026-05-20T13:22:45
KE_1298_2014,1298,0.329651,36.57416,R,5ZPNVZW4P3G5S75TYQO2LAGN,2026-05-20T13:22:46
KE_1299_2014,1299,0.140082,36.523476,R,BXH2CUOPLANEQSTUJOHYQ5OD,2026-05-20T13:22:46
KE_1300_2014,1300,0.180975,36.615709,R,HK5ODSC3EA7NWUFFPMKOKUEJ,2026-05-20T13:22:46
KE_1301_2014,1301,0.146224,36.372669,R,CUMP67J2HTWSTHFTIHQKBBFN,2026-05-20T13:22:47
KE_1302_2014,1302,0.210474,36.329648,R,ZPESBRBB7R6HGPVCVBRCBFGP,2026-05-20T13:22:47
KE_1303_2014,1303,-0.309786,36.076517,U,6UHCKP3UJKY4DPFLTLJWSRIU,2026-05-20T13:22:48
KE_1304_2014,1304,-0.299963,36.061513,U,IUVSL4VYHBNBNNFGTSDC2Z7F,2026-05-20T13:22:48
KE_1305_2014,1305,-0.301155,36.048302,U,QSLNIFS7YFI5UHFGKQJJ2U3U,2026-05-20T13:22:48
KE_1306_2014,1306,-0.30724,36.066202,U,VKQ3QX3XIZO626EC5LMPMYXF,2026-05-20T13:22:49
KE_1307_2014,1307,-0.296415,36.080281,U,5Q63QU3OJWEOLX3M5TE2B2SE,2026-05-20T13:22:49
KE_1308_2014,1308,-0.297511,36.08409,U,Z5U4QJACWHDQHR6T6GA47HMS,2026-05-20T13:22:49
KE_1309_2014,1309,-0.264494,36.052484,U,6AGZG7S5ZENCELL4DRSFNMAZ,2026-05-20T13:22:50
KE_1310_2014,1310,-0.298139,36.122934,U,XXGVPGJTUMWTHBWXWRFBZEX5,2026-05-20T13:22:50
KE_1311_2014,1311,-0.29181,36.125866,U,CGPFGNDYTZSGNRGEU7EACQJ3,2026-05-20T13:22:50
KE_1312_2014,1312,-0.24672,36.014239,R,X2QEXBLW3QSABS4LPEYNFOHJ,2026-05-20T13:22:51
KE_1313_2014,1313,0.086511,36.152791,R,BBRQPTVI2NPL5YV7B7MK66ZH,2026-05-20T13:22:51
KE_1314_2014,1314,-0.164924,35.835247,R,P6B3HTTVPYCO6D2CORJIOXXY,2026-05-20T13:22:52
KE_1315_2014,1315,-0.159993,36.156102,U,56KHV5EJVH7NJGYORG2UX2SD,2026-05-20T13:22:52
KE_1316_2014,1316,-0.19525,36.100998,R,7PUV2OJWRYR5PTKSFWVH5TXM,2026-05-20T13:22:52
KE_1317_2014,1317,-0.262569,36.195015,R,4F6YQ6OLKCQXK3XSRGVKTLME,2026-05-20T13:22:52
KE_1318_2014,1318,-0.258278,36.178814,U,HVXO7O44TNNZEGLIC2HIUFM3,2026-05-20T13:22:53
KE_1319_2014,1319,0.042833,36.203926,R,TQ4726ZDGZZ7O67ZL5YG6PRQ,2026-05-20T13:22:53
KE_1320_2014,1320,-0.695273,36.44089,U,W4YFNEN3Y6XSFIEWMEMHQCSG,2026-05-20T13:22:54
KE_1321_2014,1321,-0.721238,36.434543,U,OZKNOY6FAKCWMLEP3TBHEHKF,2026-05-20T13:22:54
KE_1322_2014,1322,-0.771085,36.503298,U,BZQMSWS764LXLCYIHVZA6F6S,2026-05-20T13:22:54
KE_1323_2014,1323,-0.783525,36.44798,U,ODUHMXPV5J5RDZILBJ5TRXDV,2026-05-20T13:22:55
KE_1324_2014,1324,-0.9391,36.34829,U,WOD2LHSZ3T3PUT6MPYW5VOOW,2026-05-20T13:22:55
KE_1325_2014,1325,-0.848883,36.256365,R,JSXIC7N2TVOWFJSL4L4ELNVD,2026-05-20T13:22:56
KE_1326_2014,1326,-0.500925,36.30869,U,CXC3U3LONYT5BTEQZVGT3WXJ,2026-05-20T13:22:56
KE_1327_2014,1327,-0.513607,36.33822,R,WLF3MVKHGZWGZ4ONZSKUDLBP,2026-05-20T13:22:56
KE_1328_2014,1328,-0.522717,36.358585,R,Q76FTGLQJOB67WQ5BXTCEJUM,2026-05-20T13:22:57
KE_1329_2014,1329,-0.269011,35.844198,R,WWH32HT7PREYFFKHU3PKSS47,2026-05-20T13:22:57
KE_1330_2014,1330,-0.308243,35.799385,U,SFCNKEEHTLABF4ACVE4PPLZK,2026-05-20T13:22:58
KE_1331_2014,1331,-0.161451,35.71944,R,YNDUAZJ235VZCNEIPF36U7FK,2026-05-20T13:22:58
KE_1332_2014,1332,-0.37259,35.661478,R,5LO7YLOAFR3B6PPCBMRRH4PF,2026-05-20T13:22:58
KE_1333_2014,1333,-0.38032,35.613163,R,FRSGQNEA2MLISAYP5M532F5X,2026-05-20T13:22:59
KE_1334_2014,1334,-0.494424,35.571297,R,NCA7SBX24CFYAISKML2E3MMC,2026-05-20T13:22:59
KE_1335_2014,1335,-0.408441,36.021334,R,MZNTJZJKZM2UUOUVOLZPMAUO,2026-05-20T13:23:00
KE_1336_2014,1336,-0.640743,36.01343,R,QFLCQUQVVOFDMDTLY56PRL2X,2026-05-20T13:23:00
KE_1337_2014,1337,-0.452422,36.007398,R,L4Y7F2E2KJF4ZIVTV52FSMLA,2026-05-20T13:23:00
KE_1338_2014,1338,-0.383455,35.941073,R,6H4BSBFFFVZYBLLNVR7U2E6T,2026-05-20T13:23:01
KE_1339_2014,1339,-0.335423,35.964103,U,O672L2R43SQ53KOHXQOXTFRV,2026-05-20T13:23:01
KE_1340_2014,1340,-0.634864,35.641031,R,ZAFRCUTSRA5HGMUXKLQKVGTA,2026-05-20T13:23:02
KE_1341_2014,1341,-1.01517,35.764644,R,VVJK6DMH2IEIZNAA6FUTTEBM,2026-05-20T13:23:02
KE_1342_2014,1342,-1.079724,35.859602,U,7HQO3CLPHZXQZ3FBHOUCDYZY,2026-05-20T13:23:03
KE_1343_2014,1343,-1.081621,35.87284,U,6G675EG5TXOY7JQ6JIHNQ6KN,2026-05-20T13:23:03
KE_1344_2014,1344,-1.070334,35.880537,U,KW2KVZGNCU7MPWGNGGI5F6TD,2026-05-20T13:23:03
KE_1345_2014,1345,-1.085177,35.879183,U,PVFK7JPXLONTI5LLJ6MKFRQO,2026-05-20T13:23:04
KE_1346_2014,1346,-1.087034,35.878596,U,TYQCEW2DTRE5E3GDNUOZJ7WT,2026-05-20T13:23:04
KE_1347_2014,1347,-1.093504,35.889804,U,DHX6D2CWQGMAT5ILF3WVOERT,2026-05-20T13:23:05
KE_1348_2014,1348,-1.060263,36.187449,R,KU7GMTJKQIJZVU4MH4M23CJO,2026-05-20T13:23:05
KE_1349_2014,1349,-1.007501,36.204693,R,2JU3IYQ4LH5QHHE7GYVEUONL,2026-05-20T13:23:05
KE_1350_2014,1350,-0.875208,36.117921,R,Q5BLE2W5XYEK4WNI3HYMQQUW,2026-05-20T13:23:06
KE_1351_2014,1351,-0.794625,36.068717,R,DGSHO7C65IK3YJKB5GPAYBMX,2026-05-20T13:23:06
KE_1352_2014,1352,-0.917761,36.045565,R,QKE56ZO3RANHGA52CY7VOG22,2026-05-20T13:23:07
KE_1353_2014,1353,-1.045031,36.052505,R,HICT66LQ4KDQSDYKQEXVZETX,2026-05-20T13:23:07
KE_1354_2014,1354,-0.735702,36.02499,R,TC6C4NXWOUHCNRKMOBU4ZS7O,2026-05-20T13:23:07
KE_1355_2014,1355,-0.677833,35.901225,R,KBXGLLT5VPP6KQ2OQ6XRACH6,2026-05-20T13:23:08
KE_1356_2014,1356,-1.442908,35.577159,R,CCHCXJMCHP2WS5MXUQAE5SVR,2026-05-20T13:23:08
KE_1357_2014,1357,-1.177176,35.754116,R,YFE2PM7QEFY565DDVMJQRCJ3,2026-05-20T13:23:08
KE_1358_2014,1358,-1.196154,35.241983,R,7LOYTWUBUHE25ALFL6K65QBM,2026-05-20T13:23:09
KE_1359_2014,1359,-1.611423,35.398537,R,3ZYZADOXTRBXR6J5WH5B7MO7,2026-05-20T13:23:10
KE_1360_2014,1360,-1.003934,35.642413,R,BP2JFYEFZ65K7LJMKCLHGT7D,2026-05-20T13:23:10
KE_1361_2014,1361,-1.120233,35.724006,R,WVW7CKPCMN6S3X3TE6CDW6XV,2026-05-20T13:23:10
KE_1363_2014,1363,-0.92285,35.435413,R,DAJ6LE2SPIRL3PUDZR55NPKK,2026-05-20T13:23:11
KE_1364_2014,1364,-0.837669,35.63004,R,6A5C67ACENWFZ5ZT22HPWM7P,2026-05-20T13:23:11
KE_1365_2014,1365,-0.804706,35.570308,R,MEIXBEDIQ2X3LD6RUA2WIDMJ,2026-05-20T13:23:12
KE_1366_2014,1366,-1.042414,34.92762,R,LYUQYPVOD4PDDBKBW7VAKGGY,2026-05-20T13:23:12
KE_1367_2014,1367,-0.928413,34.902305,R,PW7JC4PMKIDNOT4K6K5MPLJS,2026-05-20T13:23:12
KE_1368_2014,1368,-1.000601,34.876279,U,AUW63M7PUSVT6K5GS6SYZANR,2026-05-20T13:23:13
KE_1369_2014,1369,-1.061921,34.749846,R,T7JP723EPROD2YWKFDXI2JTT,2026-05-20T13:23:13
KE_1370_2014,1370,-0.995874,35.148222,R,UNZJOZFYDHXSXOT3NARXRKNU,2026-05-20T13:23:14
KE_1371_2014,1371,-1.078303,35.085031,R,SXRHH7XZEBTQUIJZDL5JFGNA,2026-05-20T13:23:14
KE_1372_2014,1372,-1.010393,34.972463,R,77B4KTRBGD7BSALLBU74CJQK,2026-05-20T13:23:14
KE_1373_2014,1373,-1.229738,34.810802,U,DC6MYGZWF77QCDP2A4VLODIR,2026-05-20T13:23:15
KE_1374_2014,1374,-1.329582,34.826417,R,7IJTQTC4SKXRUNBTZHFKAAJA,2026-05-20T13:23:15
KE_1375_2014,1375,-1.8505,36.750691,R,ANBRJZUX4GMKYQ4RNWYNG6HT,2026-05-20T13:23:15
KE_1376_2014,1376,-2.064607,36.94953,R,OPFU37V6Q7KHQKZLVN377BAL,2026-05-20T13:23:16
KE_1377_2014,1377,-1.84592,36.782749,U,P5VYYDMNJNCXIDXLHJYE3X2W,2026-05-20T13:23:16
KE_1378_2014,1378,-2.358009,37.036531,R,FZHA3P52O6ZRFDGDIZFCOCP7,2026-05-20T13:23:16
KE_1379_2014,1379,-2.10955,37.461038,R,WOTBYYCOIERBCQ6I3KOFHHTN,2026-05-20T13:23:17
KE_1380_2014,1380,-2.299266,36.810426,R,GIU5FNJM6RH34CKTYEUGNJGU,2026-05-20T13:23:17
KE_1381_2014,1381,-2.462057,36.82485,R,73LWHF2AJAOOZORFBJ2A5D66,2026-05-20T13:23:18
KE_1382_2014,1382,-2.473565,36.700277,R,N4UOZEZB7YN6WCVKYV63P25C,2026-05-20T13:23:18
KE_1383_2014,1383,-2.350552,37.221197,R,674W7JV5WGJBXGTYA7PMO6SC,2026-05-20T13:23:18
KE_1384_2014,1384,-2.830255,37.540571,R,EEN4TZ7SUGHDQLXP2FZCXCHG,2026-05-20T13:23:19
KE_1385_2014,1385,-2.946827,37.546281,R,JWFIPAAFUB5RS5JB7RQTD4VJ,2026-05-20T13:23:19
KE_1386_2014,1386,-3.160807,37.733419,R,VO6ASY64NTCLJJGMU6KITWI6,2026-05-20T13:23:19
KE_1387_2014,1387,-1.659861,36.550562,R,23FJSDRZZDF6WQNN4X7C5XFN,2026-05-20T13:23:20
KE_1388_2014,1388,-1.415356,36.180797,R,WQDPGASAELJLHTA63FOUVZXW,2026-05-20T13:23:21
KE_1389_2014,1389,-1.68735,36.848807,U,F26W66XLYUAW7HPYRFESYVE4,2026-05-20T13:23:21
KE_1390_2014,1390,-1.489443,36.959488,U,SIG7Q7EQONSV3Y65HGNLREMB,2026-05-20T13:23:21
KE_1391_2014,1391,-1.476782,36.965545,U,DO2F3JX3ZJO4HP5LGB4Q7RUW,2026-05-20T13:23:22
KE_1392_2014,1392,-1.470559,36.960664,U,PHGQBJ4YENOMIRZRBSLE7CDV,2026-05-20T13:23:22
KE_1393_2014,1393,-1.472465,36.954037,U,MQKAMOJKNLSPQZK4HDWBDDX2,2026-05-20T13:23:23
KE_1394_2014,1394,-1.579725,36.953958,R,XSBICWMVTLMG5BBARDLVGZIB,2026-05-20T13:23:23
KE_1395_2014,1395,-1.937878,36.097511,R,ZHXEZJX62D3CEHS45FK7TNPA,2026-05-20T13:23:23
KE_1396_2014,1396,-1.413816,36.685111,U,3ORA2NL5DTJ4TDWJC4HU3FXB,2026-05-20T13:23:24
KE_1397_2014,1397,-1.448822,36.699644,R,PVAXVZZ2JOFHTA7HHAYKZBXK,2026-05-20T13:23:24
KE_1398_2014,1398,-1.377557,36.636467,U,ZXT3VVE66LJHLERMNKGYYBY2,2026-05-20T13:23:25
KE_1399_2014,1399,-1.374671,36.717562,U,VYOUKMM7M7ZLKU7VBQ43WEMG,2026-05-20T13:23:25
KE_1400_2014,1400,-1.406223,36.751576,U,AJSMZGQAGI3MBXIMAOURED3W,2026-05-20T13:23:25
KE_1401_2014,1401,-1.399571,36.751907,U,HUAMMN7GB545XA7ZKXJWIL62,2026-05-20T13:23:26
KE_1402_2014,1402,-1.384289,36.746626,U,ZOUGNN44WFNXAC6CHCKGDLUS,2026-05-20T13:23:26
KE_1403_2014,1403,-1.396583,36.708163,R,ANIJBHIYIG6PI2OI2KTIZUSU,2026-05-20T13:23:26
KE_1404_2014,1404,-1.337754,36.679553,U,53QGQMB3WADN4BPVLB5UVNX3,2026-05-20T13:23:27
KE_1405_2014,1405,-1.368593,36.655059,U,IN2I6NT4AX6GKHT3OYJFZ4HE,2026-05-20T13:23:27
KE_1406_2014,1406,-1.385874,36.759513,U,X2WV3JI6OEUM7OUPVIOTCINF,2026-05-20T13:23:28
KE_1407_2014,1407,-1.414127,36.773572,U,SILVCXDCCGCBQD3PU2SRIOM3,2026-05-20T13:23:28
KE_1408_2014,1408,-1.399444,36.714933,U,PTSHPDV26HDDPZEDH363DQ7B,2026-05-20T13:23:28
KE_1409_2014,1409,-0.430999,35.049545,R,ZXF7ZA46SIR5TLPSX7IEWWFL,2026-05-20T13:23:29
KE_1410_2014,1410,-0.392989,35.014168,U,H7CN3JFN3ICGCXM35EWXIVXY,2026-05-20T13:23:29
KE_1411_2014,1411,-0.262973,35.068721,R,6PB3TXIA4EPAHNBITHNIM2KL,2026-05-20T13:23:30
KE_1412_2014,1412,-0.245964,35.227399,R,BTPE2PVJV74MS3IU7RHFL4YR,2026-05-20T13:23:30
KE_1413_2014,1413,-0.309298,35.319857,R,NOM5TN7GPPY3SS3F2VSZXNRJ,2026-05-20T13:23:30
KE_1415_2014,1415,-0.311582,35.257711,R,B5JAFPX2NXPTSMNAXMJVZ5NK,2026-05-20T13:23:31
KE_1416_2014,1416,-0.251504,35.260667,R,QCLTVKZ4MH2TBEKMMIQDESQU,2026-05-20T13:23:31
KE_1417_2014,1417,-0.318156,35.312409,U,XYLGNZAMDISBKXS2XGB63KFF,2026-05-20T13:23:32
KE_1418_2014,1418,-0.349574,35.319845,U,OY737KKBN57E2WI5NNGTLNUS,2026-05-20T13:23:32
KE_1419_2014,1419,-0.36287,35.285291,U,POYXTP5CRRTPXE5L547BEBT2,2026-05-20T13:23:32
KE_1420_2014,1420,-0.383661,35.298739,U,ARISWQGCSJ3U6YI7M23ZBNBZ,2026-05-20T13:23:33
KE_1421_2014,1421,-0.36909,35.154233,U,YNLN7ZFJW3UIZ2POPY3HGQNF,2026-05-20T13:23:33
KE_1422_2014,1422,-0.338838,35.223389,R,4OL36NUB57ACNBFQUBAIGB6J,2026-05-20T13:23:34
KE_1423_2014,1423,-0.313347,35.228637,U,G4EESMOYFVM4Z5Z4C5LQSMXQ,2026-05-20T13:23:34
KE_1424_2014,1424,-0.388691,35.146404,R,OTT7QKKYMZC5TQXFJRIO25H6,2026-05-20T13:23:35
KE_1425_2014,1425,-0.457094,35.18281,R,XQMHR7V3OBLOWTMTAVMFLX73,2026-05-20T13:23:35
KE_1426_2014,1426,-0.421155,35.262754,R,UN6YHCBW2IIGYL6S32SMJAJI,2026-05-20T13:23:35
KE_1427_2014,1427,-0.174651,35.310926,R,RL5XHUXQMI7OGMNBHRZ6V2SW,2026-05-20T13:23:36
KE_1428_2014,1428,-0.180383,35.417612,R,MRZP7FKAGLG5KD7B4M37Z66T,2026-05-20T13:23:36
KE_1429_2014,1429,-0.132023,35.538949,R,5HNF56FC7VPJKXCI2NIEY6RY,2026-05-20T13:23:37
KE_1430_2014,1430,-0.191186,35.59369,U,UUDAINPT3BVVYEMCVLRAHDNU,2026-05-20T13:23:37
KE_1431_2014,1431,-0.107795,35.550457,U,X6LDXEEP6QFZ2CXEUB3PLPNA,2026-05-20T13:23:38
KE_1432_2014,1432,-0.199389,35.461119,U,J7G5BADTL5WXCXE7YKB7R7IN,2026-05-20T13:23:38
KE_1433_2014,1433,-0.196551,35.403256,U,LV3MB4J2YCGA5FQNHMBJAE33,2026-05-20T13:23:38
KE_1434_2014,1434,-0.288745,35.428536,R,FP4XIGGEXOOPZR6XJZENUYAB,2026-05-20T13:23:39
KE_1435_2014,1435,-0.255458,35.517833,U,JLKVSLZGRCXXFH44FROHHCEQ,2026-05-20T13:23:39
KE_1437_2014,1437,-0.631907,35.196289,R,3V4GS4UK66E7P7RGEXYYIEY7,2026-05-20T13:23:40
KE_1438_2014,1438,-0.61275,35.13265,R,TGQW63K5EFRF3ZHRGZI67UOW,2026-05-20T13:23:40
KE_1439_2014,1439,-0.577405,35.065507,R,HG6WUR3OXJPGMX6O32ZDSTRG,2026-05-20T13:23:41
KE_1440_2014,1440,-0.505406,35.125053,R,BHR2XBOZX6PII6RAOKN6WQND,2026-05-20T13:23:41
KE_1441_2014,1441,-0.497134,35.202144,R,5BUJXIKGPRKMBSZDQDTKUCDW,2026-05-20T13:23:41
KE_1442_2014,1442,-0.506052,35.276078,R,RSGZ55V7N5FK5FCGJIQR66HF,2026-05-20T13:23:42
KE_1443_2014,1443,-0.544988,35.240994,R,LRZGDEDENKC2XTEU7NEB6TFU,2026-05-20T13:23:42
KE_1444_2014,1444,-0.58225,35.257638,R,IMGOE7NZNM46CPWPSHXFWJT5,2026-05-20T13:23:42
KE_1445_2014,1445,-0.604581,35.371028,R,DQDNHDJXQS2NB44MFWLCOBJ2,2026-05-20T13:23:43
KE_1446_2014,1446,-0.579929,35.27972,R,4TBL5UEJQBPIKI2T3HVMMVEH,2026-05-20T13:23:43
KE_1447_2014,1447,-0.589288,35.257963,R,34BPDJJKUQYJNAXISKGTLK23,2026-05-20T13:23:43
KE_1448_2014,1448,-0.591624,35.224002,R,DYVRHWISUHBW72A3NAKBXWM3,2026-05-20T13:23:44
KE_1449_2014,1449,-0.892797,35.037403,R,N5IL2R3GRQBF6UR6GKWNXSNC,2026-05-20T13:23:44
KE_1450_2014,1450,-0.842082,35.151825,R,HBVYCNBK2H2C6MRPC4Q2XA5X,2026-05-20T13:23:44
KE_1451_2014,1451,-0.694253,35.081947,U,WR32RES35Y7H2YUHJNW4AU3P,2026-05-20T13:23:45
KE_1452_2014,1452,-0.689667,35.117046,U,NLS7CP6XZXW4T7PU4BBH45TX,2026-05-20T13:23:45
KE_1453_2014,1453,-0.68156,35.125071,R,FVIIZE3AA4XGCEUPAD75UU5A,2026-05-20T13:23:46
KE_1454_2014,1454,-0.695824,35.27911,R,BM26SRLJPDWGM4VJXFUFA35X,2026-05-20T13:23:46
KE_1455_2014,1455,-0.761427,35.316538,R,5L6H2QMUNP3W6E4MRSMWDQTV,2026-05-20T13:23:46
KE_1456_2014,1456,-0.690745,35.274238,R,W7CIVA2K7Y4XJWHTLLKYROWA,2026-05-20T13:23:47
KE_1457_2014,1457,-0.797883,35.330814,U,CD5VKJAYZWVB7LG225OKLBPA,2026-05-20T13:23:47
KE_1458_2014,1458,-0.812698,35.324192,U,W5PV2OKJPAN5OOR756G3XCW6,2026-05-20T13:23:47
KE_1459_2014,1459,-0.762919,35.402807,U,XQS6H7BDJQISE2L5W3OVT6BF,2026-05-20T13:23:48
KE_1460_2014,1460,-0.656315,35.33958,R,D23W7KLWQT274RR3ZMG2N5TH,2026-05-20T13:23:48
KE_1461_2014,1461,-0.681547,35.246099,R,KOWKBZDROO4K5R2JYPNE7SLB,2026-05-20T13:23:49
KE_1462_2014,1462,-0.72113,35.322466,U,CH2JVBZVGFTTRMCOV55NP6OD,2026-05-20T13:23:49
KE_1463_2014,1463,-0.789954,35.338411,U,NAPRL65PVOAFFAJVWT5DF36Z,2026-05-20T13:23:49
KE_1464_2014,1464,-0.762671,35.319324,U,6IMVUR67V4ZANWP36GGKPIZO,2026-05-20T13:23:50
KE_1465_2014,1465,-0.825222,35.405156,R,JPGEI4A6O3G2XHZP3GLJENEB,2026-05-20T13:23:50
KE_1466_2014,1466,-0.793262,35.42548,R,PPYRQTYMKJNEZPLPGYJZWQOC,2026-05-20T13:23:50
KE_1467_2014,1467,-0.832445,35.444588,R,VX5GPDYMFRNYIPV32NLBJUSR,2026-05-20T13:23:51
KE_1468_2014,1468,-0.948789,35.386965,R,GY2MXDAGHGSJEJVHURPFUX6Y,2026-05-20T13:23:51
KE_1469_2014,1469,-0.996636,35.236256,R,D54LIR47O5RJGTKGNCD3DN6Y,2026-05-20T13:23:51
KE_1470_2014,1470,-1.003358,35.276106,R,V5YFKVL2GK5XEQIIBSIBUHWO,2026-05-20T13:23:52
KE_1471_2014,1471,-0.883526,35.233769,R,EPNVTLRZFMHH7JDQDOE6U5HM,2026-05-20T13:23:52
KE_1472_2014,1472,-0.954275,35.207515,R,WZCPGL6WIG65B6E4ISNTNWDP,2026-05-20T13:23:52
KE_1473_2014,1473,-0.897654,35.167563,R,KIAUEC7EFZY53KAVBNIL2767,2026-05-20T13:23:53
KE_1474_2014,1474,0.304648,34.692785,R,ZSCNKIMV7Y2QBKP7QXQQLWG6,2026-05-20T13:23:53
KE_1475_2014,1475,0.322075,34.70972,R,UEQT62XHC3GSPDH52PYJDZ2K,2026-05-20T13:23:54
KE_1476_2014,1476,0.325561,34.629113,R,ONPKGDZHQEJCBSCQ4T5KNDBR,2026-05-20T13:23:54
KE_1477_2014,1477,0.434206,34.681026,R,MWBRQPHS7KVIEDHPKUUXAQWH,2026-05-20T13:23:54
KE_1478_2014,1478,0.289493,34.756468,U,OYX4JS7FWWPWJBGJVS753CUH,2026-05-20T13:23:55
KE_1479_2014,1479,0.293082,34.747117,U,SHVTPBSQ25C3ZFPTE4ML7WOO,2026-05-20T13:23:55
KE_1480_2014,1480,0.304711,34.777133,U,JP6ENEO36TDJE34RRSKPDODJ,2026-05-20T13:23:55
KE_1481_2014,1481,0.272332,34.753309,U,ZZPOJ2MUAQ7VWN7ZO62H4S32,2026-05-20T13:23:56
KE_1482_2014,1482,0.314432,34.776763,U,DIAXR5I7QO4CV32P7VCI5XQY,2026-05-20T13:23:56
KE_1483_2014,1483,0.220104,34.681515,R,M4MSC4UPZXUPAPZWYGX5MLDG,2026-05-20T13:23:56
KE_1484_2014,1484,0.199015,34.770463,R,FWOPCVJRNYYJ2FRN4WRDP36I,2026-05-20T13:23:57
KE_1485_2014,1485,0.512855,34.773401,R,RVUGCMVSCDERRJMUVH7MDFR6,2026-05-20T13:23:57
KE_1486_2014,1486,0.375991,34.788127,R,TETYK63FYGE2ZNCF7C4EUWYL,2026-05-20T13:23:57
KE_1487_2014,1487,0.497949,34.835408,R,RX4BGXJQ5QTOSFJSTJCIYTVI,2026-05-20T13:23:58
KE_1488_2014,1488,0.391379,34.769475,R,5SSVSYQJY5GWE7TXSL6PHSBB,2026-05-20T13:23:58
KE_1489_2014,1489,0.219654,34.87053,R,3Q6UB2EQFFUAIO2LUIKFBYMY,2026-05-20T13:23:59
KE_1490_2014,1490,0.227373,34.812265,R,DDHDB7PN37HDAAIPAYOJTCZQ,2026-05-20T13:23:59
KE_1491_2014,1491,0.567985,34.784985,R,HI2DTBSLT4O3D5WRT4TFIQEQ,2026-05-20T13:23:59
KE_1492_2014,1492,0.642872,34.847386,R,KQOZ26SEU7PSZTNPHUX7UGAE,2026-05-20T13:24:00
KE_1493_2014,1493,0.644525,34.940469,R,WC6IA5ZGGBG47SJOJX26NVTZ,2026-05-20T13:24:00
KE_1494_2014,1494,0.642246,35.004217,R,QKMQDET4JUD3Q54VYE6RSHQS,2026-05-20T13:24:00
KE_1495_2014,1495,0.789392,35.108515,R,YC3H3NCTEUBSVXCPEBB63TYK,2026-05-20T13:24:01
KE_1496_2014,1496,0.826533,35.122979,U,KHTIYOWIJBBYDR2F6OKXGOZI,2026-05-20T13:24:01
KE_1497_2014,1497,0.868692,35.111148,R,VIB6NAKNITSNF5Z24QC7IWYV,2026-05-20T13:24:01
KE_1498_2014,1498,0.375835,34.467169,U,3DTOETPAMB235CL6VON435UB,2026-05-20T13:24:02
KE_1499_2014,1499,0.468339,34.488422,R,ERRIK2Z5YLJLEIXHKPKQ6TUH,2026-05-20T13:24:02
KE_1500_2014,1500,0.409152,34.361391,R,NGXCD53ILDSKBDWO2VBOQX5R,2026-05-20T13:24:02
KE_1501_2014,1501,0.233663,34.430836,R,L3COUCTW4FGMTSUHZJ2QPBXT,2026-05-20T13:24:03
KE_1502_2014,1502,0.225574,34.438099,R,QAJ5UIGPZOTS45XFAI6AFRHR,2026-05-20T13:24:03
KE_1503_2014,1503,0.340168,34.499054,U,DLG3R7GJCJ2XEO5RNJCEBZ7Z,2026-05-20T13:24:04
KE_1504_2014,1504,0.347007,34.494847,U,W54ZRAY2Z274E2EBOIIXRFPU,2026-05-20T13:24:04
KE_1505_2014,1505,0.319699,34.444913,U,VIM6U7FBMZETSQWGCWT4TPMH,2026-05-20T13:24:04
KE_1506_2014,1506,0.311471,34.581158,U,PKFFFPLKYAKU2QM4TSMGK7UY,2026-05-20T13:24:05
KE_1507_2014,1507,0.284916,34.624791,R,AX6U4WMTP2LJZ7K4YAH4FEQJ,2026-05-20T13:24:05
KE_1508_2014,1508,0.28255,34.461206,R,FXPTZKSDWU55C7HJSZ6IR66Q,2026-05-20T13:24:05
KE_1509_2014,1509,0.203912,34.512882,R,OKVDB56NZITT3XXSPAVHXJHC,2026-05-20T13:24:06
KE_1510_2014,1510,0.17861,34.559141,R,TSZD56WHVT5DQ6HHDDYK2TBU,2026-05-20T13:24:06
KE_1511_2014,1511,0.179715,34.483165,R,GK6KCYE2P6LL2PJGUPVG7FZA,2026-05-20T13:24:06
KE_1512_2014,1512,0.114844,34.722816,U,SSDFR2RAZWKP43QGUDGTYU6V,2026-05-20T13:24:07
KE_1513_2014,1513,0.11063,34.688426,U,73VF4A3A5VPL5IVQD4F6JCKU,2026-05-20T13:24:07
KE_1514_2014,1514,0.072738,34.685017,U,QUNLH2Z6J4TTLXQLUBQZHHWN,2026-05-20T13:24:07
KE_1515_2014,1515,0.093099,34.721793,U,NHYXCI4TX7XOUMHPTH5TQLX4,2026-05-20T13:24:08
KE_1516_2014,1516,0.136901,34.717035,U,TRZVTPBU7SFRMTZMXWAU2C4D,2026-05-20T13:24:08
KE_1517_2014,1517,0.138961,34.809129,R,5EKOMBQJOEEHCUI6NEXOLAEV,2026-05-20T13:24:08
KE_1518_2014,1518,0.079927,34.786202,U,WV4MBZ27SS7HBEFEDZTOPSAP,2026-05-20T13:24:09
KE_1519_2014,1519,0.110498,34.767281,U,4KDZ7J5HD4PBZEV7FADIWWSF,2026-05-20T13:24:09
KE_1520_2014,1520,0.150079,34.809169,R,6TJY44ZOIXIXNE5RCBLV5C5L,2026-05-20T13:24:10
KE_1521_2014,1521,0.0525,34.713821,U,IIXVJCSSRDDXYM7KLDZMBM6B,2026-05-20T13:24:10
KE_1522_2014,1522,0.051701,34.683006,R,KRAKPZUNUUMT5FN442QXQD3Z,2026-05-20T13:24:11
KE_1523_2014,1523,0.019806,34.624584,R,UCBF45JWRNHBPYQVHUPUYKEB,2026-05-20T13:24:11
KE_1524_2014,1524,-0.01326,34.711196,R,XPR6P3GDZKJBWYVJH243QVBQ,2026-05-20T13:24:11
KE_1525_2014,1525,0.074189,34.689696,U,IMW7NDIDDMLZ6OIZTLXD5CL3,2026-05-20T13:24:12
KE_1526_2014,1526,0.078289,34.710857,U,65C4INY5XJSP6GIM6KENEHQP,2026-05-20T13:24:12
KE_1527_2014,1527,0.065476,34.644531,R,Q6V4F7XBZBV4Q6ULA26WCJ62,2026-05-20T13:24:13
KE_1528_2014,1528,0.108326,34.605629,R,GQGQ5ACG57NCMH5G4RVFYLKI,2026-05-20T13:24:13
KE_1529_2014,1529,0.09754,34.717246,R,GQHSCDCML3XDYK7K45DGPBOK,2026-05-20T13:24:13
KE_1530_2014,1530,0.02467,34.648964,R,LVHXK7JYG7Z7JRK2Z2GP7VV5,2026-05-20T13:24:14
KE_1531_2014,1531,0.04196,34.562168,R,A36YTPNUIJK2X7OOORR5WQV5,2026-05-20T13:24:14
KE_1532_2014,1532,0.031064,34.615387,R,RNZLNGMP2MQRSS2E6TRHMJNI,2026-05-20T13:24:14
KE_1533_2014,1533,0.023385,34.56349,U,XJ2T4UUTF73TF2CFIEILQMZI,2026-05-20T13:24:15
KE_1534_2014,1534,0.042106,34.574854,U,WIMP7B7DJLOMBAL6AUFHKUVO,2026-05-20T13:24:15
KE_1535_2014,1535,0.05744,34.576782,R,QBC2C4IZKRGSBCSNJPRM5CG3,2026-05-20T13:24:15
KE_1536_2014,1536,0.035636,34.599667,U,YRVQFR3WCBWCB7L3HXZXDNFR,2026-05-20T13:24:16
KE_1537_2014,1537,0.06208,34.778611,R,RXHT6UKRIMUFABPEKYNYACKG,2026-05-20T13:24:16
KE_1538_2014,1538,0.023683,34.763253,R,MP7BAPAW4RVWWSNJBRAQMWWF,2026-05-20T13:24:16
KE_1539_2014,1539,0.129731,34.796222,R,WDLK5B5KQYSDKP2E4WPUV7LQ,2026-05-20T13:24:17
KE_1540_2014,1540,0.170496,34.818745,R,LFSQMWICYP3TAYK6DZSRQ3ER,2026-05-20T13:24:17
KE_1541_2014,1541,0.128779,34.823048,R,ZYUNYAASEDZWYGB4CCDKEVTW,2026-05-20T13:24:18
KE_1542_2014,1542,0.053751,34.83548,R,NIWYRPHERURGPEQJ7V3ZZYWK,2026-05-20T13:24:18
KE_1543_2014,1543,0.032115,34.78624,R,5XGQK36PDNIJOWWL44Z6Y4P2,2026-05-20T13:24:18
KE_1544_2014,1544,0.576173,34.557147,U,YMSASKCVEML3AGNP33HNBHZZ,2026-05-20T13:24:19
KE_1545_2014,1545,0.58316,34.559365,U,3ZGDTRMANUUAVU6GTUHNFKRY,2026-05-20T13:24:19
KE_1546_2014,1546,0.556065,34.551876,U,Y4ZIYUW3LQTREZ5ZHBLXSAES,2026-05-20T13:24:20
KE_1547_2014,1547,0.575549,34.518346,R,AER64ZGYEEP45UIR6UJNVVLL,2026-05-20T13:24:20
KE_1548_2014,1548,0.549611,34.619532,R,YE5ALTZY2ERTHFYMRA5XA4Y7,2026-05-20T13:24:20
KE_1549_2014,1549,0.479437,34.609508,R,LMYMCUX7ECPQTV5E23H246ZC,2026-05-20T13:24:21
KE_1550_2014,1550,0.568496,34.637875,R,JNKNYYRD4CTJQTR42JLT5SYQ,2026-05-20T13:24:21
KE_1551_2014,1551,0.547832,34.420345,R,QZUAAULA7BFRVTPH47XTY253,2026-05-20T13:24:21
KE_1552_2014,1552,0.485592,34.490674,R,LFF65INYWEWU2RG42EHMTZES,2026-05-20T13:24:22
KE_1553_2014,1553,0.678489,34.476133,R,M4ZUGCLEC7GH6RG7LMPW2WB7,2026-05-20T13:24:22
KE_1554_2014,1554,0.591605,34.436439,R,KEAMD6K5LASXQAO5TAE2G3CG,2026-05-20T13:24:23
KE_1555_2014,1555,0.535798,34.412208,R,KD332KGAH4AFKTWMT7KA3RVC,2026-05-20T13:24:23
KE_1556_2014,1556,0.772745,34.973083,U,EDLVKIFHPWEGMFRYRG3POBBW,2026-05-20T13:24:23
KE_1557_2014,1557,0.848991,34.987144,R,53GQDPEVJKKB5JRKMILJF7JA,2026-05-20T13:24:24
KE_1558_2014,1558,0.808738,34.868153,R,UKH2VNQNKSP7T3UHK4GSTUW5,2026-05-20T13:24:24
KE_1559_2014,1559,0.698363,34.821518,R,IQHBK5KPQBLXQ77IUTJ6QFT7,2026-05-20T13:24:24
KE_1560_2014,1560,0.730196,34.740936,U,355UBTWQF44KS4WTXPCTBCVG,2026-05-20T13:24:25
KE_1561_2014,1561,0.771927,34.716742,U,DOTBERIFJDTX3HUO7VBDJFWA,2026-05-20T13:24:25
KE_1562_2014,1562,0.77874,34.75114,U,UMJQVII3XTH5LK732YAE62CX,2026-05-20T13:24:26
KE_1563_2014,1563,0.860435,34.760318,R,VSHBO2ZRUL4MELW6F4DTESFB,2026-05-20T13:24:26
KE_1564_2014,1564,0.812648,34.642805,U,LWIEEVU4ZMGVKEMU2J7GPZCU,2026-05-20T13:24:27
KE_1565_2014,1565,0.611836,34.760608,U,XJSJQALEFO6THXQZSQQK52NC,2026-05-20T13:24:27
KE_1566_2014,1566,0.578253,34.776632,U,PLMFDR2PBSARHNKKF5AM3C6D,2026-05-20T13:24:28
KE_1567_2014,1567,0.55353,34.752191,R,KYPFF33PXRLZ4DF227O7LVOF,2026-05-20T13:24:28
KE_1568_2014,1568,0.702013,34.64878,R,4NDHGPGTELGNMUNU4VOYH422,2026-05-20T13:24:28
KE_1569_2014,1569,0.714867,34.82787,R,G56IIIGK6A72ASYKRHKQXE66,2026-05-20T13:24:29
KE_1570_2014,1570,0.633658,34.757703,U,GUVHRGVOU7Z6PNWXQH4A4MUA,2026-05-20T13:24:29
KE_1571_2014,1571,0.656155,34.810907,R,IKYZNGTZN27FO4HLEDU3JTMK,2026-05-20T13:24:30
KE_1572_2014,1572,0.764092,34.546079,R,IDQKKATOU2L2DYGIIVC6B6OE,2026-05-20T13:24:30
KE_1573_2014,1573,0.697663,34.442202,R,CXZKHQR6DVDVTRYS5MN7NESA,2026-05-20T13:24:30
KE_1574_2014,1574,0.703919,34.602214,R,BTHMYAF7KWGL7ZPFNVLCWL2E,2026-05-20T13:24:31
KE_1575_2014,1575,0.66294,34.615984,R,MYPEGKFS36AOG52QZFU2FGAN,2026-05-20T13:24:31
KE_1576_2014,1576,0.756345,34.640738,R,IVDRVNEOOMDWNTQ5LE6674QK,2026-05-20T13:24:31
KE_1577_2014,1577,0.790796,34.484547,R,S7T5HCMMOPFULYGOGIG6IK2F,2026-05-20T13:24:32
KE_1578_2014,1578,0.827789,34.582138,R,MYHGL6K7SZZUJ6X7NVOHZRYT,2026-05-20T13:24:32
KE_1579_2014,1579,0.85851,34.765846,R,VUWN467WXDMKGUSBUK4SPY74,2026-05-20T13:24:33
KE_1580_2014,1580,0.439757,34.108762,U,UKP6UDELCJPBHO2HUD5UYJ6I,2026-05-20T13:24:33
KE_1581_2014,1581,0.454,34.1215,U,2XF2KNNS5WETC4BFN2BX73WI,2026-05-20T13:24:33
KE_1582_2014,1582,0.446106,34.126216,U,4NYIHFG2GXAGNFW2EKKZMNO2,2026-05-20T13:24:34
KE_1583_2014,1583,0.377535,34.140872,R,BORW5SC4LRLCY6Y2A6WC6BK6,2026-05-20T13:24:34
KE_1584_2014,1584,0.425707,34.184941,R,3BXZKKB7C4HPML7PIDFF3MJ3,2026-05-20T13:24:34
KE_1585_2014,1585,0.43095,34.188571,R,YAAOX5U4DUM5SHE4WOX54SFG,2026-05-20T13:24:35
KE_1586_2014,1586,0.476385,34.261464,R,WDGGESURU6FUYL23D34L74CP,2026-05-20T13:24:35
KE_1587_2014,1587,0.512319,34.391624,R,JI5SLOXEWHUQ3E26SVFOYHLE,2026-05-20T13:24:36
KE_1588_2014,1588,0.459937,34.323731,R,WBPXOR5YY7TSTWVDDNWG23JT,2026-05-20T13:24:36
KE_1589_2014,1589,0.541424,34.334203,R,SZZ2MZCIR53RHAIFOGCVCRQA,2026-05-20T13:24:36
KE_1590_2014,1590,0.417201,34.342472,R,UJRG3OJBFEIXCOO342KN3U5J,2026-05-20T13:24:37
KE_1591_2014,1591,0.384405,34.285201,R,ODSMAS66NH7HT5UARUWHGDFB,2026-05-20T13:24:37
KE_1592_2014,1592,0.345087,34.268557,R,7KED5UF234E3MJWS5XTELYHF,2026-05-20T13:24:38
KE_1593_2014,1593,0.315353,34.255938,R,RVWIJNRY3ITTOK27U2RCGRKN,2026-05-20T13:24:38
KE_1594_2014,1594,0.727016,34.326847,R,NSAM2BFSRC4PRDEE57WRC34I,2026-05-20T13:24:38
KE_1595_2014,1595,0.730415,34.367476,R,JJJ7HEN7SYWWI5MAHP4UTE7Z,2026-05-20T13:24:39
KE_1596_2014,1596,0.601651,34.22656,R,2CPGK5QEGRNE46OP3N3UD2WK,2026-05-20T13:24:40
KE_1597_2014,1597,0.627666,34.256786,U,JKV2ESPVT6YCLAZ4RAW2BDUW,2026-05-20T13:24:44
KE_1598_2014,1598,0.63677,34.269118,U,J5P7RWYFSELI5Z7G2ALZYUFP,2026-05-20T13:24:44
KE_1599_2014,1599,0.286098,34.058839,R,J7QM22FK7EBWCJJHUIV7ZNB5,2026-05-20T13:24:45
KE_1600_2014,1600,0.284145,34.123192,R,PZZMKXZPFNFZ5JLMJ3VU6BAV,2026-05-20T13:24:46
KE_1601_2014,1601,0.227144,34.078147,R,WF3LE24A6Y3JX2XLUMCMTWMU,2026-05-20T13:24:46
KE_1602_2014,1602,0.163928,34.058632,R,3SYMWQP2T5PU7QS264QDOBN2,2026-05-20T13:24:47
KE_1603_2014,1603,0.091729,33.974271,U,TOWBGN727UWMI4WUOCWIGGIU,2026-05-20T13:24:47
KE_1604_2014,1604,0.096849,33.971877,U,7NA7SM3LEFD2D7CKWI6UYSGM,2026-05-20T13:24:48
KE_1605_2014,1605,0.13255,34.028321,R,7UQR2FQA7FJ6KNGCJ7KKOW4T,2026-05-20T13:24:48
KE_1606_2014,1606,0.111918,34.006716,R,WMM7ADDQ4MLALLKSX5AF2XXS,2026-05-20T13:24:49
KE_1607_2014,1607,0.6135,34.194321,R,24EQLALGDEGRLXAKWFDEWRV6,2026-05-20T13:24:49
KE_1608_2014,1608,0.577623,34.261595,R,2RKRO5BIHS27SAC7X3PXZFHE,2026-05-20T13:24:49
KE_1609_2014,1609,0.560891,34.248927,R,MGAS3TBW6J7QIOEIAMTOJ2VV,2026-05-20T13:24:50
KE_1610_2014,1610,0.500992,34.174886,R,KMHETTMJK2O7HXCQ4S2Z3TCF,2026-05-20T13:24:50
KE_1611_2014,1611,0.456166,34.122642,U,GJ6U5AO3N2UIPL7KLMUU5MHK,2026-05-20T13:24:50
KE_1612_2014,1612,0.49486,34.156075,U,E7JG5W5Q2G7SIOAX57VIM7H6,2026-05-20T13:24:51
