cluster_id,lat,lon,year,urban,task_id,timestamp
AO_1_2011,-12.350257,13.534922,2011,U,K3C4XJQH2D77HNBVDGGCOAA4,2026-06-09T14:47:23
AO_2_2011,-12.360865,13.551494,2011,U,QLQUVOB56H4ERKC2ZRSWNJTD,2026-06-09T14:47:24
AO_3_2011,-12.613421,13.413085,2011,U,CWVF3UT2MLCN7MF3XA2FALRW,2026-06-09T14:47:24
AO_4_2011,-12.581454,13.397711,2011,U,63GIP7KVFJKH7Z7UAB3TRZNW,2026-06-09T14:49:02
AO_5_2011,-12.578135,13.418748,2011,U,YPALYPYR5NCS77VT7RIMD4QZ,2026-06-09T14:49:02
AO_6_2011,-12.575305,13.408575,2011,U,BRPKRVGNYDUDF6GCJBRBL35F,2026-06-09T14:49:03
AO_7_2011,-11.188879,13.838995,2011,U,VGURQBKZW3FW7BRNNKXNM4WZ,2026-06-09T14:49:03
AO_8_2011,-11.20005,13.832946,2011,U,BBK4SI4T4KWQEDMAFQF3GTTV,2026-06-09T14:49:04
AO_9_2011,-8.593237,13.643248,2011,U,UWOI7FGQMITFPRJ6Y7L6S6PU,2026-06-09T14:49:05
AO_10_2011,-8.583901,13.664315,2011,U,FKQRZ6PTOJT25XSSUNVFEVLU,2026-06-09T14:49:06
AO_11_2011,-12.752814,15.742476,2011,U,UIRASQVMWWDZGNCKVWHRZJIU,2026-06-09T14:49:06
AO_12_2011,-12.782553,15.7543,2011,U,WDS726DJYL3PJELPXED3FE6B,2026-06-09T14:49:06
AO_13_2011,-12.600115,13.200098,2011,R,BWZLRRSKZJZFD25WUX7XDL5G,2026-06-09T14:49:07
AO_14_2011,-12.594752,13.202681,2011,R,JF7AWPB3OLFU646RHYGE2GWC,2026-06-09T14:49:07
AO_15_2011,-12.426923,13.554357,2011,R,GEELXYN3ZBMEJO4HLNGTZMDM,2026-06-09T14:49:08
AO_16_2011,-12.426737,13.558511,2011,R,IPYBZIPTDNVHMG2377WVSMBW,2026-06-09T14:49:08
AO_17_2011,-13.434386,14.269446,2011,R,3M4YTPLRJLFPQP5XCZR6SWBL,2026-06-09T14:49:08
AO_18_2011,-13.465144,14.278094,2011,R,BFQNU7M5UYOMWDWPVJ2B5VL5,2026-06-09T14:49:09
AO_19_2011,-12.34475,14.773096,2011,U,UB7L3ZG6HTQIINRHAE5WZFST,2026-06-09T14:49:09
AO_20_2011,-12.371371,14.753342,2011,R,Q2UJ3FQUBIHOI7ZVRQTXOPDY,2026-06-09T14:49:10
AO_21_2011,-10.871302,14.353967,2011,R,3B7DNICC24DL2F2ML5PMKCHK,2026-06-09T14:49:10
AO_22_2011,-10.858034,14.35882,2011,R,IP4YUKUUDJ4UMFW3ZWP6FHQW,2026-06-09T14:49:11
AO_23_2011,-10.419603,13.970724,2011,R,EX3RSECILPVD3HV3SBFTJCBL,2026-06-09T14:49:11
AO_24_2011,-10.390981,13.984454,2011,R,YD5O2MLSKQBNE3GOOYT4OJBD,2026-06-09T14:49:11
AO_25_2011,-11.537386,14.726956,2011,R,JWCXNL5BZBLWDT3P46UMJQBM,2026-06-09T14:49:12
AO_26_2011,-11.517536,14.75472,2011,R,L7NGUVS73PXAMMCERBFX63MO,2026-06-09T14:49:13
AO_29_2011,-9.096796,13.6464,2011,R,DUTLJP23LBTHGWARQE3SNIG7,2026-06-09T14:49:13
AO_30_2011,-9.172912,13.648187,2011,R,UZ67K7VYMVFGFVMWAYZELX5Y,2026-06-09T14:49:13
AO_31_2011,-8.159112,14.469092,2011,R,DGJE33LE2Z4F46IXJB6WHZDB,2026-06-09T14:49:14
AO_32_2011,-8.159944,14.460016,2011,R,QUXLFO72ACKWPDRJDHX4L2PS,2026-06-09T14:49:14
AO_33_2011,-6.013011,14.173505,2011,R,Z3NWUXZ22NEQVFPBG4TOKRVG,2026-06-09T14:49:15
AO_34_2011,-5.869627,14.099057,2011,R,JM4IY64B7CT5LVH4RBES77VI,2026-06-09T14:49:15
AO_35_2011,-5.872087,13.439567,2011,R,JHELN5QHISHRX77NTXHX4QRK,2026-06-09T14:49:16
AO_36_2011,-5.897936,13.408697,2011,R,LRSPK7PQRIQJIJBIGYRJSRJM,2026-06-09T14:49:16
AO_37_2011,-12.106623,16.69557,2011,R,IEDX5NJQLB4QMY5KTHAQSHMG,2026-06-09T14:49:16
AO_38_2011,-12.186224,16.745166,2011,R,7KSQXRBK4BKJ3GHHKHXQKOQG,2026-06-09T14:49:17
AO_39_2011,-11.383436,16.205631,2011,R,ZGR4D4GQCY37HQRQRPOEOGLA,2026-06-09T14:49:17
AO_40_2011,-11.342776,16.201752,2011,R,2KBZWLIICNLJLPGSIA2CPC7B,2026-06-09T14:49:19
AO_41_2011,-12.216219,17.517328,2011,R,P7EVLSXRBJOERU7JG4SY3B3B,2026-06-09T14:49:21
AO_42_2011,-12.170704,17.546887,2011,R,R3J46VASUP3J7IMNFS4QKT34,2026-06-09T14:49:21
AO_43_2011,-12.13176,17.923544,2011,R,MG5MX6S2PFB4EPBRDWJ2QQFX,2026-06-09T14:49:21
AO_45_2011,-13.913492,17.286135,2011,R,QTRC2G54KMQRZLF5H7YYW44E,2026-06-09T14:49:22
AO_46_2011,-13.751458,17.183673,2011,R,VBKZG5OC2E4DTBG6QXO5HS5B,2026-06-09T14:49:22
AO_47_2011,-12.91732,15.720189,2011,R,MAY3P7BRVEXKMOJNPPYLTZ3V,2026-06-09T14:49:23
AO_48_2011,-12.747986,15.767361,2011,R,NV5ZXZW5SOIAASAMOV5OTD7M,2026-06-09T14:49:23
AO_49_2011,-12.79096,15.743495,2011,R,VYHTPSGBK3PR2TDE3FIOCAVC,2026-06-09T14:49:24
AO_50_2011,-12.875445,15.760207,2011,R,MIDCZRWRB7KIZ6L5LUMULQ6Z,2026-06-09T14:49:24
AO_51_2011,-12.743259,15.761831,2011,R,DX5IJMEZVXS7KVU4US2734EK,2026-06-09T14:49:24
AO_52_2011,-12.772853,15.756213,2011,R,GNB6363MONG3R4NHZXINGHJC,2026-06-09T14:49:25
AO_53_2011,-12.984558,15.943458,2011,R,6WM6RIBWHH6WQZPMDJBQD7VY,2026-06-09T14:49:25
AO_54_2011,-12.73975,15.662196,2011,R,462TYXOKOHBIZEM4JJGKBWOI,2026-06-09T14:49:26
AO_55_2011,-12.537665,16.250486,2011,R,JZT7S7BQDMRGHO7UDEA4UVZS,2026-06-09T14:49:26
AO_56_2011,-12.565216,16.261759,2011,R,NSEWPJKOKOGJHBRW2OSXW7VD,2026-06-09T14:49:27
AO_57_2011,-13.43746,15.412271,2011,R,RU2J6JQ6FF6IZPT25ONL4ZJT,2026-06-09T14:49:28
AO_58_2011,-13.530546,15.460572,2011,R,YWR2RGYYXG3SMCN3KYJPWAKQ,2026-06-09T14:49:28
AO_60_2011,-11.971578,16.488123,2011,R,ADTGUDBAIIRRLSCLDB7Q5ENK,2026-06-09T14:49:28
AO_61_2011,-5.564471,12.20079,2011,U,ARHEALGITKSGIIIGB4QN7ELB,2026-06-09T14:49:29
AO_62_2011,-5.57374,12.192002,2011,U,H2HNGUBIVD3Y52NJ2YS4H2OH,2026-06-09T14:49:29
AO_63_2011,-9.527211,16.338669,2011,U,XTZWUV56JN47UBGK52YV52EF,2026-06-09T14:49:29
AO_64_2011,-9.542977,16.318552,2011,U,Y2HN4JVSWGA5NXNCGZONR3DC,2026-06-09T14:49:30
AO_65_2011,-9.692947,14.432255,2011,U,7BDP4MARBY5GZ6NFA5UI746Z,2026-06-09T14:49:30
AO_66_2011,-9.68139,14.435284,2011,U,OBMMGEVFEWPTPBA6XBPDBSJ2,2026-06-09T14:49:31
AO_67_2011,-7.61528,15.052982,2011,U,FWSQVIVMEPTFCSIH6AAIBBOK,2026-06-09T14:49:31
AO_68_2011,-7.619236,15.061034,2011,U,6VJXGMYLAJ6KUNLC5UGJAZXU,2026-06-09T14:49:31
AO_69_2011,-7.768684,15.252056,2011,U,IAUUHICMKEC4TACYI5PHNWT4,2026-06-09T14:49:32
AO_70_2011,-7.774466,15.251551,2011,U,DXBMFG2ADICM6G7O2BX6YEVT,2026-06-09T14:49:32
AO_71_2011,-4.593331,12.862203,2011,R,BGY2HCNTGOZVMFX27LA6UAHV,2026-06-09T14:49:33
AO_72_2011,-4.465606,12.862364,2011,R,2632CANVQ2S7T5WW6RMVUGZY,2026-06-09T14:49:33
AO_73_2011,-9.598896,21.581054,2011,R,WW7M5DAFXTH54Y2URZPRDMFE,2026-06-09T14:49:33
AO_74_2011,-9.055912,21.48238,2011,R,KHIH7ZS53SSWG5BF2OGAICCP,2026-06-09T14:49:34
AO_75_2011,-10.556164,22.039559,2011,R,6TEOFNUFKQ7KE3SOSZNEZRVA,2026-06-09T14:49:36
AO_76_2011,-10.559984,22.166975,2011,R,2G6YLCCOEIZRNBF2YUVQMFTY,2026-06-09T14:49:37
AO_77_2011,-11.210758,19.821867,2011,R,TJQU5VWL5JC5EK7ZYNDZNYQG,2026-06-09T14:49:38
AO_78_2011,-11.150213,19.794632,2011,R,QKT4KGMVFV5BPPRTKCCQ6D24,2026-06-09T14:49:38
AO_79_2011,-7.695138,21.382575,2011,R,55OGNXHQABOLXVZWKIMC5NJI,2026-06-09T14:49:38
AO_80_2011,-7.728569,21.314003,2011,R,XLUDXXSEY4LSAAMTMDTVKEWT,2026-06-09T14:49:39
AO_81_2011,-7.36819,20.809591,2011,R,LIII62RN7CJCU7VRU44FHNS2,2026-06-09T14:49:40
AO_82_2011,-7.384159,20.796074,2011,R,JZX4PX53J3ME7QNJRRE4U2RH,2026-06-09T14:49:40
AO_83_2011,-9.761993,19.65721,2011,R,EYSIHDAB3WFBVS6UQBAQFMK6,2026-06-09T14:49:40
AO_84_2011,-9.726207,19.631708,2011,R,TBKQIM4PB6Q7EMAIHMRS6LWT,2026-06-09T14:49:41
AO_85_2011,-9.500242,17.465337,2011,R,P5ZITL3RLA2LH2IBDPLWR2B6,2026-06-09T14:49:41
AO_86_2011,-9.498591,17.830035,2011,R,5VL5S5GUQZK223SNYHCVNVAY,2026-06-09T14:49:42
AO_87_2011,-9.568134,16.201997,2011,R,3QBXDGUT6AZ2C3FXTO5QW4UD,2026-06-09T14:49:42
AO_88_2011,-9.661635,16.297115,2011,R,XPCPYS2FCHTUWAJLPMLH5KRJ,2026-06-09T14:49:43
AO_89_2011,-9.469572,16.157832,2011,R,VGCEUWG73C3T5QX233EIJTKO,2026-06-09T14:49:43
AO_90_2011,-9.445209,16.151481,2011,R,6YAZYKQYJWMN5DDSD3ODB2WM,2026-06-09T14:49:44
AO_91_2011,-8.354865,16.118953,2011,R,HLDI6YSAEHRSQTKOLZO2B5WW,2026-06-09T14:49:45
AO_92_2011,-8.378798,16.116516,2011,R,DIDKYL6DR3CXZTX567U3XEQ4,2026-06-09T14:49:45
AO_93_2011,-8.809969,16.79541,2011,R,2SRUJFOX4RZCVOTT2PDXKI3N,2026-06-09T14:49:46
AO_94_2011,-8.821804,16.767913,2011,R,FGLDPKH6PDUQ6HPIQTTBVAIF,2026-06-09T14:49:46
AO_95_2011,-8.495734,16.404243,2011,R,MFKGTXFGRNTNOL5LCMMPIDR3,2026-06-09T14:49:46
AO_96_2011,-8.52078,16.361114,2011,R,HFIHI6H472LB55VW3H3MMZ5Y,2026-06-09T14:49:48
AO_97_2011,-10.972333,17.549232,2011,R,XYIOFWWB5ZTECHKI2DQHIX5B,2026-06-09T14:49:48
AO_98_2011,-10.999863,17.564071,2011,R,ZDSVRBZCBKBXKGGY576LDRVW,2026-06-09T14:49:48
AO_99_2011,-9.478349,16.860985,2011,R,QPTFMTWQWLLBP4W7FFYDKUV5,2026-06-09T14:49:49
AO_100_2011,-9.481052,16.859833,2011,R,4XK7CUWGOMF77HBOTZJJPPBM,2026-06-09T14:49:49
AO_101_2011,-9.271637,15.235037,2011,R,X753BDCM5GRECE6F4RU2GLVU,2026-06-09T14:49:49
AO_102_2011,-9.253066,15.241698,2011,U,V24FJPD3DKIXEWWCQEWTT2UO,2026-06-09T14:49:50
AO_103_2011,-8.177555,15.379147,2011,R,G2GHTXJ36CNQFF5YR3WQPOA5,2026-06-09T14:49:50
AO_104_2011,-8.205036,15.397273,2011,R,GTTYYJDYWY6N2PXYABSLZ4AG,2026-06-09T14:49:51
AO_105_2011,-8.896356,15.599051,2011,R,JWQCHPBUWF47JLCOUYLK75MS,2026-06-09T14:49:51
AO_106_2011,-8.989537,15.580459,2011,R,GXCPMHPLTAV6NHML6UK5ZOH2,2026-06-09T14:49:51
AO_107_2011,-7.790408,15.392677,2011,R,DARRKFZH5DIUF6H3SZ3VOYCP,2026-06-09T14:49:52
AO_108_2011,-8.02952,15.575171,2011,R,7FW4FIJMPQEBPXKHIQNQMPW3,2026-06-09T14:49:52
AO_109_2011,-6.066164,15.087652,2011,R,M2JPBJ5RNTIREEGBHPQJWCJR,2026-06-09T14:49:52
AO_110_2011,-6.081505,15.064407,2011,R,TGLOZMP7JYWLAM3IW5KHZ4FE,2026-06-09T14:49:53
AO_111_2011,-6.661051,15.11861,2011,R,GYB3XH6R6F2JEFOLVYDLNHRQ,2026-06-09T14:49:54
AO_112_2011,-6.696079,15.13254,2011,R,WGMIFFLIXKDNHJ343A4C5LKX,2026-06-09T14:49:54
AO_113_2011,-7.549677,15.45235,2011,R,X6XT7I5TNPNZAWETQXXWZQBG,2026-06-09T14:49:55
AO_114_2011,-7.285451,15.377354,2011,R,V7DXZGND5XTGBPRWCTAUAWZS,2026-06-09T14:49:55
AO_115_2011,-6.492766,16.196565,2011,R,CULDXIAA4KAKDXD7X5UI43IZ,2026-06-09T14:49:56
AO_116_2011,-6.613551,16.243775,2011,R,SI6UURMVVXNIVDYQLCLGQUAV,2026-06-09T14:49:56
AO_117_2011,-6.622739,16.385077,2011,R,I5MGQTWQNXUQ52ZYGJY4EIEM,2026-06-09T14:49:57
AO_118_2011,-6.58359,16.463289,2011,R,TNNMOHOL2HUKMKT4IRAF7FZ3,2026-06-09T14:49:57
AO_119_2011,-6.476821,15.739399,2011,R,Q3PM553G36BISQVK3JKCYPGF,2026-06-09T14:49:57
AO_120_2011,-6.496367,15.90848,2011,R,OBCF25QWJK464DA4KPDUATPX,2026-06-09T14:49:58
AO_121_2011,-14.924358,13.499334,2011,U,L4IK2QRPGML4YEWHL6ENHYJB,2026-06-09T14:49:58
AO_122_2011,-14.921202,13.4958,2011,U,KLTPJ3MNXRKJYBLPSHPIY4RJ,2026-06-09T14:49:59
AO_123_2011,-14.916416,13.501424,2011,U,63K7VND6JBJULSC7GAAFPPWP,2026-06-09T14:49:59
AO_124_2011,-14.926751,13.495507,2011,U,FIBDQSWX5ZDSCZZ2TLVIWQ2U,2026-06-09T14:50:00
AO_125_2011,-14.912081,13.501654,2011,U,EQZQELPW3MILYTXWDQ3EUIHP,2026-06-09T14:50:00
AO_126_2011,-14.925065,13.495747,2011,U,YARW2GLGLNNVYCJQWJGW64SA,2026-06-09T14:50:00
AO_127_2011,-14.920751,13.493788,2011,U,QZBT7DPPEVD4EUMSQ56MLKE6,2026-06-09T14:50:01
AO_128_2011,-14.91614,13.508469,2011,U,TX2XTMIZPQK4PVNHL2LT2GT4,2026-06-09T14:50:01
AO_129_2011,-17.066422,15.719677,2011,U,EXTJYCAUJ36XV3JSVUZIKQTX,2026-06-09T14:50:02
AO_130_2011,-17.06959,15.705331,2011,U,Q3SX3XV3LAUDE6WCUYQGRGYR,2026-06-09T14:50:02
AO_131_2011,-15.121938,12.141942,2011,U,WI5QA7JJALKYQOGXUYVFCCV5,2026-06-09T14:50:02
AO_132_2011,-15.193016,12.161707,2011,U,PUXUWMQHAKO2DOB6DPTX7I2K,2026-06-09T14:50:03
AO_133_2011,-15.81808,11.82366,2011,U,QTMX2KP6KL3HZ26JAZCSKSEZ,2026-06-09T14:50:03
AO_134_2011,-15.798489,11.856787,2011,U,5KCB4TZUI5PZLILBKN5IDK6R,2026-06-09T14:50:04
AO_135_2011,-15.808056,17.921414,2011,R,64X2HGQXZG46DCZ5U6URXE5W,2026-06-09T14:50:04
AO_136_2011,-15.469869,17.996156,2011,R,6EL7CLMHUOFVHF7P4LVP4ZLA,2026-06-09T14:50:04
AO_137_2011,-15.498097,17.98579,2011,R,V27FRAEUSL2IMWAWC66BAXSU,2026-06-09T14:50:05
AO_138_2011,-15.499702,17.969204,2011,R,QINBGTE7BPSGNFNEWKPU7J5G,2026-06-09T14:50:05
AO_139_2011,-16.219002,17.676093,2011,R,CZ6JRSLZLSZD7IXJHESGJXXC,2026-06-09T14:50:06
AO_140_2011,-15.812094,17.51968,2011,R,HZCHQERBLEOVK4NS57BYDAO7,2026-06-09T14:50:06
AO_141_2011,-15.874966,17.406166,2011,R,ZJALRGL7VBJUCAURAIUH4YOK,2026-06-09T14:50:06
AO_142_2011,-15.300348,17.354066,2011,R,HLKKVD6SMNW63325WTQ6TYZZ,2026-06-09T14:50:07
AO_143_2011,-16.296247,22.043261,2011,R,ZMLKSCE2JQNOFH2XK5AZUSKT,2026-06-09T14:50:07
AO_144_2011,-16.363459,22.002347,2011,R,NGVNREG23JE22DKWAWNIYM6W,2026-06-09T14:50:07
AO_145_2011,-11.433788,20.167403,2011,R,RST7FM4YOCP4MOKCJK4QTGVU,2026-06-09T14:50:08
AO_146_2011,-11.33952,20.184083,2011,R,2WZ4GQ5MD2QFR65AONRMUBAI,2026-06-09T14:50:08
AO_147_2011,-14.178899,21.394238,2011,R,UVAUMYV4WFDWPZULJ74BI3AQ,2026-06-09T14:50:09
AO_148_2011,-14.135031,21.503647,2011,R,ALEZSGPS64ZBAJ5BMZ6A77SV,2026-06-09T14:50:09
AO_149_2011,-11.886975,22.924998,2011,R,K6J2EQTTDHKJEULJOZ2A2B7Y,2026-06-09T14:50:09
AO_150_2011,-11.915085,22.876838,2011,R,2TNDI5RLNT265UTNIYGYKUUK,2026-06-09T14:50:10
AO_151_2011,-10.719151,22.202101,2011,R,S4GASP2N5EOAFJXFBLSQ2LXT,2026-06-09T14:50:12
AO_152_2011,-10.691041,22.233159,2011,R,TITXKTBYJGE4UBM4VN5KTFWE,2026-06-09T14:50:13
AO_153_2011,-16.747716,14.987153,2011,R,6YIKONBEC5DJ3NWXP66UWE3H,2026-06-09T14:50:14
AO_154_2011,-16.688241,15.01652,2011,R,TSHMYAWIXRQ7E6XJKU6I2ZJX,2026-06-09T14:50:14
AO_155_2011,-17.10727,14.731981,2011,R,4I45AJ6LQFFLN5PTVTEHHXYK,2026-06-09T14:50:15
AO_156_2011,-17.277097,14.603176,2011,R,J56XZYS6VPAEVMSF47WXKSQA,2026-06-09T14:50:15
AO_159_2011,-16.569325,13.935462,2011,R,XMYB2K6UJHXVKAOT5LX4QJN2,2026-06-09T14:50:16
AO_160_2011,-16.432445,13.879785,2011,R,P246IKRKEHPQVHBXQ4H7ACYA,2026-06-09T14:50:16
AO_161_2011,-15.052206,13.563021,2011,R,A5G2JQ6GFGMOW24DPJIGRU4H,2026-06-09T14:50:16
AO_162_2011,-15.05934,13.55733,2011,R,BATRDDMYHQWIIZ2NKKXGALPC,2026-06-09T14:50:17
AO_163_2011,-14.703161,13.854702,2011,R,DWWG2OGK5XGAHSSFOKKZR26L,2026-06-09T14:50:17
AO_164_2011,-14.700672,13.857399,2011,R,SU37YZXXDIEC655Y6PJRIFYY,2026-06-09T14:50:17
AO_165_2011,-15.352912,13.985749,2011,R,4IZ64JLMIH3SCHDP2CK5CIYY,2026-06-09T14:50:17
AO_166_2011,-15.374823,14.003732,2011,R,Z3BYBTD7JFU2WYZFYJO5T2OT,2026-06-09T14:50:18
AO_167_2011,-13.848003,14.492118,2011,R,PRXOWKFMRCWWFJQR4VBTC34A,2026-06-09T14:50:18
AO_168_2011,-13.858824,14.505897,2011,R,EUMQCEZBKCWAYISQZQGBRMWM,2026-06-09T14:50:19
AO_169_2011,-14.854868,14.541673,2011,R,NT7Y6Y33UEGIIALIX7ESTVNL,2026-06-09T14:50:19
AO_170_2011,-14.82908,14.543073,2011,R,EQSQTGIS5LUG2QN4F5ZZBK4I,2026-06-09T14:50:19
AO_171_2011,-14.744015,15.024417,2011,R,AL3HHOGNHR76BDFPV2UPKTRM,2026-06-09T14:50:20
AO_172_2011,-14.786573,14.932136,2011,R,HHNFSS3W7PUB4PHUIY4XHLEZ,2026-06-09T14:50:21
AO_173_2011,-14.222603,14.877484,2011,R,AKTZS5AB576AAGU25GMWAQOB,2026-06-09T14:50:23
AO_174_2011,-14.009649,14.971961,2011,R,RVQZQ6OSD7YRHKL6H7SHBXCM,2026-06-09T14:50:23
AO_175_2011,-15.753388,13.883774,2011,R,FJXVESM36GT2HJGE4F3UDXE6,2026-06-09T14:50:24
AO_176_2011,-15.750301,13.865579,2011,R,5PG6ZSDX64SRMUF75Y76CPRO,2026-06-09T14:50:25
AO_177_2011,-15.785221,12.099683,2011,R,BK7CS43VYARRAFZGLSJGX5ZK,2026-06-09T14:50:25
AO_178_2011,-15.784844,12.102887,2011,R,7RM2WPBPYOKWJUSHTGWMRCIU,2026-06-09T14:50:25
AO_179_2011,-14.117284,13.235936,2011,R,JNZIEPLNP4BX665SYQE46UUT,2026-06-09T14:50:26
AO_180_2011,-14.084452,13.298436,2011,R,N7XZ5EUDNPTAQSWT7GT5JTAY,2026-06-09T14:50:26
AO_181_2011,-8.817997,13.233722,2011,U,OO4SORV4BZMFPVBZTHP2HHTW,2026-06-09T14:50:26
AO_182_2011,-8.823097,13.229825,2011,U,BDZ666M37ICL5DQJRRZRP7HZ,2026-06-09T14:50:27
AO_183_2011,-8.816141,13.23632,2011,U,55L7K5LYVOLKX4KCEAZB4GCL,2026-06-09T14:50:27
AO_184_2011,-8.813405,13.244106,2011,U,VEZWLVKHRGLTLVRZAQNWSTGK,2026-06-09T14:50:28
AO_185_2011,-8.840443,13.224205,2011,U,IQBCSAPWL4OESAOA3HNDLNJZ,2026-06-09T14:50:28
AO_186_2011,-8.827519,13.225791,2011,U,ZVTFQT32L6KXS2YU3ZO6QYGY,2026-06-09T14:50:28
AO_187_2011,-8.846415,13.224051,2011,U,AKSX2WVHBWMGOANIWDCJ6RQR,2026-06-09T14:50:29
AO_188_2011,-8.875834,13.231401,2011,U,2ZYMOEP4CDLVO7QYEFROMLR7,2026-06-09T14:50:29
AO_189_2011,-8.835869,13.210838,2011,U,67XGKWOUFQV2T5E5PHZHYBPC,2026-06-09T14:50:30
AO_190_2011,-8.832266,13.221907,2011,U,MK753IQ5HYJFI5YZSYQ3MNU5,2026-06-09T14:50:30
AO_191_2011,-8.826286,13.228105,2011,U,MNCT2YSXF4WRRU2GKRR4UMWN,2026-06-09T14:50:30
AO_192_2011,-8.833632,13.229804,2011,U,3F5TUCVYUZ76NAOSVES6BXQG,2026-06-09T14:50:31
AO_193_2011,-8.856284,13.211205,2011,U,RZAHLNLRHCZ3SKVHIQZGJS2Y,2026-06-09T14:50:31
AO_194_2011,-8.87411,13.197329,2011,U,74DVPVL5TPGTI6TSP2SB2ZZS,2026-06-09T14:50:31
AO_195_2011,-8.868386,13.208145,2011,U,KHONIIR4CGUWJ3YBNFCYE6BW,2026-06-09T14:50:32
AO_197_2011,-8.82389,13.248606,2011,U,UNBWRIMV4ODFENGFLMWADQTL,2026-06-09T14:50:32
AO_198_2011,-8.816697,13.259242,2011,U,T2P7ESLQ2W2JESDNBE7MPFHD,2026-06-09T14:50:33
AO_199_2011,-8.815725,13.261332,2011,U,PDYGAUIMDJV4FS4WSYRXSM2F,2026-06-09T14:50:33
AO_200_2011,-8.811948,13.266252,2011,U,TEAUMGSPDVQDGN25BYZWE6CM,2026-06-09T14:50:33
AO_201_2011,-8.813852,13.254427,2011,U,FXSLVWFURKDMLVPWXFZMDZFD,2026-06-09T14:50:34
AO_202_2011,-8.809344,13.260851,2011,U,XQMGJZR54UBPSIF2277TZ5BV,2026-06-09T14:50:34
AO_203_2011,-8.789044,13.288926,2011,U,TNWOJ4ABPEXGKSK3GMPWNHIC,2026-06-09T14:50:34
AO_204_2011,-8.806689,13.29555,2011,U,ZIUYCNMQTGNUTTHW7SEJTUGF,2026-06-09T14:50:35
AO_205_2011,-8.83616,13.262736,2011,U,NJASSMVZTJ25TEPRIADJ7QCW,2026-06-09T14:50:35
AO_206_2011,-8.83683,13.267561,2011,U,2HPTAZJUY7ZUNMNL2IM4B5G4,2026-06-09T14:50:36
AO_209_2011,-8.846789,13.243329,2011,U,55SX56F52IDOV3NCUUXIY34O,2026-06-09T14:50:36
AO_210_2011,-8.827348,13.260334,2011,U,FLCVTRPRDLPACAGL3XHST45F,2026-06-09T14:50:37
AO_211_2011,-8.84793,13.244764,2011,U,XS5MMD3R24W5RDTYBZAOB3PU,2026-06-09T14:50:37
AO_212_2011,-8.865831,13.273651,2011,U,QMXPQARBXGZJD7BS7H3D4X24,2026-06-09T14:50:38
AO_213_2011,-8.864,13.240764,2011,U,DS6IQH7JGWGICBEWMFRXGPBZ,2026-06-09T14:50:38
AO_214_2011,-8.872391,13.268747,2011,U,ZLPERXAQQA4B6DPMUWC7PC3C,2026-06-09T14:50:39
AO_215_2011,-8.864989,13.274756,2011,U,FISZGCUQN6ISJOKYDMCJZGCW,2026-06-09T14:50:39
AO_216_2011,-8.856465,13.26412,2011,U,NKCAVZTKR75PVMIS34IFOCPI,2026-06-09T14:50:40
AO_217_2011,-8.882478,13.2459,2011,U,ZNGBNYOVHNSQXOUCW6M6ZJG3,2026-06-09T14:50:40
AO_218_2011,-8.867516,13.244991,2011,U,5YWB64JXDAB3TJFMRZY7EZRQ,2026-06-09T14:50:40
AO_219_2011,-8.834056,13.209744,2011,U,Z6TQMWJ436WUNHCU5LYLWA7I,2026-06-09T14:50:41
AO_220_2011,-8.816916,13.220078,2011,U,OVSXQOFHARXNHFZZ2ZD7SRLI,2026-06-09T14:50:41
AO_221_2011,-9.004158,13.205266,2011,R,PYP2PIWOAZGR3IXPBMJF3SV3,2026-06-09T14:50:41
AO_222_2011,-8.947241,13.196158,2011,U,7DJXMEUNO4QP6DNIHVYHPZCO,2026-06-09T14:50:42
AO_223_2011,-8.788449,13.343461,2011,U,GVUDZBBN4GSEGUZQ7TCRLS6Z,2026-06-09T14:50:42
AO_224_2011,-8.780709,13.371478,2011,U,6W5SCHIGQKVGFKL3M2U7UVTE,2026-06-09T14:50:43
AO_225_2011,-8.909398,13.360441,2011,U,ZZ5544DCVJ34U2DLFYBBL4PL,2026-06-09T14:50:43
AO_226_2011,-8.911528,13.35434,2011,U,AWHHNS64U7UVCJG6IHDN63US,2026-06-09T14:50:43
AO_227_2011,-8.906169,13.347171,2011,U,SYSIMRS2OJZM3X23DCC5MLDV,2026-06-09T14:50:44
AO_228_2011,-8.924589,13.351689,2011,U,KGJJIJAVSOCUZ3FFUBFHXIJK,2026-06-09T14:50:44
AO_229_2011,-8.872989,13.353201,2011,U,YPQ2WBWSHGFWEI7ZMNN63NBH,2026-06-09T14:50:44
AO_230_2011,-8.914535,13.352352,2011,U,JITDLN2RF3JEBCDQEWJYYM2S,2026-06-09T14:50:45
AO_231_2011,-8.9001,13.381235,2011,U,7LRQLH7NWCJL34J6DH35JO53,2026-06-09T14:50:45
AO_233_2011,-8.788655,13.312563,2011,U,LWKEJTW7STUMCL32MKSUA67E,2026-06-09T14:50:46
AO_234_2011,-8.826405,13.273063,2011,U,CYE7ZZ54L5OQ3WFLPE37DAM2,2026-06-09T14:50:46
AO_235_2011,-8.801185,13.282126,2011,U,DTF62GEXKWECRN4FLLGCPNX2,2026-06-09T14:50:46
AO_236_2011,-8.825431,13.268597,2011,U,JIYU7YQ54DGRNVTMU7TWSERH,2026-06-09T14:50:47
AO_237_2011,-8.800267,13.336221,2011,U,W2C5D6WFJJYZ5IAMHLN2Q5XB,2026-06-09T14:50:47
AO_238_2011,-8.804814,13.322053,2011,U,M4KFZPUV7MN7MZIFA4YAEHSQ,2026-06-09T14:50:48
AO_239_2011,-8.799253,13.33084,2011,U,V3U2KPVYGDXFE5MEYW2IHAQN,2026-06-09T14:50:49
AO_240_2011,-8.776135,13.317466,2011,U,KUPVMLVCLKVDLGFCCVZZM36I,2026-06-09T14:50:50
BF_1_2014,13.068499,-3.655191,2014,R,TRZAIVAYNPI7OWDWVGXHUTBZ,2026-06-09T14:50:50
BF_2_2014,13.239115,-4.100196,2014,R,SY4W4U6JDYOP5KRB5TGSEIWQ,2026-06-09T14:50:51
BF_3_2014,12.974332,-4.12181,2014,R,4D4R67IDAEO3DRLL5XNRHNYD,2026-06-09T14:50:51
BF_4_2014,12.608467,-3.921584,2014,R,5YIXWJSDHDXVGNHJTW2JH6AZ,2026-06-09T14:50:52
BF_5_2014,12.725513,-3.872126,2014,U,2IZOH4UYZSJLHBV5HYEW2C3K,2026-06-09T14:50:52
BF_6_2014,12.494392,-3.43751,2014,R,TEFCS5AF4LY4UIC4GAQNLHFD,2026-06-09T14:50:52
BF_7_2014,12.148797,-3.710033,2014,R,XQQJBWU7VB2UAN5IGBHKSCSR,2026-06-09T14:50:52
BF_8_2014,12.204506,-3.187574,2014,R,TZ36WMDNMS26VL4JWFA4HIQN,2026-06-09T14:50:53
BF_9_2014,13.400412,-2.854944,2014,R,LWSZ3EPQJ5OKI4ZQE7IF3J67,2026-06-09T14:50:53
BF_10_2014,13.129877,-2.594027,2014,R,PMP3F7YUG3WWAENES4AGXPKJ,2026-06-09T14:50:54
BF_11_2014,13.019033,-2.755094,2014,R,LTTJZA3ZZXV7KXNCD375RDIV,2026-06-09T14:50:54
BF_12_2014,13.082855,-3.063647,2014,U,5CI22WZEGDZWTKRQNGZCU77I,2026-06-09T14:50:54
BF_13_2014,11.711754,-2.943899,2014,R,GAWDVUKLOHFIOOSGESWGCMVU,2026-06-09T14:50:55
BF_14_2014,11.864353,-3.143483,2014,R,IPQYKTQNHM7EXKF233AJ3HFD,2026-06-09T14:50:55
BF_15_2014,11.790831,-3.441453,2014,R,N5SI2EH2AYDL4J24HCJQKMJD,2026-06-09T14:50:55
BF_16_2014,11.755858,-4.306393,2014,R,YJ2FW7X3XUKZILXGI6AKODUK,2026-06-09T14:50:56
BF_17_2014,12.057065,-4.156206,2014,R,RFMEE4JP4YQJO7XWXXENC437,2026-06-09T14:50:56
BF_18_2014,12.40269,-3.984834,2014,R,N352ZPYD4N3DIR3EBKYFPAN5,2026-06-09T14:50:56
BF_19_2014,12.530369,-2.852329,2014,R,WREG5D6E4IYY52AC6P2GSWXO,2026-06-09T14:50:57
BF_20_2014,12.613658,-3.217053,2014,R,76KHMQL6JOZK3FCEAPOCJZSR,2026-06-09T14:50:57
BF_21_2014,10.63791,-4.754696,2014,U,EYG5QTQWS5OT53REBZELUTS7,2026-06-09T14:50:58
BF_22_2014,10.585167,-4.703328,2014,R,WUKDNK7IFEPNTZ7WMPSYEATY,2026-06-09T14:50:58
BF_23_2014,10.614969,-4.740942,2014,U,IQLGHQHQV7O7DZF6ZR3O5KA4,2026-06-09T14:50:58
BF_24_2014,10.647434,-4.763956,2014,U,7XTDXVY7ZVCNRCHQDSIXWS7S,2026-06-09T14:50:59
BF_25_2014,10.235588,-4.385631,2014,R,L626FQELIKCAKAL3VTDVIOXE,2026-06-09T14:50:59
BF_26_2014,9.897809,-4.348872,2014,R,574HYSS2H4OMZDKYMODWIDM4,2026-06-09T14:51:00
BF_27_2014,10.330941,-4.858466,2014,R,LY7AKBQMAHIO25RJ47QVUIBP,2026-06-09T14:51:00
BF_28_2014,10.269126,-4.928177,2014,U,KO6X2Y67UHYDIQ6V3PKAAKVY,2026-06-09T14:51:01
BF_29_2014,9.947439,-4.670307,2014,R,CHOJ4BJ76XX5ZLJYY3HWXPRT,2026-06-09T14:51:01
BF_30_2014,10.751661,-4.076916,2014,R,Q52USEAOGJ53ZC2HZ2R7VPWN,2026-06-09T14:51:01
BF_31_2014,10.422391,-4.089979,2014,R,IO4W7WU66T7N6NL37UQGUUF5,2026-06-09T14:51:02
BF_32_2014,10.353851,-4.17741,2014,R,63P3FVKD7UZ5DGWIR6Y4AE6T,2026-06-09T14:51:02
BF_33_2014,10.44532,-4.996774,2014,R,5O2XKRWWZJNUHQO2KVSA4LUO,2026-06-09T14:51:02
BF_34_2014,10.629574,-4.586189,2014,R,LCREW3ZS264A6NWFB3PBZ2VE,2026-06-09T14:51:03
BF_35_2014,10.55783,-5.181945,2014,R,OBWHQEMED6JEBT5FEJF2267W,2026-06-09T14:51:03
BF_36_2014,10.766506,-5.22671,2014,R,4PPCCOY7FGKJRNLYA724Q46X,2026-06-09T14:51:03
BF_37_2014,10.626366,-5.303059,2014,R,HH47ZUS36YEALJFR235KILMP,2026-06-09T14:51:03
BF_38_2014,10.365535,-5.252066,2014,R,HWWWBXKTENGRW7CNKIUHE2XJ,2026-06-09T14:51:04
BF_39_2014,10.602689,-5.191116,2014,R,V4JTTKOQQQX24AKDDNFWGVT2,2026-06-09T14:51:04
BF_40_2014,12.278849,-1.531596,2014,R,LNJJDXX67RLNTJA7WUJ47PO4,2026-06-09T14:51:05
BF_41_2014,12.167698,-1.367047,2014,R,ST2R4FAXT37IKXZYMVU47VVZ,2026-06-09T14:51:05
BF_42_2014,12.412338,-1.410594,2014,R,6BXZ4WYQ2W7C2QJA5XTPKWDR,2026-06-09T14:51:05
BF_43_2014,12.328461,-1.778371,2014,R,6IMKXDQCRQCJ6OGXI2II4KWK,2026-06-09T14:51:06
BF_44_2014,12.365458,-1.552323,2014,U,372PJLQYSZVRK4BCLGMHUCJO,2026-06-09T14:51:06
BF_45_2014,12.392921,-1.554552,2014,U,YVGXMCBLGNL6ABR3JTJCPRO6,2026-06-09T14:51:06
BF_46_2014,12.343847,-1.495096,2014,U,S3QTEBLZRGASFQ6IA3KMCGWI,2026-06-09T14:51:07
BF_47_2014,12.334101,-1.478726,2014,U,3L3UTGPQ3NIDH67YPNX3WROL,2026-06-09T14:51:08
BF_48_2014,12.339002,-1.473737,2014,U,D3AXFAPB5GD5QOXFBFQUNMNN,2026-06-09T14:51:08
BF_49_2014,12.37602,-1.475163,2014,U,GTIDBCYES5DBIQW6WLNUGSW3,2026-06-09T14:51:08
BF_50_2014,12.329031,-1.584878,2014,U,BW7ABDMLLQK64S34GHPGCJB6,2026-06-09T14:51:09
BF_51_2014,12.363333,-1.564482,2014,U,232UJOFQT4SJIHBX2BYMBCDF,2026-06-09T14:51:09
BF_52_2014,12.361749,-1.569774,2014,U,MVTQMZN65YGJQVJXBLRFR64D,2026-06-09T14:51:10
BF_53_2014,12.33358,-1.560485,2014,U,3HVYFD2FNHXHX7LICRICTNUT,2026-06-09T14:51:10
BF_54_2014,12.342634,-1.596767,2014,U,JYOUM5TRZTIISQYE2IMAIT75,2026-06-09T14:51:10
BF_55_2014,12.402994,-1.485317,2014,U,WQXABHTINFJI72ZGIFLLDKX3,2026-06-09T14:51:11
BF_56_2014,12.391948,-1.524893,2014,U,QQN6WXLQIQAYGGB6ZQP6MDSM,2026-06-09T14:51:11
BF_57_2014,12.381116,-1.588113,2014,U,TVWI6WNWD4OBQNCKVYSS6YCI,2026-06-09T14:51:12
BF_58_2014,12.402981,-1.581651,2014,U,P7UW5WR4PBY3CIJPN2JLSEGW,2026-06-09T14:51:12
BF_59_2014,11.625976,-0.460196,2014,R,SIIG3H3MCRAFZR3ETXY3OD7A,2026-06-09T14:51:12
BF_61_2014,11.200774,-0.36796,2014,R,2V4SQDBLBLWI3E7C3RXAT3JG,2026-06-09T14:51:13
BF_62_2014,11.768757,-0.620994,2014,R,CR6XU3MMMMC5YKFOCQBGJAJZ,2026-06-09T14:51:13
BF_63_2014,11.815481,-0.556968,2014,U,OXXUWTMM4AF7C6QUBV44IDP4,2026-06-09T14:51:14
BF_64_2014,11.772675,-0.740943,2014,R,7JX3XCYUM3O67CSFZKK5LNRD,2026-06-09T14:51:14
BF_65_2014,11.777364,-0.348067,2014,U,CK63KI6G3J6ZFXFB6Z5WH3BW,2026-06-09T14:51:14
BF_66_2014,11.730468,-0.430257,2014,R,7BSATMFS52LCYAONBIQQHZBS,2026-06-09T14:51:15
BF_67_2014,11.179037,-0.608846,2014,R,B2T7ZHL4CRBUFIKMGRRC4RNU,2026-06-09T14:51:15
BF_68_2014,11.208703,-0.561151,2014,R,M6SZXBCX77RROFZUNGJVIGRL,2026-06-09T14:51:15
BF_69_2014,12.428669,-0.393244,2014,R,JPEXSMSVSPUI6EFU5FQRU2HQ,2026-06-09T14:51:16
BF_70_2014,11.8966,-0.426713,2014,R,EJMA5CC5CZHZ43CAPWXWP4Q4,2026-06-09T14:51:16
BF_71_2014,12.337625,-0.426437,2014,R,GHCDUJVBT67DWHXLA5YOH74O,2026-06-09T14:51:17
BF_72_2014,12.208058,-0.342269,2014,U,7GY5JV7ANEYOF54LYQIMB3HP,2026-06-09T14:51:18
BF_73_2014,12.298837,-0.433975,2014,R,YNQFZ3QSLIFTC5BWPD7QLZWA,2026-06-09T14:51:18
BF_74_2014,12.222853,-0.423362,2014,U,MD2FFJ5HCYDTKAGE4IX6R2S5,2026-06-09T14:51:18
BF_75_2014,11.679014,0.066645,2014,R,JAK5MMJFH5D4ZLW2J23NR5MT,2026-06-09T14:51:19
BF_76_2014,11.352207,0.141124,2014,R,WX63FPBLHQXKWJSAYDFAORSS,2026-06-09T14:51:19
BF_77_2014,11.097152,0.264183,2014,R,42RL4DZRJLNAF7NOVBIXGPJG,2026-06-09T14:51:19
BF_78_2014,11.21839,0.076965,2014,R,Q5ZSZCJGOXI4IJ565PLRHUXV,2026-06-09T14:51:20
BF_79_2014,13.044047,-1.553203,2014,R,RWQGPEHHACWZCUMA6CL5FSJV,2026-06-09T14:51:20
BF_80_2014,13.454613,-1.549066,2014,R,7BUJ2UW7O7FAQEHTXLVNJFRV,2026-06-09T14:51:20
BF_81_2014,13.242897,-1.52915,2014,R,DAR6FJU6WYGIMNXUS4SZFIV4,2026-06-09T14:51:21
BF_82_2014,13.563943,-1.465167,2014,R,JBXKLNCAQIO5RDFP2L5GS4WJ,2026-06-09T14:51:21
BF_83_2014,12.664089,-0.581365,2014,U,IGOSCPRQWRUVG66XZ4EVSL7A,2026-06-09T14:51:21
BF_84_2014,12.691129,-0.546823,2014,R,PFS63H5REOOCXOJHPVFCH36N,2026-06-09T14:51:22
BF_85_2014,13.769688,-0.60363,2014,R,JAU45F6NSNQ7MURQU76ZYBGT,2026-06-09T14:51:22
BF_86_2014,13.131325,-0.540579,2014,R,ZV7MOOCIJE4ZPZPYUPC553KJ,2026-06-09T14:51:23
BF_87_2014,13.07401,-0.420251,2014,R,JZQUENPZFBHDH3EO3LTGODMJ,2026-06-09T14:51:23
BF_88_2014,13.286344,-1.031602,2014,R,3IKEWMBJ5CBHPBOPCFTSEIMM,2026-06-09T14:51:24
BF_89_2014,13.246273,-1.056743,2014,R,UXSRCT7Q6ATOJZNHIWGRH6RK,2026-06-09T14:51:24
BF_90_2014,13.096347,-1.085705,2014,U,J7LVUDB3IH5ZNM6IA4VZT3RU,2026-06-09T14:51:24
BF_91_2014,13.14573,-1.06723,2014,R,UAGMQP5RGMZWI5AYEY4WJF62,2026-06-09T14:51:25
BF_92_2014,12.893207,-1.29899,2014,R,VBFRLO3HGNOKEE4JLDCXSFJF,2026-06-09T14:51:25
BF_93_2014,13.093998,-1.344461,2014,R,5KIVEK3ZS3DITLNJ252HKI7Y,2026-06-09T14:51:26
BF_94_2014,12.838937,-0.989264,2014,R,4JHN4G2YRKEBSHJKK3JE757O,2026-06-09T14:51:26
BF_95_2014,12.991792,-0.829985,2014,R,6ZLPIXXVOJCCAZOGRMGYL2F2,2026-06-09T14:51:27
BF_96_2014,13.199271,-0.828219,2014,R,QSQDPIYLED5KLRL42E7WBU72,2026-06-09T14:51:27
BF_97_2014,12.789097,-0.891666,2014,R,XCT5JKCBAUGPPOOZEP6SLDXG,2026-06-09T14:51:27
BF_98_2014,12.370217,-2.078214,2014,R,PVCJRR7LPRHAKH7MZKWD6QE7,2026-06-09T14:51:28
BF_99_2014,12.346614,-2.392935,2014,R,WYX7JYPSNJSVPCDXIOM7AFYS,2026-06-09T14:51:28
BF_100_2014,12.275075,-2.359598,2014,U,CDOGE5YV72EZQG7L5C6BNZC2,2026-06-09T14:51:28
BF_101_2014,12.254841,-2.387068,2014,U,NUNTSDFY3SNIPMJPBYAZGMKD,2026-06-09T14:51:29
BF_102_2014,12.685476,-2.165725,2014,R,LF73EHXUMB66W3UJTHMFNV5W,2026-06-09T14:51:29
BF_103_2014,12.211358,-2.131944,2014,R,3VNFVWYYAI2WGTIDURZ5GDON,2026-06-09T14:51:29
BF_104_2014,12.137171,-2.074025,2014,R,FNIJOZDOFR3PL24JPEWEMI2A,2026-06-09T14:51:30
BF_105_2014,11.992804,-2.121027,2014,R,TZJYADFISL2KSXBUQQXICVL6,2026-06-09T14:51:30
BF_106_2014,12.810605,-2.512087,2014,R,M3RFSYTLWVQ4YOM2SC5FDKQE,2026-06-09T14:51:30
BF_107_2014,11.888232,-2.653286,2014,R,RK5IQXLXG7DR2D6CP7U2Z4OQ,2026-06-09T14:51:31
BF_108_2014,12.205949,-2.493548,2014,R,XHRIGYIS2XWLPYZN3NTVZI55,2026-06-09T14:51:31
BF_109_2014,11.960061,-2.763446,2014,R,CTZLMCJ4ZP4MZUIVDBEOL3DG,2026-06-09T14:51:31
BF_110_2014,11.056014,-1.60099,2014,R,7OBQB4DNPSNX5TSYQDRZSCLF,2026-06-09T14:51:32
BF_111_2014,11.102745,-2.097794,2014,U,QJUQXJCAIOXHWP5RFXKDLCOI,2026-06-09T14:51:32
BF_112_2014,11.818924,-2.316137,2014,R,LRC3DRIDS6KSPXG7GCIDJD5P,2026-06-09T14:51:32
BF_113_2014,11.468408,-2.298615,2014,R,4XV2GOVQYVJVJ2N357GYQSUI,2026-06-09T14:51:33
BF_114_2014,11.807314,-1.803462,2014,R,ZVE6UGJGHA4L4EYPEVVA6APK,2026-06-09T14:51:33
BF_115_2014,11.419058,-2.064225,2014,R,FS35VUZ4NEPVOCHZDUEM5LQG,2026-06-09T14:51:34
BF_116_2014,11.55974,-1.831869,2014,R,64SNT76P4FKCQ5Z3PKWFOIVR,2026-06-09T14:51:34
BF_117_2014,12.076544,-1.073997,2014,R,L3WENHDTV6HHXD5ELFYJPD2B,2026-06-09T14:51:34
BF_118_2014,11.992935,-1.96583,2014,R,O2V5T7YVDRWWRWUCSVZL4GY4,2026-06-09T14:51:35
BF_119_2014,12.001179,-1.295763,2014,R,T2RIQZOHUK2RZTUX53XLHK6G,2026-06-09T14:51:35
BF_120_2014,12.082707,-1.316252,2014,U,RP2DY3Z6JLWPW2DI3WCZM3NV,2026-06-09T14:51:35
BF_122_2014,11.925923,-1.243051,2014,R,VVTXAMTWE4VHZE7L5EXAZPX4,2026-06-09T14:51:35
BF_123_2014,11.411188,-1.390102,2014,R,P5TJQLI3SDPW63LC72436FKE,2026-06-09T14:51:36
BF_124_2014,11.158689,-1.138582,2014,U,XYC3EWSNWAQMRQAJDUC22JHR,2026-06-09T14:51:36
BF_125_2014,11.1697,-1.138971,2014,U,PLHJDDTUKHYZ2ONB5VNCQFN4,2026-06-09T14:51:37
BF_126_2014,11.142909,-1.18998,2014,R,7RSDQVOCD7QDT5BLOZODIPXG,2026-06-09T14:51:37
BF_127_2014,11.095196,-0.951607,2014,R,SAROWJ3RJDBUWS6GZDEYW2AK,2026-06-09T14:51:37
BF_128_2014,11.004806,-0.832548,2014,R,XASSHWAZAXO544IE2KP2Z4V5,2026-06-09T14:51:38
BF_130_2014,11.662312,-0.93805,2014,R,UBTMKB4CFEAPVOROWJ7A2ZCE,2026-06-09T14:51:38
BF_131_2014,11.579056,-0.881463,2014,R,XLGJRADZVNP77UE3KX3XLPNQ,2026-06-09T14:51:38
BF_132_2014,11.43101,-0.672597,2014,R,CE4S25JHW5XVRE5DT5AZRF5P,2026-06-09T14:51:39
BF_133_2014,11.409688,-0.843453,2014,R,FVM34IWCGYKGVXJLH3HEGYEG,2026-06-09T14:51:39
BF_134_2014,11.621299,-1.063965,2014,R,L5X6LBV73Y7SBHYZS3BZBL7T,2026-06-09T14:51:39
BF_135_2014,11.547005,-1.182252,2014,R,Q2VP4342CCN7FXKPSQ3UVDFO,2026-06-09T14:51:40
BF_136_2014,12.538844,-0.052906,2014,R,7BQNSYRAGXCMJ2QLDBLITE7Y,2026-06-09T14:51:40
BF_137_2014,12.632622,0.230564,2014,R,Y4O5DPQRFP333G3KYRG6GEJD,2026-06-09T14:51:40
BF_138_2014,12.767149,-0.047963,2014,R,F4Z67U4LBLWVTBNDNXCTOWQH,2026-06-09T14:51:41
BF_139_2014,13.504446,-0.224911,2014,R,UPZXLAUCVLHEM6UJD67BES72,2026-06-09T14:51:41
BF_140_2014,13.074334,-0.010218,2014,R,5VTJWYODBNDS4UC2QPKTM7SJ,2026-06-09T14:51:41
BF_141_2014,13.225945,-0.228278,2014,R,K6VNNLFBFI7YUSGUF6PWHQ7G,2026-06-09T14:51:42
BF_142_2014,12.743842,-0.07042,2014,R,O5WUJ5RS2PT2EU44I5XAI3XJ,2026-06-09T14:51:42
BF_143_2014,12.076488,-0.11615,2014,R,EY3NKZVQ3JOLPYRI5NDWFL47,2026-06-09T14:51:42
BF_144_2014,12.044412,0.355159,2014,U,ZRJFCCEPCJGLLQYLAZJBH6HX,2026-06-09T14:51:43
BF_145_2014,11.954046,0.83056,2014,R,3DI3TNDJAISRWAQZWQEQK7OX,2026-06-09T14:51:43
BF_146_2014,12.466105,1.1447,2014,R,MPD4OE3KH2RTGG35LQRR6UFC,2026-06-09T14:51:43
BF_147_2014,12.225285,0.062587,2014,R,OWYBQSLKA3JHOZGCF5UAJMTT,2026-06-09T14:51:44
BF_148_2014,12.627124,2.027678,2014,R,NLCECSXROCOBNFOAI6WBFMJQ,2026-06-09T14:51:44
BF_149_2014,12.10299,1.761005,2014,U,5E2ZB4UZSAHVCYIKRNIEJMQR,2026-06-09T14:51:45
BF_150_2014,12.512462,1.526572,2014,R,IGJVDKNNZJ7BDYBHSOEYONXD,2026-06-09T14:51:45
BF_151_2014,11.663039,1.762424,2014,R,6AV46OAI2ZJFCYEOL53RQTFN,2026-06-09T14:51:46
BF_152_2014,11.98569,1.590727,2014,R,YM7HUORW4FOIUQMO7PESLBAN,2026-06-09T14:51:46
BF_153_2014,11.879312,1.917647,2014,R,6YX2VIAF77UXNEUC67U44FXU,2026-06-09T14:51:46
BF_154_2014,12.764676,1.062502,2014,R,445XRUE6VDQ74C23JSPJZHAQ,2026-06-09T14:51:47
BF_155_2014,11.040433,0.609647,2014,R,2V6KPZKHK64NZDC36LXK55IX,2026-06-09T14:51:47
BF_156_2014,11.385691,-4.477985,2014,R,VHKEYRMMBSRU37KJ45HSGRVA,2026-06-09T14:51:47
BF_157_2014,11.302628,-4.402436,2014,R,OH4ZOC3Z6GHDV5JOGPYLEUGX,2026-06-09T14:51:48
BF_158_2014,11.185826,-4.616731,2014,R,KYO5TETXLEOARZTCSRHIEHNX,2026-06-09T14:51:48
BF_159_2014,10.917048,-4.059521,2014,R,PLOL7NKPODWXFWFBTSZ5KGU3,2026-06-09T14:51:49
BF_160_2014,11.572474,-4.325596,2014,R,33NOJYAA4CD2RXVLDFWEZ735,2026-06-09T14:51:49
BF_161_2014,10.857644,-4.650591,2014,R,GR2OULICWYK7PX5YLSLQCU5X,2026-06-09T14:51:50
BF_162_2014,11.178885,-4.282818,2014,U,QO4AEQHCBUAQ4T3S7F6QIV2E,2026-06-09T14:51:50
BF_163_2014,11.187046,-4.266429,2014,U,FMMWE6GFQZG5H5CFPBTCRBPI,2026-06-09T14:51:50
BF_164_2014,11.209459,-4.283965,2014,U,WWI24MGM57T3BRV62OWITENL,2026-06-09T14:51:51
BF_165_2014,11.198848,-4.314588,2014,U,UKZN7MCKIXQ6A4YKUUJSY2FG,2026-06-09T14:51:51
BF_166_2014,11.179109,-4.325899,2014,U,LCRKW6OALHMKYEIJPZJE4TZR,2026-06-09T14:51:51
BF_167_2014,11.190395,-4.333305,2014,U,3Q5JEMRQRBCWGVUYTVU5FTHW,2026-06-09T14:51:52
BF_168_2014,11.835208,-4.847457,2014,R,GLUUERP3PL54S66SDVD3PZCC,2026-06-09T14:51:52
BF_169_2014,11.441325,-4.588044,2014,R,2CBHRGJPUWY74URSREQPP7BN,2026-06-09T14:51:53
BF_170_2014,11.533419,-5.026302,2014,R,JL7NORNY2EDFRARZZPWDBEFP,2026-06-09T14:51:53
BF_171_2014,11.637014,-3.68666,2014,R,JYHT7V6HDDIDK2FUMMPDQEQT,2026-06-09T14:51:53
BF_172_2014,11.570351,-3.626658,2014,R,2EBNKH4MLJVLS3WFZKK52WFD,2026-06-09T14:51:54
BF_173_2014,11.478233,-3.521005,2014,U,YSWCDGET7TXDPHURUZNBXACE,2026-06-09T14:51:54
BF_174_2014,11.241789,-3.684767,2014,R,A3RFQHU2FRGLDYCRNKIAGX3L,2026-06-09T14:51:55
BF_175_2014,12.900581,-1.946889,2014,R,X26QI5L2H3YSWXFFLTBG7QW2,2026-06-09T14:51:55
BF_176_2014,12.974374,-1.834488,2014,R,CIRG74SOZFRJOCD67QKRPIWA,2026-06-09T14:51:55
BF_177_2014,12.999117,-1.99131,2014,R,MHLHO5IQB76BN35RO3OAH4S4,2026-06-09T14:51:56
BF_178_2014,12.733508,-2.165134,2014,R,NBE5YSXKTMBJGUEAFRYPTBWB,2026-06-09T14:51:56
BF_179_2014,12.88084,-2.159946,2014,R,XRY6FCJ2IUKGC56AY4RTQNTF,2026-06-09T14:51:56
BF_180_2014,13.80123,-2.302947,2014,R,YEP72C3IO5WVKWY4IEWGCJX2,2026-06-09T14:51:57
BF_181_2014,13.126961,-2.042995,2014,R,LD4XLOSMLHVSJJ6SEBSQAVH5,2026-06-09T14:51:57
BF_182_2014,13.739626,-2.407009,2014,R,US5OR7LMBLW4QBJ46FFJMIEW,2026-06-09T14:51:57
BF_183_2014,13.56202,-2.403568,2014,U,M3MIITDCNK2I2K3QPY3MSQC2,2026-06-09T14:51:58
BF_184_2014,13.574897,-2.455973,2014,R,VVD6CY4I3AIDFWKH2F634KA2,2026-06-09T14:51:58
BF_185_2014,13.575417,-2.393398,2014,U,UO65DUYJNGZ77ACSRMDQLHMQ,2026-06-09T14:51:59
BF_186_2014,13.481365,-2.333555,2014,R,XBHTQLH7QL42TW5YEIHPATL2,2026-06-09T14:51:59
BF_187_2014,13.510857,-2.12119,2014,R,YZOXQABF4AWLLSXX67RY6PHI,2026-06-09T14:51:59
BF_188_2014,13.599608,-2.746991,2014,R,LKJNU4TUDG2WOCNFAKG7AC5K,2026-06-09T14:52:00
BF_189_2014,13.768228,-2.664091,2014,R,PTT2WVDQSHWHVLVUQYRQHAWJ,2026-06-09T14:52:00
BF_190_2014,14.111737,-2.300884,2014,R,L7D324ABLM6GVQMYWVZFMFS2,2026-06-09T14:52:00
BF_191_2014,13.983237,-2.225557,2014,R,KZOGVWIHQGXU5RLTW6XMESDR,2026-06-09T14:52:01
BF_192_2014,13.041723,-2.632801,2014,R,AV3Z3FJYPLJR72HBWJTR6UHQ,2026-06-09T14:52:01
BF_193_2014,13.205248,-2.337996,2014,U,TTXVEVOQTHEPXNAGKLRW4DFE,2026-06-09T14:52:01
BF_194_2014,13.269866,-2.429644,2014,R,5LD5RY76FZSZ5T6NTE27KFUT,2026-06-09T14:52:02
BF_195_2014,12.095076,-0.727719,2014,R,V5C6WYQGK5Y4FY7OZBTMDHZQ,2026-06-09T14:52:02
BF_196_2014,11.957861,-0.79682,2014,R,J3M3KFD6R5OOXZNE5CGZF3HV,2026-06-09T14:52:02
BF_197_2014,12.459906,-0.709961,2014,R,KA67RRXSRQ574RLR3RGRHFCQ,2026-06-09T14:52:03
BF_198_2014,12.29876,-0.898775,2014,R,QGAQ6TVZRJR5HO5TOWHNC4BE,2026-06-09T14:52:03
BF_199_2014,12.527385,-0.824256,2014,R,YKY6PPVRV6XHG2T2RZATYYZD,2026-06-09T14:52:04
BF_200_2014,12.308705,-0.773419,2014,R,PNL3KAK27SV7FQSHHBRUFW43,2026-06-09T14:52:04
BF_201_2014,12.362327,-0.542913,2014,R,OBWJUGZJYU7Q4MH56KYG6BDU,2026-06-09T14:52:04
BF_202_2014,12.245816,-0.603442,2014,U,B6QD4TFZTP6NKEHDOEVQFIXJ,2026-06-09T14:52:05
BF_203_2014,12.036916,-0.564581,2014,R,BO4KJ2GIRUUEFZB74TW364AZ,2026-06-09T14:52:05
BF_204_2014,12.752869,-1.556428,2014,R,SW34GJQ64PLX77F56LGRDCUD,2026-06-09T14:52:05
BF_205_2014,12.5497,-1.31477,2014,R,3235UWU74VVAI6WLUT74JR5L,2026-06-09T14:52:06
BF_206_2014,12.357231,-1.109934,2014,R,TRQQFO2E27RZZBCY75OPNJHQ,2026-06-09T14:52:06
BF_207_2014,12.612507,-1.35489,2014,R,QPBL22L7ZZB4A44FSKSSDAWV,2026-06-09T14:52:07
BF_208_2014,12.582977,-1.313419,2014,U,OJ5KZJEAYPPHOWFZDPRBRCYO,2026-06-09T14:52:07
BF_209_2014,12.781639,-1.297641,2014,R,VYECUZER4WKSZF7TJO54DNQA,2026-06-09T14:52:07
BF_210_2014,12.658331,-1.788987,2014,R,GNO7JZDBYCCID3GURSBHQ2IC,2026-06-09T14:52:08
BF_211_2014,12.786244,-1.935514,2014,R,S6XEN4L4DLSXVR5KXY3CVOKV,2026-06-09T14:52:08
BF_212_2014,12.425302,-1.755057,2014,R,6BTS7RV6ESV3D357V6VOW6FP,2026-06-09T14:52:08
BF_213_2014,12.735403,-1.725092,2014,R,CRLXEXFL74LBOMQ6RJG2MM2Z,2026-06-09T14:52:09
BF_214_2014,14.586245,-0.781747,2014,R,XVIEAOUC32GI2ACUGVXHDNMI,2026-06-09T14:52:09
BF_215_2014,14.449053,-0.229316,2014,U,67PGHIFV6AHIRRCYC74ZPZBG,2026-06-09T14:52:10
BF_216_2014,14.324005,-0.275184,2014,R,JY7HMSXHW4CUVJFYHOWWRE47,2026-06-09T14:52:10
BF_217_2014,14.385463,-0.289082,2014,R,UC2KMW5OIFHN5JZUSL6X2KTW,2026-06-09T14:52:11
BF_218_2014,14.937079,-0.060751,2014,R,HJ4X766KIFMJI5MNFFJQCLRR,2026-06-09T14:52:11
BF_219_2014,13.801451,-0.062532,2014,R,5AURQBPMAFNXGQPL3CJ6CGQA,2026-06-09T14:52:11
BF_220_2014,13.975478,-0.131217,2014,R,CV6ANSJIHLZWSGPT37AGZKD2,2026-06-09T14:52:12
BF_221_2014,13.859187,0.053957,2014,R,MQZPGL7XGRSFVAU4XJWBLCSB,2026-06-09T14:52:12
BF_222_2014,14.299464,0.251267,2014,R,GW3W6FMKLUE7QSOGGXLI4XPP,2026-06-09T14:52:13
BF_223_2014,13.701328,0.169666,2014,R,5JCP7VIKBTWP36FLLVAO4RTF,2026-06-09T14:52:13
BF_224_2014,14.269918,-0.920185,2014,R,MROBGNDU4RGEE3CMTUPBELDN,2026-06-09T14:52:14
BF_225_2014,14.09685,-0.568346,2014,R,KB5CD7HGHBV3HAGDY3WJBP3C,2026-06-09T14:52:14
BF_226_2014,14.090275,-1.629203,2014,U,GQTJNERRKHCOYPN6ACYZL77Z,2026-06-09T14:52:14
BF_227_2014,14.285051,-1.600447,2014,R,XOEPYNOMQJPYHOPTCKK2MEUU,2026-06-09T14:52:15
BF_229_2014,13.958656,-1.75347,2014,R,DBEVI3634I23BWD7UMXSLQFI,2026-06-09T14:52:15
BF_230_2014,14.046982,-1.187625,2014,R,X3YE6U2ROF2ETNLOAERPQZZD,2026-06-09T14:52:15
BF_231_2014,13.140968,0.932565,2014,R,GAG4FQAMXGYDUEZYRIRR4UTJ,2026-06-09T14:52:16
BF_232_2014,13.474296,0.623491,2014,R,ILANATOATMJ6WDE76EVIAJJ6,2026-06-09T14:52:16
BF_233_2014,13.598933,0.697362,2014,R,YHP3XB6WY6IHDW63KS3BPJWM,2026-06-09T14:52:16
BF_234_2014,10.967332,-3.226072,2014,U,J47PZD7R3VUJSRECGZV5J7ZK,2026-06-09T14:52:17
BF_235_2014,10.959196,-3.330988,2014,R,MFOV4YKUZOMKZITYXDSTD7X7,2026-06-09T14:52:17
BF_236_2014,10.758178,-3.506331,2014,R,GVDZIU4OKUUXOO3L2LG5G2A2,2026-06-09T14:52:17
BF_237_2014,10.371006,-2.858206,2014,R,LQZYSI7FAPJK5HILBOBOH36Q,2026-06-09T14:52:18
BF_238_2014,10.318937,-3.180329,2014,U,MJKJ3E6U7Y2QX2HCSEJ3L7FO,2026-06-09T14:52:18
BF_239_2014,10.469008,-3.1299,2014,R,NCHPG2QGCDXZ252IOY53IBL3,2026-06-09T14:52:18
BF_240_2014,10.256531,-3.007883,2014,R,B35PPQRYI2OKIBQZFQ27JP2F,2026-06-09T14:52:19
BF_241_2014,10.103341,-3.307047,2014,R,ICM4ST3KLC5MN3J4AYZ6KZN7,2026-06-09T14:52:19
BF_242_2014,10.475594,-3.60464,2014,R,INBJ44V5LDU7SGUKBHJODC4D,2026-06-09T14:52:19
BF_243_2014,10.42224,-3.0685,2014,R,YTNJ5HEYRQZ3YIR6OSOMDAXJ,2026-06-09T14:52:20
BF_244_2014,10.198588,-3.359703,2014,R,F7PBWDEZETXA4WDJZCYX3YGR,2026-06-09T14:52:20
BF_245_2014,11.140592,-3.05844,2014,U,Q3XHGEHTKRFUTBW2SWPKOBRN,2026-06-09T14:52:21
BF_246_2014,10.936346,-2.897898,2014,R,FVWUEXVI7QZTZRNJMACQ2V5G,2026-06-09T14:52:21
BF_247_2014,10.916413,-2.934902,2014,R,GBICAOYJUXBHE5GBFZVBDVLN,2026-06-09T14:52:22
BF_248_2014,11.046357,-3.153761,2014,R,XRWYJQTEGOBRCN3VEUUTJG5L,2026-06-09T14:52:22
BF_249_2014,11.114889,-2.697395,2014,R,55SWAM6ZELZIBL2VUKVDSV76,2026-06-09T14:52:22
BF_250_2014,11.019869,-2.763532,2014,R,JFVQJNGCV5CLKA3SO2S3AZJY,2026-06-09T14:52:23
BF_251_2014,9.83694,-2.899175,2014,R,Y3GHVSLROYJZZ7S5KX5AWYHO,2026-06-09T14:52:23
BF_252_2014,10.153091,-2.90443,2014,R,O22BXFMA7AUK2N7PPLXTGRND,2026-06-09T14:52:23
BF_1_2017,13.2653896499,-3.85149105474,2017,R,JEEJTQQF6KPZZR5Z4B7O36C7,2026-06-09T14:52:24
BF_2_2017,12.9923832775,-4.21454366131,2017,R,2UM3DZTBS36LDEDPJNK7CK5P,2026-06-09T14:52:24
BF_4_2017,12.8263904299,-4.0057769381,2017,R,D7IX3G3HF56KY7NI3275SDUW,2026-06-09T14:52:24
BF_5_2017,12.4527946266,-3.45505651823,2017,R,O3PJKSBWMMR6GG7J6MKPIYCB,2026-06-09T14:52:25
BF_6_2017,12.4537625407,-3.45311510159,2017,U,7CDAQMGOL23CSQTJ43AETW6V,2026-06-09T14:52:25
BF_7_2017,12.5940248845,-3.3147483567,2017,R,HTKN3QJKUEGEDQ7QTXZHKHC4,2026-06-09T14:52:26
BF_8_2017,11.9184534335,-3.26944737347,2017,R,2HIOSEOFDTKWOOTS4RGNZNJ5,2026-06-09T14:52:26
BF_9_2017,12.240459368,-2.89754496467,2017,R,J4I6KIGLQR5WJUJGCFQUTGUG,2026-06-09T14:52:27
BF_10_2017,13.2955082506,-2.8861010931,2017,R,EXPLO32XJ5HXIDLFHZPRNCAI,2026-06-09T14:52:27
BF_11_2017,13.549277272,-3.20308205602,2017,R,7A5QSQCPKSQIA2CJK6X25S2P,2026-06-09T14:52:27
BF_12_2017,11.7236231737,-3.30952690869,2017,R,QIHXO3BCBDVQPWQ5TSF7PDPA,2026-06-09T14:52:28
BF_13_2017,11.4589910227,-2.74120952196,2017,R,4WIKY2BHZIIEM55B2MKLJNUQ,2026-06-09T14:52:28
BF_14_2017,11.8415825384,-3.1716186684,2017,R,L3O47Y5UISKOJ4T7QM5ZJDAK,2026-06-09T14:52:28
BF_15_2017,11.8954636864,-4.33363919912,2017,R,BE6SYVYIMT4BORQ3ASFSVQUD,2026-06-09T14:52:29
BF_16_2017,12.3444952479,-3.76978508923,2017,R,H5R5LY433D2RWRK33QB4V4JW,2026-06-09T14:52:29
BF_17_2017,12.1444378186,-4.17521936561,2017,R,X7WYZJ2C7QH4TY73XKJQAUOO,2026-06-09T14:52:30
BF_18_2017,12.1656813932,-4.08190369988,2017,U,5AACRXO7GNHH3WEGSX3F2LQG,2026-06-09T14:52:30
BF_19_2017,12.3206708993,-4.36102835778,2017,R,7MWKW4JOGBWAZGZ7A2KOKUZA,2026-06-09T14:52:31
BF_22_2017,10.555182992,-5.3334212296,2017,R,7AB33PU2NVYIS3FYWOBIKWEL,2026-06-09T14:52:31
BF_23_2017,10.4782379499,-5.32322593978,2017,R,TA4FAYX3VEUMPAETKH2JZ4LV,2026-06-09T14:52:32
BF_24_2017,10.6663946509,-5.1821872875,2017,R,N6FUQNASDVX7XOU7HLG2LTYE,2026-06-09T14:52:32
BF_25_2017,10.6400774667,-4.75883204062,2017,U,B4FCM5IVVGWPKVXAL3DFPEA7,2026-06-09T14:52:32
BF_27_2017,10.6382348672,-4.75543369259,2017,U,I3QBC4AE3C2QMLPPZRYXJUWI,2026-06-09T14:52:33
BF_28_2017,10.6455312169,-4.75631776414,2017,U,FFZWJ3FOXQZCU3OEVRM2CXUV,2026-06-09T14:52:33
BF_29_2017,10.2687677617,-4.44417905661,2017,R,EXC6LBQFUOURP3ACR7R4E5VC,2026-06-09T14:52:34
BF_30_2017,9.9172590463,-4.3632005877,2017,R,MT2KAIFJHTZUQ454GVEHCTTP,2026-06-09T14:52:34
BF_31_2017,10.819289764,-4.80748483701,2017,R,5JG3WO27ZA6BQDFXAVQ5HRRB,2026-06-09T14:52:34
BF_32_2017,10.2838285031,-4.90305306994,2017,U,PAWGTTZ3P25THTJW7X2FQGWN,2026-06-09T14:52:35
BF_33_2017,10.0888661256,-4.88956883529,2017,R,I6NAG3OHU3TA36CVVB3P7B4C,2026-06-09T14:52:35
BF_34_2017,10.7755868036,-4.08816166306,2017,R,BOQZ7JUGD7PLRAWDDRZLJ3ZP,2026-06-09T14:52:35
BF_35_2017,10.5264153189,-4.0524180279,2017,R,UKZZLGPZ3NSVM5E6VUGUV76L,2026-06-09T14:52:36
BF_36_2017,10.3353930359,-4.3100004084,2017,R,F5O2CN47LNPH7LORMWVHFOCQ,2026-06-09T14:52:36
BF_37_2017,10.4872109382,-4.94895547614,2017,R,KF627B3G2CER46MLASJ24G2K,2026-06-09T14:52:37
BF_38_2017,10.6790605702,-4.62776978425,2017,R,6J7QY5OERO6BZK3VYPIOUQDS,2026-06-09T14:52:37
BF_39_2017,10.488211511,-4.66916266481,2017,R,UI2JU3M7SXCZ3RDQF7TKOMMI,2026-06-09T14:52:38
BF_40_2017,12.1667660803,-1.65195575475,2017,R,K7HHY2DIBRI4R4H5UAASWW6R,2026-06-09T14:52:38
BF_41_2017,12.2373504324,-1.13439436428,2017,R,3WNDA3XDP33GN5OL5JHGJ6AM,2026-06-09T14:52:38
BF_43_2017,12.3294328165,-1.70694296889,2017,R,RZZY2WBMXGQCJ755EJMPZBFX,2026-06-09T14:52:39
BF_45_2017,12.3493991464,-1.5526899605,2017,U,XAI64ZJGMPAS7GDHVQQHK25B,2026-06-09T14:52:39
BF_46_2017,12.3407703188,-1.46025544461,2017,U,DVRDKPCAUO637HHRVY67JOON,2026-06-09T14:52:39
BF_47_2017,12.3729103242,-1.51914270614,2017,U,FPLHM632D45IWYLN6JYTTQNB,2026-06-09T14:52:40
BF_48_2017,12.3228808123,-1.53499375319,2017,U,NJRR3JF7PK64ER6W4JZVNCCO,2026-06-09T14:52:40
BF_49_2017,12.3358713272,-1.49340198679,2017,U,TJ4ZARG6333XSKN6AQTW7YPT,2026-06-09T14:52:41
BF_50_2017,12.3482454605,-1.48975418939,2017,U,SCRJ533NSKCBGRS2UXRY2YQT,2026-06-09T14:52:41
BF_51_2017,12.3594044141,-1.54675822236,2017,U,L5T4IS43RLRIQHZHUL67EJRM,2026-06-09T14:52:41
BF_52_2017,12.3390299893,-1.47214409103,2017,U,G5CZCXEF7MDDVWNV2M6HTUDF,2026-06-09T14:52:42
BF_53_2017,12.3310900982,-1.5761438857,2017,U,FJ3PZ6UEZ36ERA5MRPN5SMLL,2026-06-09T14:52:42
BF_55_2017,12.4240482944,-1.47326110421,2017,U,UDG5PXI7EPYS7FTXE7TJM6CP,2026-06-09T14:52:42
BF_56_2017,12.3823302859,-1.49970539594,2017,U,W6TWMU7L6DYGL3WFYKUQ6QBI,2026-06-09T14:52:43
BF_57_2017,12.4039370262,-1.54513005448,2017,U,YBVAVP74VALZ3RRMP23RZYPD,2026-06-09T14:52:43
BF_58_2017,12.466819227,-1.55150840781,2017,U,QNKOVAPLM27TFAQGGKKF4UWJ,2026-06-09T14:52:44
BF_59_2017,12.1625561969,-0.223957115571,2017,R,V5KNIO3SLSGMXSGHH5KN74SR,2026-06-09T14:52:44
BF_60_2017,12.1399219238,-0.0961587427716,2017,R,F3VUJLJ66PGSVUO32KRTUSSF,2026-06-09T14:52:45
BF_61_2017,12.1588062356,-0.351688024874,2017,U,S3K4NMWZOCXEDOCQKALD4MJQ,2026-06-09T14:52:45
BF_62_2017,12.3409773126,-0.404905050428,2017,R,S3JDDOVFM4KGSWKZOGDVQHSL,2026-06-09T14:52:45
BF_63_2017,12.2500342622,-0.403583761352,2017,U,LL5NNGJVQ55K4RJ4ZTO74YDX,2026-06-09T14:52:46
BF_64_2017,12.0867857575,-0.257974372006,2017,R,77VWAVFZWKJ3KEGCQUIWXB2W,2026-06-09T14:52:46
BF_65_2017,11.6429747891,0.000251009611988,2017,R,LGO2BJQKTYRL2ALKCQ3C6J2Q,2026-06-09T14:52:46
BF_66_2017,11.1729663692,0.217951550545,2017,R,NL24P37CLJTQMFNGG5GWDXZD,2026-06-09T14:52:47
BF_67_2017,11.1618677206,0.360833699357,2017,R,3G5PO5JAZUUC4TQMYKXRYYPQ,2026-06-09T14:52:47
BF_68_2017,11.574450083,0.164078163172,2017,R,QHG6CTATMXRSZZ3P27WZWP2T,2026-06-09T14:52:47
BF_69_2017,11.7464896061,-0.667572898477,2017,R,LP3CVOZWCHHTN4QCU54NVXYV,2026-06-09T14:52:48
BF_70_2017,11.814219758,0.000973361759875,2017,R,NXTY4PKED5B5TRRPF636ORFZ,2026-06-09T14:52:48
BF_71_2017,11.5066972375,-0.354421175705,2017,U,B5IS7OZ453O4ODEVT2V4PJAR,2026-06-09T14:52:49
BF_72_2017,11.7466536289,-0.66599099887,2017,R,A3HKOZZCDOAJHDSXMM4NYQYE,2026-06-09T14:52:49
BF_74_2017,11.7913961774,-0.364978670486,2017,U,5SAPJC4FQKBV4WR2YLDQNZYS,2026-06-09T14:52:50
BF_77_2017,11.2151788634,-0.643071171855,2017,R,CD64UT3WUBR2MQGM6QNKLBOT,2026-06-09T14:52:50
BF_78_2017,11.2384138007,-0.316830033955,2017,R,DGQWGCRGEMF5M4I4Z5Z25RV2,2026-06-09T14:52:50
BF_79_2017,12.6700883223,-0.603930235818,2017,R,XM7KOTTEF7X6XXNGVGFVHJZC,2026-06-09T14:52:51
BF_80_2017,13.6001445818,-0.678052086208,2017,R,UFITSFTJVNWBGOPYRXQUKDGJ,2026-06-09T14:52:51
BF_81_2017,12.7190085166,-0.251554707178,2017,R,IRXXKUZ6TEVUJVJBWFMET4DB,2026-06-09T14:52:51
BF_82_2017,13.3249883904,-0.558473035323,2017,R,DESQMXGINHWT57EPMDIRQYB4,2026-06-09T14:52:52
BF_83_2017,13.5559616018,-0.287813499539,2017,R,VZASDQV4WT2X6GYJ2P4AEMZ4,2026-06-09T14:52:52
BF_84_2017,13.4631394229,-1.19206391307,2017,R,HVD6DD2DZZ7BN46NGBZXGW6A,2026-06-09T14:52:52
BF_85_2017,13.0698426049,-1.08319263045,2017,U,THS5YBBC4SSHUI4YVIKPSXNV,2026-06-09T14:52:53
BF_86_2017,13.1059004984,-1.22716057129,2017,R,JPTOKFAH2ZB2XDEPBPRGODRE,2026-06-09T14:52:53
BF_87_2017,12.738715817,-1.05143875867,2017,R,JBQ266OB7HIYKZJ4BE5L4BZI,2026-06-09T14:52:53
BF_88_2017,13.0669759707,-1.49928015914,2017,R,OJ6ZGFAPA6BWZ3ON72EOMG6F,2026-06-09T14:52:54
BF_90_2017,13.6368241114,-0.808194405735,2017,R,B5KBHAOQPCLQIISAOO4OY2BB,2026-06-09T14:52:54
BF_93_2017,13.676250594,-1.54805033295,2017,R,ABHOPSYNCNYDLS3DPMPJEHWB,2026-06-09T14:52:54
BF_94_2017,13.3294314706,-1.52877419955,2017,U,S6A6E5BZYAF4V2T55SYWIDJB,2026-06-09T14:52:55
BF_96_2017,13.5870462679,-1.71369517868,2017,R,V6J6DA4URN6SQEOVLDM7N7JS,2026-06-09T14:52:55
BF_97_2017,13.2873492241,-1.7647729302,2017,R,SBMF2RD5GIZWB6IUGZETZTZ4,2026-06-09T14:52:56
BF_98_2017,12.348089485,-2.48312856423,2017,R,O6CJ6FT56FIDJWDM5EM6AQMG,2026-06-09T14:52:56
BF_99_2017,12.3073972056,-2.56195151993,2017,R,EH5EVQSF2HAYYLZAUCN5RJTR,2026-06-09T14:52:56
BF_100_2017,12.3428735197,-2.45602602157,2017,U,YZOOHHIYSAYDZZTU5K34ON44,2026-06-09T14:52:57
BF_101_2017,12.3490813478,-2.54353506527,2017,R,W4DAEGBVMFETTXAVYZECYQUK,2026-06-09T14:52:57
BF_102_2017,12.1477571228,-2.72024024374,2017,R,DMIK2FFSKKFGX5BB5P5SFMSA,2026-06-09T14:52:57
BF_103_2017,11.2542780401,-1.98680897028,2017,R,ZJQQPEGMX7TFDK74JHTMJ4D4,2026-06-09T14:52:58
BF_104_2017,11.0142177261,-1.95662513752,2017,R,XDOIEWE6WFRLUZTQ5DMJAYT7,2026-06-09T14:52:58
BF_105_2017,11.5967945736,-2.63800288649,2017,R,ZGBIUHMTVTQSQWKE4GAPHX3G,2026-06-09T14:52:58
BF_106_2017,11.4366768379,-2.37920073105,2017,R,SBF6CJ2AJT2I2WBEBET3EP2I,2026-06-09T14:52:59
BF_107_2017,11.557319356,-2.03606461498,2017,R,NWZ7YT6K2IHFNXQ4SGALAFGE,2026-06-09T14:53:00
BF_108_2017,11.756745714,-1.7783674855,2017,R,PC265XG4GCLKDFX5MAXD666M,2026-06-09T14:53:00
BF_109_2017,11.566676225,-1.76898391742,2017,U,QNW5HIHKL54WJOAW3H2HZKQJ,2026-06-09T14:53:00
BF_110_2017,12.3988467031,-2.35412108,2017,R,CO6K43C6UILJWIHTYGGW64MK,2026-06-09T14:53:01
BF_111_2017,12.2227120929,-1.93208248162,2017,R,TP3D4I6K3XUMRZW5TGO6DCR2,2026-06-09T14:53:01
BF_112_2017,12.2522052335,-2.35386971303,2017,U,3W6UZUXCEFBJRYHNRZWHLO7W,2026-06-09T14:53:01
BF_113_2017,12.2952992666,-2.16237676205,2017,R,FXY3QESW435JTO3MGH2KQPTT,2026-06-09T14:53:02
BF_114_2017,12.5559243497,-1.98776319185,2017,R,MNT3L4HMGHP3KM3CPTEQMT3C,2026-06-09T14:53:02
BF_115_2017,12.048062164,-2.23360399893,2017,R,IWZOTKCD42CZ6M5EPTTY5CRI,2026-06-09T14:53:02
BF_116_2017,12.5283535476,-2.1646047166,2017,R,3I5PAD3YDR4FCS2VEGR3XTDM,2026-06-09T14:53:03
BF_117_2017,11.2525919233,-0.989443691934,2017,R,BQ2Y732EGAYRXDDPNZBBTDZK,2026-06-09T14:53:03
BF_118_2017,11.1741208607,-1.15744788284,2017,U,J2JEREIHWLUWMCHLWYWKJ5AA,2026-06-09T14:53:03
BF_119_2017,11.1361003337,-0.909777832575,2017,R,DJZFZ4IYSOY7UY4LZ2FIR3RU,2026-06-09T14:53:04
BF_120_2017,11.0534244413,-1.00735943853,2017,R,UGSDRNLAQC6NF3IQVATHMERR,2026-06-09T14:53:04
BF_121_2017,11.0333496357,-0.771555318811,2017,R,CMMPZ47YC5EFIJ3EGMJSXKZI,2026-06-09T14:53:04
BF_122_2017,11.9228047234,-1.04967731262,2017,R,ZY47A7P3JQLRRBB2O6HFDHNR,2026-06-09T14:53:05
BF_123_2017,11.7470651154,-1.10700201637,2017,R,EFIRC75VW3HYJEUXK2OAR52N,2026-06-09T14:53:05
BF_124_2017,11.5516182428,-1.02491265813,2017,R,3OEH5TIUEV4X3Y5WRBGVAOQO,2026-06-09T14:53:06
BF_125_2017,11.4002124561,-0.784930679027,2017,R,7G65JKFLXQ53B5W6JLHKXLW6,2026-06-09T14:53:06
BF_126_2017,11.6115631388,-1.15500821654,2017,R,V4M5OY6XSGE4S54F2JK7BLSY,2026-06-09T14:53:06
BF_127_2017,11.6560291689,-1.0609107983,2017,U,CGV2EOPT57LC76HNBRPJI76B,2026-06-09T14:53:07
BF_128_2017,11.6292472367,-1.21373305077,2017,R,SBBXXQHSL36KBLHY5UHBIGHJ,2026-06-09T14:53:07
BF_129_2017,11.9006053479,-1.51876527248,2017,R,XHDGF4MREKHGXWIU7BZYFY3E,2026-06-09T14:53:07
BF_130_2017,11.968021324,-1.55822769649,2017,R,WDFFU3E3XKQTGTIMXOQ3WXAQ,2026-06-09T14:53:08
BF_131_2017,12.0871725368,-1.28054387135,2017,R,3EN6ZLRV2QXRA2PYLSJW46J7,2026-06-09T14:53:08
BF_132_2017,11.8964297702,-1.44664778667,2017,R,P4S3G57HL3U7ZN3GF772ZQWM,2026-06-09T14:53:08
BF_133_2017,12.0525155597,-1.32130113287,2017,U,RXLU5G2RAGTMZX4GNENBVFXU,2026-06-09T14:53:09
BF_134_2017,12.0565096682,-1.57189918544,2017,R,Y556N7MZXPIA32ZVLJJJ4ZWV,2026-06-09T14:53:09
BF_135_2017,11.7745991822,-1.34256959755,2017,R,PFYV262K755IQOWXA6Z53WQN,2026-06-09T14:53:10
BF_136_2017,12.6884184763,2.05136840708,2017,R,XH47KDMTYH7MXXS6EL32GQPG,2026-06-09T14:53:10
BF_137_2017,12.4829141875,1.52187057069,2017,R,SBBSMOI2BDN6CAONSJZOJ4LC,2026-06-09T14:53:10
BF_138_2017,11.6582601637,1.67810082821,2017,R,OTBZPD2H6NRWCAG3KN6WTV6N,2026-06-09T14:53:11
BF_139_2017,11.9599753134,1.59819597214,2017,R,E64BJNIXIIADWA27FKR7AXR3,2026-06-09T14:53:11
BF_140_2017,11.8897206316,1.86222622349,2017,R,SQPYUHHFJERBLPSBEZRXUFJH,2026-06-09T14:53:11
BF_141_2017,12.6334130394,0.804130146786,2017,R,5MFWDNMWCTCXUFWNS4EUXRAR,2026-06-09T14:53:12
BF_142_2017,11.4968431271,0.764077800941,2017,R,WSL7J3Y3MSLC7V2UHNI4H4J3,2026-06-09T14:53:12
BF_143_2017,12.5683697276,-0.160147268532,2017,R,6HBA67A4A7J5M76EVKAOUQWW,2026-06-09T14:53:12
BF_144_2017,12.7092704172,0.257567079226,2017,R,2IG72MZK6ANRJX7CELFKFTTI,2026-06-09T14:53:12
BF_145_2017,13.15924973,-0.0803845133336,2017,U,V73R2P2LGMQH45ATIQ3QHJ4L,2026-06-09T14:53:13
BF_146_2017,12.8267834779,-0.0224236561156,2017,R,U3WI4NMN6DYTSTG47ARINAWH,2026-06-09T14:53:13
BF_147_2017,13.4057783377,-0.143039678964,2017,R,XEK6IITRKG4D5ZUZG57XRIEI,2026-06-09T14:53:13
BF_148_2017,13.0372790468,0.033566574078,2017,R,MZWD7NWVLGKKR4NGV67UM6RQ,2026-06-09T14:53:14
BF_149_2017,13.1455176616,-0.243026659688,2017,R,SICH77IO7BZDSXY5OLBQDG6A,2026-06-09T14:53:14
BF_150_2017,13.1625703463,-0.287471534207,2017,R,PVI3N2LN4TGZVRG7ZM4IVRFW,2026-06-09T14:53:15
BF_151_2017,11.999734648,0.00532978774651,2017,R,4SMJZKQ6IX5SZH4CDMNOCDC3,2026-06-09T14:53:15
BF_152_2017,12.0694669383,0.347393470571,2017,U,LVZBTO3GTUBDHAN564WUS2G6,2026-06-09T14:53:15
BF_153_2017,12.0486574906,0.749886659306,2017,R,2H7WH47DKZEXTZHZ3OQ433A3,2026-06-09T14:53:16
BF_154_2017,12.3723291528,1.02400738853,2017,R,Y6VD6GNK2SLMQW4MZ6C3M6IV,2026-06-09T14:53:16
BF_155_2017,12.1709608545,0.639751685922,2017,R,X22QQW43AKRBTCHNJ5EFOQW3,2026-06-09T14:53:16
BF_156_2017,11.4311998219,-4.49586301635,2017,R,WZ7V3CPXNRU3TMSMXWX63QHL,2026-06-09T14:53:17
BF_157_2017,11.1585686053,-4.4397972095,2017,R,E5XLZJKOYXGXOZOAKSG6NLDR,2026-06-09T14:53:17
BF_158_2017,11.2339232989,-4.64655522474,2017,R,P7Q5CWGA2Q6ZF4HGNC4PWV2L,2026-06-09T14:53:17
BF_159_2017,10.9064904387,-3.92649684806,2017,R,H2HGVNTFQMCFKSVHDUYEWNOM,2026-06-09T14:53:18
BF_160_2017,11.8420033564,-4.05938503588,2017,R,7VZ7L4TUM3KUFHXWUPCKYQW7,2026-06-09T14:53:18
BF_161_2017,10.9317487302,-4.7359614638,2017,R,6JCVN2LWJUOIMVIMI7K33X4T,2026-06-09T14:53:18
BF_162_2017,11.2054164475,-4.26362885476,2017,U,KTCS62LR4AAO5AKSEDUBDSCQ,2026-06-09T14:53:19
BF_163_2017,11.1603830109,-4.26646288448,2017,U,4AZAPFFQPYYHRYAL363BHCM3,2026-06-09T14:53:19
BF_164_2017,11.1840674955,-4.32174615996,2017,U,FV43JYMM7KSFHU3NK3BITFYM,2026-06-09T14:53:19
BF_165_2017,11.1922047432,-4.30146333527,2017,U,3TKOIQOTWD42N7UI43YNGP6O,2026-06-09T14:53:20
BF_166_2017,11.1507498164,-4.32755186017,2017,U,UUS6EJQUBBZ3HY5VZNQI6MOD,2026-06-09T14:53:20
BF_167_2017,11.1854487722,-4.32079966884,2017,U,Y4ITP37P5GZGM7YNMKK723IP,2026-06-09T14:53:20
BF_168_2017,11.3864111155,-4.99375139294,2017,R,TT4S4GUDGM3C2PSTBUX5XXMB,2026-06-09T14:53:21
BF_169_2017,11.5096786165,-4.70943474574,2017,R,DZ2NIQ2JHFHBVX2U3MVEI7PY,2026-06-09T14:53:21
BF_170_2017,11.3540423513,-4.93627664574,2017,R,MDD4UQ3527LHQ55MHAVNPXJM,2026-06-09T14:53:21
BF_171_2017,11.6117630276,-3.68267895366,2017,R,V7Z4GJVPYM3IGOKA4YSDJYOI,2026-06-09T14:53:22
BF_173_2017,11.4778455625,-3.52775712105,2017,U,WINAKRPPAXWBMJEXEVYC2LEX,2026-06-09T14:53:22
BF_174_2017,11.2671383926,-3.65907573717,2017,R,OYRQ7EPXOZKQB2C5MZZTOWUW,2026-06-09T14:53:22
BF_175_2017,12.9219556481,-2.71339348276,2017,R,BG4VJX7BXLYG3NQJXMT3ZAYG,2026-06-09T14:53:23
BF_176_2017,13.0350101226,-1.64764696338,2017,R,LSHEF72EJ342J6CDWPWYKAW4,2026-06-09T14:53:23
BF_177_2017,12.8766156693,-2.44255176187,2017,R,ALM7LROL4HTIO4N6O2QUGXVU,2026-06-09T14:53:24
BF_178_2017,12.7294998267,-2.34480238856,2017,R,O2XQZ2S6E3VLCPFFSCLE3JUV,2026-06-09T14:53:24
BF_179_2017,12.8619985646,-2.330598271,2017,R,2OR6IUOU34SJCAOCBOCOZ7GM,2026-06-09T14:53:25
BF_180_2017,13.2545504273,-2.05901043978,2017,R,AUJZVJQFRFCXVDE6TBHN3MGD,2026-06-09T14:53:25
BF_181_2017,13.3445661886,-1.97065669033,2017,R,5F6B35RV5TZYVXC5ZKZON4CY,2026-06-09T14:53:25
BF_182_2017,13.5709901709,-2.41078222091,2017,U,NFAYFDV3B3PUHW6DHHYK5MLH,2026-06-09T14:53:26
BF_183_2017,13.6492031255,-2.38519808296,2017,R,VNFYEFRXRN7C4PO2ABJGFH3E,2026-06-09T14:53:26
BF_184_2017,13.5710615992,-2.30246301873,2017,R,4SCZXZ372ZTEKS4AOE2Q44RK,2026-06-09T14:53:26
BF_185_2017,13.575994249,-2.39650266133,2017,U,PUIENNL4DNGRGFY5BBS3APJI,2026-06-09T14:53:27
BF_186_2017,13.4985898151,-2.18569667248,2017,R,PRKW4IOIN3YYCRUIXRSKAHFV,2026-06-09T14:53:27
BF_187_2017,13.415028396,-1.97470360752,2017,R,LUEA5NUHFTUPJEXUNNSMUQSS,2026-06-09T14:53:27
BF_188_2017,13.5084770923,-2.65371121059,2017,R,GXIJOX7VE5BENXBZCB4PLCL3,2026-06-09T14:53:28
BF_189_2017,13.4263424634,-2.51253007327,2017,R,Z26MFPC4R7VRQ2J5TAMMP3AR,2026-06-09T14:53:28
BF_190_2017,13.6855181641,-1.97749633152,2017,R,Q66UYEOW7DQTX7YXGCNEZV4E,2026-06-09T14:53:28
BF_191_2017,13.7669184198,-2.07176479316,2017,R,4KKYDYQBFLOQAHEW5APHPNS4,2026-06-09T14:53:29
BF_192_2017,13.2030016109,-2.34099432493,2017,U,SEF57Z23BPAVPBMEDM2PGTLS,2026-06-09T14:53:29
BF_193_2017,13.1958206509,-2.33042363127,2017,R,3MDBBCD3EIDLVZNBYX3BCF4X,2026-06-09T14:53:29
BF_194_2017,13.2540190806,-2.21877754644,2017,R,VQKYKUDCRJI6MVM6T26XPLE7,2026-06-09T14:53:30
BF_195_2017,12.6519691091,-1.51177075969,2017,R,BTNFYENNIKMEORI5E6MEXT6U,2026-06-09T14:53:30
BF_196_2017,12.5330173283,-1.37084424302,2017,R,TCPZNEQQPTKJDKROXZSXIR62,2026-06-09T14:53:30
BF_197_2017,12.4993579102,-1.1802995235,2017,R,RUA2IQCWOSGSHAOPEX7IGLQK,2026-06-09T14:53:31
BF_200_2017,12.5839382708,-1.2978058856,2017,U,VEXRCFX34SH4SRYJ3LSQ6FZ6,2026-06-09T14:53:31
BF_201_2017,12.6178048556,-1.19036381194,2017,R,6Z4P4HS4242CUJRRRX5ZHLZC,2026-06-09T14:53:31
BF_202_2017,12.5247814087,-1.76866011134,2017,R,FIWNFVDCKAUOP3IQSZZROKZZ,2026-06-09T14:53:32
BF_203_2017,12.4356477549,-1.79803115467,2017,R,WXUG6UIKTQOYICZ4ZBY7PYN6,2026-06-09T14:53:32
BF_204_2017,12.8448404192,-1.69610806484,2017,R,G6N6QEYU464XYXJH63PYPEDL,2026-06-09T14:53:33
BF_205_2017,12.1233830737,-0.713635879068,2017,R,XLQ2FQI3RS7V5SKDKDWU2UN5,2026-06-09T14:53:33
BF_206_2017,12.01526184,-0.711140853934,2017,R,HPXQZM7HUMHJFB6WKZAAC7EL,2026-06-09T14:53:33
BF_207_2017,12.4021028392,-0.741928547725,2017,R,AT7TTL7KN7FM5VRTNO4IGWFQ,2026-06-09T14:53:34
BF_208_2017,12.3023221295,-0.922368863519,2017,R,MTBZK2XCLNMTMI3QA6IDCB3D,2026-06-09T14:53:34
BF_209_2017,12.1587598826,-0.880015955034,2017,R,RJ4KNJU2IHAQVVOAHRHWA2X3,2026-06-09T14:53:34
BF_210_2017,12.3287253318,-0.868017005237,2017,R,BZ3OMZJ472GICKN2U6SZMO6V,2026-06-09T14:53:35
BF_212_2017,12.2342656652,-0.625607275224,2017,U,FBFCW6GQRHTFOZBQW5EDDBJI,2026-06-09T14:53:35
BF_213_2017,12.1318667054,-0.560368440759,2017,R,C27DCVCL6BH7WRSZNWNOZNTW,2026-06-09T14:53:36
BF_215_2017,14.4395749105,-0.227316090204,2017,U,U6KAJM65ZEHIV6NIBJ3FWBIS,2026-06-09T14:53:36
BF_216_2017,14.3629809061,-0.0336103741559,2017,R,X2CGHRXPYBAFX6VYCFX7WWLK,2026-06-09T14:53:36
BF_219_2017,13.7706164785,-0.305890809399,2017,R,VVY2AHWXOVZYLBD3GI5YG5OV,2026-06-09T14:53:37
BF_220_2017,13.6715200247,-0.0669776902942,2017,R,DA6FK2Q4M3GVRB3HN3UFC2TW,2026-06-09T14:53:37
BF_221_2017,14.0735023971,-0.270170774916,2017,R,P6EWFHA5CVHIBTHTIVPEIID4,2026-06-09T14:53:37
BF_222_2017,14.032449059,0.237231955829,2017,R,JD5QM5YWAGUN26IF64JS3LZB,2026-06-09T14:53:38
BF_223_2017,14.0146264283,-0.548185669209,2017,R,RUKH7RIB6CJ3MACQEVN62KIG,2026-06-09T14:53:39
BF_224_2017,14.0296919854,0.291611417577,2017,R,KGO6QHUMNJIGD4Z6ZO2TOKJH,2026-06-09T14:53:40
BF_227_2017,14.1003480126,-1.6241999095,2017,U,TWK4KKT3U7C4LMDBYZ543LBG,2026-06-09T14:53:40
BF_232_2017,13.1028966053,0.583833636615,2017,R,DIISYVMAYHLF3VJE5SWOPZN6,2026-06-09T14:53:41
BF_233_2017,13.3617368113,0.431274078,2017,R,QHQVJMR3SZW6XACDTGGECYDI,2026-06-09T14:53:41
BF_234_2017,10.9621722762,-3.47105224026,2017,R,OLEWEKUNTD2S4T27346JKVEK,2026-06-09T14:53:41
BF_235_2017,10.9377688107,-3.27725171769,2017,U,HACZXDRTO4TUASOER3WZ6ZMQ,2026-06-09T14:53:42
BF_236_2017,10.9341756426,-3.42227972294,2017,R,L4KO3K3B3SC2HM5WPTU2E7F6,2026-06-09T14:53:42
BF_237_2017,10.7064597396,-3.17408107329,2017,R,NL66CUMN2WKFNL3AK6WO4JSV,2026-06-09T14:53:43
BF_238_2017,10.0182590536,-3.81259100339,2017,R,LB6Y7CUUJ2CVU7IL5KNTDZ6K,2026-06-09T14:53:43
BF_239_2017,10.3562172766,-3.16788718906,2017,U,5NYEDRSI5IGT23R5CJQASFEQ,2026-06-09T14:53:43
BF_240_2017,10.2555862464,-3.25185905341,2017,R,HBP7Q7MP46DCO6MKUSKRUIHX,2026-06-09T14:53:44
BF_241_2017,10.1558023957,-3.45785692645,2017,R,GOR7VXB6ACXS7YRYSHMK3R6U,2026-06-09T14:53:44
BF_242_2017,10.5485753512,-3.39312571114,2017,R,WHDNVUSA7X46WM5KASWJTJXZ,2026-06-09T14:53:44
BF_243_2017,10.3125060958,-3.607219867,2017,R,U6HF3OLZCE5NO3CJSYOP6BXY,2026-06-09T14:53:45
BF_244_2017,10.5591870242,-3.07272493298,2017,R,ABLPE4BTBD47HDFY44FONNMW,2026-06-09T14:53:45
BF_245_2017,11.1431318021,-3.06397183058,2017,U,4Y6SMGZFJFVWPX7XEZ32CSUN,2026-06-09T14:53:45
BF_246_2017,11.0561259065,-3.01678973967,2017,R,63RZUMLBCXA7C2QFWDZG7WV2,2026-06-09T14:53:46
BF_247_2017,11.2261554193,-3.2446718525,2017,R,JRBTSK2GF3TJWMLPDBIR4DQI,2026-06-09T14:53:46
BF_248_2017,11.1704256899,-3.0994010481,2017,R,UBEDOFJ3UGGGYXSR7OTVLYRR,2026-06-09T14:53:46
BF_249_2017,11.0677648864,-3.00408742378,2017,R,WY3AZZGSLQHKPW3MWB7ZXC6D,2026-06-09T14:53:47
BF_250_2017,11.2883483192,-3.18847991769,2017,R,27RYLETJD6VEO2Y4RZGQCRSJ,2026-06-09T14:53:47
BF_252_2017,9.54532106135,-2.76680081524,2017,R,Z47P4BGGTWT2SAMNRCW6HWAA,2026-06-09T14:53:47
BF_4_2021,13.1029778125,-4.22822585212,2021,R,TKF3LCBBUCIZBK4NJ7VNYBWJ,2026-06-09T14:53:48
BF_5_2021,12.5984840774,-4.17324476054,2021,R,HV527CXJMIK7HF5TJYNLX4HR,2026-06-09T14:53:48
BF_6_2021,12.7637438125,-4.10552654612,2021,R,ZULZ7BVSQLPIZIDA45LK2K5G,2026-06-09T14:53:48
BF_7_2021,12.6210104655,-3.81405059917,2021,R,4UA74ML723EW4ABBBOU27CXG,2026-06-09T14:53:49
BF_8_2021,12.8621762454,-3.91857428467,2021,R,FF6SPSAWATPLUIIVNLJHC2HB,2026-06-09T14:53:49
BF_9_2021,12.745331472,-3.87331623424,2021,U,YAE4WQ5AMNG6OWSLIRNJPM5N,2026-06-09T14:53:49
BF_10_2021,12.733561535,-3.82534677816,2021,U,W5QZK6S6IGMKIATV77BWRW6N,2026-06-09T14:53:50
BF_11_2021,11.9603001361,-3.68983910257,2021,R,6ITYGCH66JSW4LAXC2T7CKU7,2026-06-09T14:53:50
BF_12_2021,11.8458267876,-3.83622539822,2021,R,F6NCYW2C4MJX326WYTORGZG2,2026-06-09T14:53:50
BF_13_2021,12.3316348932,-3.3672102986,2021,R,FMEPXQF6NSWTAJORW2HVEGSF,2026-06-09T14:53:51
BF_14_2021,12.4757189605,-3.44284558042,2021,U,6JGJEFF2ZZQZZVAY5K5K5ZFT,2026-06-09T14:53:51
BF_15_2021,12.4434743365,-3.46248382025,2021,U,NI4KYEXKWVO32XCSDB4C34CT,2026-06-09T14:53:51
BF_16_2021,12.4568704393,-3.43894489365,2021,U,4WY4EIIMW4SDHZMSNGG65AFH,2026-06-09T14:53:52
BF_17_2021,12.4750409545,-3.48050665007,2021,U,U6FZRJMB5MYR6UJYYUXTXNHL,2026-06-09T14:53:52
BF_18_2021,12.4848406012,-3.31481889927,2021,R,KFY67BPZKRIXQ4N2XTCQSHVY,2026-06-09T14:53:53
BF_19_2021,12.1954521238,-3.76542074367,2021,R,4GWJSVM7UHKIOZGOG5BTC53I,2026-06-09T14:53:53
BF_20_2021,12.3435162853,-3.2599322661,2021,R,M2QRPS324L75F5QZXH63OZ5A,2026-06-09T14:53:53
BF_21_2021,12.0038148554,-3.33870016293,2021,R,C2UNYYRPULY46ZY66UEFS7SO,2026-06-09T14:53:54
BF_22_2021,12.2794269722,-3.11119209907,2021,R,4KVFRAZ6YEMHVOONUGIXJBVY,2026-06-09T14:53:54
BF_25_2021,13.2282404833,-2.74536768221,2021,R,LBS75UBQNOXUSCDPX4TX4TSK,2026-06-09T14:53:54
BF_28_2021,13.0888684982,-2.90664315962,2021,R,4XBN5ELE4AR4QOGMXUVYQRYO,2026-06-09T14:53:55
BF_29_2021,13.0755618969,-3.07043625071,2021,U,UENRYNSDCEUNMSXIVLEAG5YP,2026-06-09T14:53:55
BF_30_2021,11.716743684,-3.30836689293,2021,R,CSO4KUIBQTCYMFFVN3YK3UJY,2026-06-09T14:53:55
BF_31_2021,11.8880865053,-3.39491577908,2021,R,PW2ZAQ6APDCRVAMOZIDZFYDS,2026-06-09T14:53:56
BF_32_2021,11.7425884377,-2.93915833846,2021,U,EWRJVCZGYOI5JJULYVUYOVVF,2026-06-09T14:53:56
BF_33_2021,11.3382825725,-2.79500624619,2021,R,PXQNEI3IYS6LQX62PHD4UTXB,2026-06-09T14:53:56
BF_34_2021,11.5868707617,-2.77188086704,2021,R,LQIZAPHKCVUKXLYHZVUKDCQK,2026-06-09T14:53:56
BF_35_2021,12.0271436988,-3.11967662241,2021,R,5XJT2RQ2Q6KVYYYQIF4GNJX7,2026-06-09T14:53:57
BF_36_2021,11.8870045084,-3.18820463152,2021,R,HXF5EKM5S4PYRZ3EOHECYRNC,2026-06-09T14:53:57
BF_37_2021,11.8659307384,-2.95879235162,2021,R,SQNQRXE7JA5JLO5A2Y3DOJZJ,2026-06-09T14:53:58
BF_38_2021,12.4275239428,-4.14059292889,2021,R,BARGAGAVKUSHLBRZ7CHSI4DZ,2026-06-09T14:53:58
BF_39_2021,11.9305628825,-4.34542076464,2021,R,2NCBA5L5FZGFJWT4GX664Y6H,2026-06-09T14:53:58
BF_40_2021,11.7782226311,-4.38000293375,2021,R,CZRDCW447BZKLN4ATCIQVF7I,2026-06-09T14:53:59
BF_41_2021,12.4619196024,-3.64735459351,2021,R,EM2NNDRWJ6PQ7YWP7HXLKREC,2026-06-09T14:53:59
BF_42_2021,12.1954117025,-3.91550617689,2021,R,3GCIEKDMJX2FGUE2L6L3RABT,2026-06-09T14:53:59
BF_43_2021,12.0818515167,-4.08746081978,2021,R,63CHINZX3WNOLDROG4VJVOPC,2026-06-09T14:53:59
BF_44_2021,12.1097200905,-4.18324249186,2021,R,L4PCSCUKPIMIFIJN5JCIBMKM,2026-06-09T14:54:00
BF_45_2021,12.168793389,-4.0803556068,2021,U,LLMUTU27U2SX2FTEI4IKGFGN,2026-06-09T14:54:00
BF_46_2021,12.1882143951,-4.0731618549,2021,U,LHIQ572CBZBOEBPDDDZZXGG2,2026-06-09T14:54:01
BF_47_2021,12.4781318734,-4.39812957295,2021,R,INLBE5EKR3NRI3A5A5MTSMAX,2026-06-09T14:54:01
BF_48_2021,12.6468488693,-3.3553187152,2021,R,R4JFJN5MEQRG6KQ2MJPCP67X,2026-06-09T14:54:01
BF_49_2021,12.5185609228,-2.94985292631,2021,R,XGCB3UTCKAIN3KADKNHWRBCM,2026-06-09T14:54:02
BF_50_2021,12.7595684166,-2.89947466294,2021,U,SY2UMIOJF2Y3OYX3J24VNXMT,2026-06-09T14:54:02
BF_51_2021,12.9010177088,-2.99760604312,2021,R,A4TB7X77CRFWEVTCAJUJ2UGO,2026-06-09T14:54:02
BF_52_2021,12.6267626721,-3.19667847483,2021,R,J3KQUJPP3ZBAPXMGISE7PT6Z,2026-06-09T14:54:03
BF_53_2021,10.6429541348,-4.80215177492,2021,R,H7SC3H2JOXMFDRWDC2ZEJC33,2026-06-09T14:54:03
BF_54_2021,10.6388797692,-4.74697935845,2021,U,CVWGNF6O5NQHMDXG7VIX4JPW,2026-06-09T14:54:04
BF_55_2021,10.6203096341,-4.74410921517,2021,U,ALKOFUXKBWP6WMNMMXQ7LK63,2026-06-09T14:54:04
BF_56_2021,10.6317347258,-4.76496621104,2021,U,XD3NQOL75RAKSDPWQWACSUBM,2026-06-09T14:54:04
BF_57_2021,10.6474460036,-4.77300872155,2021,U,O3IZGFRCUSLO73S4UFVIVKKC,2026-06-09T14:54:04
BF_58_2021,10.6524479463,-4.76882130283,2021,U,H2OHXMM26NKSDBKXKRJ4F4OD,2026-06-09T14:54:05
BF_59_2021,10.6846733141,-4.73569019379,2021,U,ZWP72SEUEJAGPJIDKLWDTIHL,2026-06-09T14:54:05
BF_60_2021,10.6559390092,-4.74513507491,2021,U,FKTQO3ORB7VH4EUASE72SUF2,2026-06-09T14:54:05
BF_61_2021,10.6432038419,-4.72923310331,2021,U,QQNX45EDME55ZFKHZ5CB2MNQ,2026-06-09T14:54:06
BF_62_2021,10.7608433172,-4.73015320417,2021,R,Z6OSBG45FCA6CBHM5WUTVJSQ,2026-06-09T14:54:06
BF_66_2021,10.1987816934,-4.99123528975,2021,R,7TRZIWOM43K2FH7FTOU7EOLT,2026-06-09T14:54:07
BF_68_2021,10.2928572937,-4.90975329367,2021,U,5NBJFNTT2LIRVY6V7MT5IXW7,2026-06-09T14:54:07
BF_69_2021,10.2633162611,-4.93672827189,2021,U,ZI576NWRSMFFS4DPPJGG7WPX,2026-06-09T14:54:07
BF_73_2021,10.547974286,-3.92315499519,2021,R,7VTORUBMOV64LMUKBQGR65VJ,2026-06-09T14:54:08
BF_74_2021,10.6420747158,-4.06334635361,2021,R,RHBB3VDTCNHP25ARIAI3SLYI,2026-06-09T14:54:08
BF_75_2021,10.5845764773,-4.3053559031,2021,R,X5OOS6K6DIB6HFXRTWZP43LT,2026-06-09T14:54:08
BF_76_2021,10.6981731267,-4.24727048551,2021,R,QVMNK7MVOBUXSMZXLBT5BOZP,2026-06-09T14:54:09
BF_77_2021,10.3358812276,-5.00261843117,2021,R,25QOXWFWP2RCXCU7JMETKEJC,2026-06-09T14:54:09
BF_78_2021,10.7183581874,-4.59465961908,2021,R,37JZINIXRSZ2OMFCNQGERU2B,2026-06-09T14:54:09
BF_80_2021,10.633560027,-4.54882658724,2021,R,7IHGVUUGKRYHLTL7JKWP4UPW,2026-06-09T14:54:10
BF_81_2021,10.5284860923,-5.20208463271,2021,R,P5Y7E7BPPRXYVCIN2I3CAR3E,2026-06-09T14:54:10
BF_82_2021,10.8066467947,-5.33539115381,2021,R,BIPR4HYUBMIKV6CG4ATEBYMR,2026-06-09T14:54:11
BF_83_2021,10.5119044119,-5.45253489219,2021,R,CMCPGYLZPWW4A7B4O6UEKX2D,2026-06-09T14:54:11
BF_84_2021,10.4769927533,-5.36613998765,2021,R,2J7ITMQWHJY3XGTHFNXYH2ZK,2026-06-09T14:54:11
BF_85_2021,10.3874710963,-5.29400738251,2021,R,JFHWUM45Z56OW2TCZB3LL4RU,2026-06-09T14:54:12
BF_86_2021,10.8356995143,-5.38164285948,2021,R,BU3G56Z7R27SFGEPQZCYYP5S,2026-06-09T14:54:12
BF_87_2021,10.6560971928,-5.16709902046,2021,U,S3D2SK722WLZAMDIWJEO2ZNX,2026-06-09T14:54:12
BF_88_2021,10.6618212331,-4.94855953005,2021,R,WI57DFAJFQPM4A6DK3GVWK3S,2026-06-09T14:54:13
BF_89_2021,12.3503641259,-1.52475823809,2021,U,72DJXZR74W6LLODSHA6TV4TB,2026-06-09T14:54:13
BF_90_2021,12.3479180605,-1.53131666113,2021,U,M65XTDHPOXIB3KOPXE6XLSJE,2026-06-09T14:54:14
BF_91_2021,12.3633306911,-1.55361765316,2021,U,LFUOKVGGVHUQ7D362A7V6LM3,2026-06-09T14:54:14
BF_92_2021,12.3927581049,-1.54535067454,2021,U,57HQE53PKJBQIE3UQFXP6JAK,2026-06-09T14:54:14
BF_93_2021,12.3525598334,-1.58258616685,2021,U,WHMTPN6CTG2BR62JOVINCAOI,2026-06-09T14:54:15
BF_94_2021,12.3724928887,-1.56855018553,2021,U,PYMUFVLWHKB2Y34XN3NJXZ6Z,2026-06-09T14:54:15
BF_95_2021,12.3883426476,-1.5972466072,2021,U,JGHHPYBJAQ7LQJIB4QXB34DS,2026-06-09T14:54:15
BF_96_2021,12.3870406421,-1.59103041964,2021,U,PNGN37GWCQGF3NNPWBDJNI7M,2026-06-09T14:54:16
BF_97_2021,12.3965237585,-1.56573391589,2021,U,QADP6VC66AFZYWVDRJIDKOSQ,2026-06-09T14:54:16
BF_98_2021,12.3993391872,-1.52889374277,2021,U,JHCB7CPNHHCXCRCYFLIS6UFM,2026-06-09T14:54:17
BF_99_2021,12.4056308799,-1.51795858121,2021,U,HKWZJBANCLHTGYGZJZHAMWB4,2026-06-09T14:54:17
BF_100_2021,12.3996934537,-1.50640763782,2021,U,2X5JLDI6UBEXCZ4Z6EDX63MM,2026-06-09T14:54:17
BF_101_2021,12.434358868,-1.46487670044,2021,U,2W57WIVUPFOJ5ZG2B4LS3OLG,2026-06-09T14:54:18
BF_102_2021,12.4306359124,-1.494814895,2021,U,PJLGK7AXELGQG2GOBM36BOX6,2026-06-09T14:54:18
BF_103_2021,12.3856206511,-1.48671266704,2021,U,M4N7GD3FGTT7Q7MAPELY4WGA,2026-06-09T14:54:18
BF_104_2021,12.3415950074,-1.51666169375,2021,U,3L7SHUWOFK6DDXTPYFE5QM7V,2026-06-09T14:54:19
BF_105_2021,12.3648610269,-1.50405157265,2021,U,YQFZOCZL3JVCNASUQTFY4ZCK,2026-06-09T14:54:19
BF_106_2021,12.332294634,-1.56764685103,2021,U,5V2CF5ZB262ID5MYHA3QUK2B,2026-06-09T14:54:20
BF_107_2021,12.3269480524,-1.57324302986,2021,U,VDBEQEXZV67K67L6VJNNNIUE,2026-06-09T14:54:20
BF_108_2021,12.3397931267,-1.5528375566,2021,U,UV3WV5EIVFZIAE6VNOQE5FKG,2026-06-09T14:54:20
BF_109_2021,12.3255806403,-1.54031001831,2021,U,2GO7W6ONORRFPZSW2X3QCLYQ,2026-06-09T14:54:21
BF_110_2021,12.283074287,-1.54147160654,2021,U,WO6SQGKOQBZLMXHHEFVXOURV,2026-06-09T14:54:22
BF_111_2021,12.2709418951,-1.5500039079,2021,U,6IJ3TAZRB3TR2ZGFOX6JH37D,2026-06-09T14:54:22
BF_112_2021,12.3031554276,-1.57416371882,2021,U,KYWVUDXZ6XZKK3GKV2GUDMD4,2026-06-09T14:54:22
BF_113_2021,12.2749300157,-1.58288540954,2021,U,R533OAXPFJBRBZWMXXAF7G5Q,2026-06-09T14:54:23
BF_114_2021,12.3119089291,-1.59186239577,2021,U,QPILT3A4JEVW4VDIQ7BHFGJI,2026-06-09T14:54:23
BF_115_2021,12.2965127343,-1.61309785168,2021,U,AVWSIYAPKNV3TBHW64UKRZW2,2026-06-09T14:54:23
BF_116_2021,12.3385408961,-1.59258576582,2021,U,O52SAHQMTQYE677FJAY6KRIJ,2026-06-09T14:54:24
BF_117_2021,12.3318232017,-1.60553157001,2021,U,FRQIBEL24ADTNB2GQV2BZM74,2026-06-09T14:54:24
BF_118_2021,12.3715142328,-1.65448614395,2021,U,DPDPX5FMGSRVZ6DU4V6L2R3L,2026-06-09T14:54:24
BF_119_2021,12.3906713331,-1.61491911929,2021,U,W4T6RTUULBEI7JG2RFAIVXLX,2026-06-09T14:54:25
BF_120_2021,12.4292529982,-1.62522812785,2021,U,UTIH7G7RBUVH5N6U7RBRKLZM,2026-06-09T14:54:25
BF_121_2021,12.4692666224,-1.56552917021,2021,U,WGUPQKLM6H55Q3ROJYDWAM56,2026-06-09T14:54:26
BF_122_2021,12.417788796,-1.59255077126,2021,U,V5BJJ6QAPW5VLISSK7WHIZIJ,2026-06-09T14:54:26
BF_123_2021,12.4328079383,-1.57316708176,2021,U,H2FDRAR45R62RL36CIISRNA2,2026-06-09T14:54:26
BF_124_2021,12.4175234839,-1.56939412865,2021,U,AUVQ2O2HDD2DIR6YFYJ7PZZI,2026-06-09T14:54:27
BF_125_2021,12.4323933742,-1.53864635686,2021,U,J73PKCHE4KURIQIHZJ2LC27P,2026-06-09T14:54:27
BF_126_2021,12.4465108244,-1.53349372901,2021,U,BDDG6VKURIUH42ZTP5IBT3MJ,2026-06-09T14:54:27
BF_127_2021,12.4177377928,-1.46185653025,2021,U,W63EFFQE6P762I3M5NLGBPE6,2026-06-09T14:54:28
BF_128_2021,12.4235548839,-1.4670518404,2021,U,O7WYPUW5KUHVP5EORDE3ISPW,2026-06-09T14:54:28
BF_129_2021,12.382426655,-1.46411122136,2021,U,PG34XCY3XJQ5OWQZNI3TU7CU,2026-06-09T14:54:28
BF_130_2021,12.3797297633,-1.46322936804,2021,U,RSCFFCELNY4OXBU3UMZPITHX,2026-06-09T14:54:29
BF_131_2021,12.3687713977,-1.4507453821,2021,U,IKY3L7BC5VWKF5VDMVFSB4C4,2026-06-09T14:54:29
BF_132_2021,12.3372228133,-1.47150704143,2021,U,VI6SZVZZUHFGSXRGYLD7O77C,2026-06-09T14:54:29
BF_133_2021,12.3287097191,-1.48579016138,2021,U,NADNH532NQ4KNAYBLZ25HLUV,2026-06-09T14:54:30
BF_134_2021,12.3168472384,-1.47481955996,2021,U,6G4VJIPLX2PKUG5UHDXTGHCO,2026-06-09T14:54:30
BF_135_2021,12.3306882926,-1.46322492645,2021,U,N4THELJHZJNWJOXQQWCZVU3X,2026-06-09T14:54:31
BF_136_2021,12.3549117213,-1.44907860066,2021,U,JQ77GTIXTQQC7QF3MT5OQIF3,2026-06-09T14:54:31
BF_137_2021,12.3422783742,-1.4747805563,2021,U,GHHW575CZACOKILD5JGU7QID,2026-06-09T14:54:31
BF_138_2021,12.3132110733,-1.51712319929,2021,U,DJ3EB6KBHPPOFAMP7KE5RCIY,2026-06-09T14:54:32
BF_139_2021,12.1106275208,-1.70497312529,2021,R,AH36R76GNU2X2LMRSNZGZ67C,2026-06-09T14:54:32
BF_140_2021,12.1783943813,-1.58145100416,2021,R,CM47Z4GH3F7QMOHU2V7WS2Z6,2026-06-09T14:54:32
BF_141_2021,12.2544909914,-1.52899970363,2021,R,DYKTJR7DVGBEROER34GQ5TVE,2026-06-09T14:54:33
BF_142_2021,12.2766940145,-1.48511203466,2021,R,PHTHZSFOGJLDD25D2HPCHOOM,2026-06-09T14:54:33
BF_143_2021,12.2214073272,-1.41271825418,2021,R,YECJW6UCKNITXLRHY7TVIJK3,2026-06-09T14:54:33
BF_144_2021,12.1646794196,-1.22391809741,2021,R,4Q65NDHLB4IGR4TZZWHDV5OF,2026-06-09T14:54:34
BF_145_2021,12.4543526323,-1.68599952856,2021,R,FCJLHCSOUVC2NFPPWBV6VX4W,2026-06-09T14:54:34
BF_146_2021,12.2945486029,-1.40083920668,2021,R,TFUJ5ZVCTX77HHSKLURYQVBU,2026-06-09T14:54:35
BF_147_2021,12.4546553491,-1.43272027294,2021,R,LS6BWY5WVXZGX4RCK42W37V3,2026-06-09T14:54:35
BF_148_2021,12.4197320014,-1.40772335954,2021,R,Q46HF2KX6FQXVLLRAGIODPIO,2026-06-09T14:54:35
BF_149_2021,12.3652518261,-1.4047105928,2021,R,OBTX6QJ6IJ4IZQRDACRTU7OF,2026-06-09T14:54:36
BF_150_2021,12.3558491676,-1.4503815179,2021,R,2NYDLAII72TSVV4LOLMNVL36,2026-06-09T14:54:36
BF_151_2021,12.3556044854,-1.43359902896,2021,R,KAJGEBQQ34FGQUVKHMV4NYMU,2026-06-09T14:54:36
BF_152_2021,12.3744085361,-1.40566609968,2021,R,EPV4MTOGA4E27WRSTF7MCSQJ,2026-06-09T14:54:37
BF_153_2021,12.3728652699,-1.43630458276,2021,R,UWBFRPYWR4PKJBK6XRPYKZKU,2026-06-09T14:54:37
BF_154_2021,12.3864759407,-1.43999118371,2021,R,4LOD3MZDE6T3DRLGYDGGEPWD,2026-06-09T14:54:37
BF_155_2021,12.3335226253,-1.71276420171,2021,R,DETG2VWKYIO6EO6ADLSBZS7A,2026-06-09T14:54:38
BF_156_2021,12.2456603855,-1.65520223628,2021,R,BBN7XDCLSDGMDIOTUJSHMXDW,2026-06-09T14:54:38
BF_157_2021,11.5893762639,-0.514599757323,2021,R,ZMXANHUAP3FF4GCNJVWN56IX,2026-06-09T14:54:38
BF_158_2021,11.5468524769,-0.39284597414,2021,R,O2QWXFIYY6C4EDUYZ26K5F7A,2026-06-09T14:54:39
BF_159_2021,11.803233551,-0.703476807639,2021,R,HWWWIZDNJ6CMOSFXOGCUM2VE,2026-06-09T14:54:39
BF_161_2021,11.1237897908,-0.308957262425,2021,R,MNSFOLBV2RPLUP4QH6365IVU,2026-06-09T14:54:39
BF_162_2021,11.2597009689,-0.306257981102,2021,U,VGMNRTV4J35WXJWAZPE4FW6L,2026-06-09T14:54:40
BF_163_2021,11.7453613752,-0.611355493548,2021,R,NH5YQTJXWKM2INIX5W4GFRFE,2026-06-09T14:54:40
BF_164_2021,11.6036214216,-0.717071399395,2021,R,YKCEJX5YCB2PY2LLO7AL5ONH,2026-06-09T14:54:41
BF_165_2021,11.689482767,-0.503369391918,2021,R,BO3ER4PJLTNZHH762JYKEC2B,2026-06-09T14:54:41
BF_166_2021,11.8103110605,-0.569556846039,2021,U,YBMZVSMFQWQW5ZKWQU7KIGRQ,2026-06-09T14:54:41
BF_167_2021,11.8076212506,-0.555510829242,2021,U,RG3UOEN7OVTW7J3B52NVF22T,2026-06-09T14:54:42
BF_168_2021,11.8201715876,-0.660959833174,2021,R,UWRVP4XNFMUCGZX76YWAS33W,2026-06-09T14:54:42
BF_169_2021,11.7602063719,-0.703054079515,2021,R,PK7AF2DJCHWN6MDPMVD6PMDG,2026-06-09T14:54:42
BF_170_2021,11.6536407912,-0.313255531315,2021,R,CJ7SKN62JWLPAB6UVNZNDLKC,2026-06-09T14:54:43
BF_171_2021,11.7952629972,-0.48393562233,2021,R,DVTVSMPWTVWHB67XJJT27G3Z,2026-06-09T14:54:43
BF_172_2021,11.7838779072,-0.398547980259,2021,U,PRIHNR46IJLERJ4Q64HVVC3Q,2026-06-09T14:54:44
BF_173_2021,11.759631448,-0.371225553933,2021,U,EA6WF7P3RNJAJXNU2P5CWL6X,2026-06-09T14:54:44
BF_174_2021,11.7863793286,-0.354901358349,2021,U,2X73IYVWLOJ7TKBIYQRJ4FL3,2026-06-09T14:54:44
BF_175_2021,11.288834192,-0.682191831183,2021,R,6XKZTOARK7Z4XKPL2U4S2L6Q,2026-06-09T14:54:45
BF_176_2021,11.3751485966,-0.548993258915,2021,R,S4NR5M7CUW7FUYOEHFOLT62Q,2026-06-09T14:54:45
BF_177_2021,11.1225185701,-0.560766814714,2021,R,S3KB7ELYJ5FXP6GMHD7OT4LF,2026-06-09T14:54:45
BF_178_2021,11.1828609253,-0.626678426243,2021,R,RMY3CU4D7DTFNBDAMRNIRFBF,2026-06-09T14:54:46
BF_179_2021,11.0153691229,-0.532057398071,2021,R,2XDFOLJN67G65BTFWHRJHBG2,2026-06-09T14:54:46
BF_180_2021,11.3367907461,-0.569021482363,2021,R,WRED6X74EIKUZKVWRVNBNH5Z,2026-06-09T14:54:46
BF_181_2021,12.3751477251,-0.357231434556,2021,R,6VAZ3QVMZNU4A5BO3O7BRSKM,2026-06-09T14:54:47
BF_182_2021,12.1650654693,-0.196628980528,2021,R,JZVBQHMN6XXRHU2PUDFWHCTU,2026-06-09T14:54:47
BF_183_2021,11.954007895,-0.348131738261,2021,R,ZTUOKCXFCW5BZ6TLQVIOZCTK,2026-06-09T14:54:48
BF_184_2021,12.1134321313,-0.134133912783,2021,R,6D2WJI53UX6XPQSQJKLWGUOM,2026-06-09T14:54:48
BF_185_2021,12.3102122134,-0.459538499455,2021,R,C7X6RCLJTEENTUUZ3373F74V,2026-06-09T14:54:48
BF_186_2021,12.2012793096,-0.34400557006,2021,R,KMCKR3ASRYMBR46XD6F6H65F,2026-06-09T14:54:49
BF_187_2021,12.1798248989,-0.355528732308,2021,U,LXPNNQ5MAUFXALAN3N3BMIXJ,2026-06-09T14:54:49
BF_188_2021,12.1725814088,-0.358163908049,2021,U,SL45DWCUAHMKJ7V6537Y27A3,2026-06-09T14:54:49
BF_189_2021,12.1852711873,-0.367863248751,2021,U,VBRSNNKC5LZBG7C7IDWBTOMN,2026-06-09T14:54:50
BF_190_2021,12.2980709491,-0.375237382121,2021,R,6I6FBMPMKACN4HARGFUV6KV4,2026-06-09T14:54:50
BF_191_2021,12.2636931504,-0.422342932321,2021,U,DHXWTDHYTIWU57J75FWRLJ7F,2026-06-09T14:54:50
BF_192_2021,12.2554751282,-0.441962207762,2021,U,VGXRVSINMVMYTKO7FRPCD4JX,2026-06-09T14:54:51
BF_193_2021,12.232700788,-0.458686738383,2021,U,ZKTVNB3AR7CUFNYVZ52N43CD,2026-06-09T14:54:51
BF_194_2021,12.2525846064,-0.425336580394,2021,U,VUJJEX6LNSGZCPKOLEVMDG3N,2026-06-09T14:54:52
BF_195_2021,11.9042248207,-0.227067739427,2021,R,COHEYIT4LRH5KQNVLX4COZKK,2026-06-09T14:54:52
BF_196_2021,11.6771973787,0.118353487512,2021,R,PGMH3T35QKKYNZPEHGSMKGR6,2026-06-09T14:54:53
BF_197_2021,11.6432355359,-0.0706791397085,2021,R,ESE64JWTDRCECOYS3XJF2VZU,2026-06-09T14:54:54
BF_198_2021,11.304635815,0.0932406964944,2021,R,CIU3HQSY4TL4XZQAK7O53GYC,2026-06-09T14:54:54
BF_199_2021,11.5301900429,0.0434222667707,2021,U,BXW3JZWRC6J535OV65CEJQ2J,2026-06-09T14:54:55
BF_200_2021,11.0782198924,0.192095005251,2021,R,D75QMGURK5BWYBP3CCC2HAZ4,2026-06-09T14:54:55
BF_202_2021,11.2261376449,0.00913968255641,2021,R,RPXNBZVDZAOTQC3V4MZKDNU7,2026-06-09T14:54:55
BF_203_2021,11.1525885091,0.0665158949962,2021,R,VHY6DRCFE3NVTFAOOLONAHJ3,2026-06-09T14:54:56
BF_204_2021,13.6972308235,-1.53309276605,2021,R,YJVGW5FOBFYGEYLHH2ND7YVI,2026-06-09T14:54:56
BF_205_2021,13.1444922942,-1.59786917022,2021,R,TJCVTRYO5SEWS2UQKJFSZWT4,2026-06-09T14:54:56
BF_206_2021,13.4300844961,-1.53424348571,2021,R,NJUBWBKREW44376VRQAMEDJQ,2026-06-09T14:54:57
BF_207_2021,13.311257834,-1.5794789,2021,R,SFIO2OXV3MPEHUVAOYXLJWBF,2026-06-09T14:54:57
BF_208_2021,13.3315818603,-1.52824967256,2021,U,2X7BSVVDMGALLMAKS3OKBJ5H,2026-06-09T14:54:58
BF_209_2021,13.3489501395,-1.54495160319,2021,U,ZGBOXMDCOGJN6MJBNHRMAKJP,2026-06-09T14:54:58
BF_210_2021,13.3031994895,-1.5266264407,2021,U,6VWMSVTLGQTUAMASDXZPYYFO,2026-06-09T14:54:58
BF_211_2021,13.5793452071,-1.63807454944,2021,R,HUV5M5T5UDUS7PBBKSGIBFTL,2026-06-09T14:54:59
BF_212_2021,13.1877790115,-1.64013377265,2021,R,NBQG7KEJ5BU6H7PZWBTPILQV,2026-06-09T14:54:59
BF_213_2021,13.1961204283,-1.52565287392,2021,R,LDRTJU7P22KXWPKJCWUZBPXB,2026-06-09T14:54:59
BF_214_2021,13.3182744401,-1.74468949371,2021,R,R4ON2PZJQACS2RJ3H5DCXOL3,2026-06-09T14:55:00
BF_215_2021,12.892795927,-0.732401868846,2021,R,3GZPMTG64QFIBXFRE3GUYZ6Q,2026-06-09T14:55:00
BF_216_2021,12.625902974,-0.387106386491,2021,R,RUCKEYSAOFSXKKAKTL6VADGK,2026-06-09T14:55:01
BF_217_2021,12.8624069995,-0.580240978273,2021,R,VAR2MJGH26OYNU64XAPOWW45,2026-06-09T14:55:01
BF_218_2021,12.6714401016,-0.56743237159,2021,U,RP44YDOYJ3PRM46RBP2MH6WI,2026-06-09T14:55:01
BF_221_2021,12.7156229959,-0.275597664963,2021,R,TJ2EEQZE26ILWVX6GJKDZMEC,2026-06-09T14:55:02
BF_227_2021,12.9929440814,-0.44632925838,2021,R,HPJZLDDKVWK2VVBILR3P3ED3,2026-06-09T14:55:02
BF_228_2021,13.0371099666,-1.04627150843,2021,R,4MPTPYDWLD7DUB6HICR2HUS4,2026-06-09T14:55:02
BF_229_2021,12.9623342582,-1.20962257802,2021,R,BPG4FWMCAHJVCIQQ3H242JAJ,2026-06-09T14:55:03
BF_230_2021,12.8520828659,-1.04512603755,2021,R,QX7RUGA2TGJ5W6FHLN77O5DO,2026-06-09T14:55:03
BF_231_2021,13.1471182425,-1.2457134196,2021,R,VBX6P7YBEQY7XREK3NIY42RJ,2026-06-09T14:55:04
BF_232_2021,13.2010873691,-1.00826658079,2021,R,RJESC67L7GZ7BUFCTFK6HKRQ,2026-06-09T14:55:04
BF_233_2021,13.0797320739,-1.09633925168,2021,U,MZBXSPLZHYCHSRHASDADAKRT,2026-06-09T14:55:04
BF_234_2021,13.101330801,-1.09429495946,2021,U,4YPSVPWFBBDSZ3CJ5UD2DFDS,2026-06-09T14:55:05
BF_235_2021,13.069988626,-1.07484389203,2021,U,OFWNWJXZYYEI7BLV6ZDAS2Z2,2026-06-09T14:55:05
BF_236_2021,13.0799060096,-1.09208395719,2021,U,GY5R5F5N676P3B56BQHJFOTD,2026-06-09T14:55:05
BF_237_2021,13.0861871266,-1.10462800729,2021,U,UKV55IKJ4X5ATIX4S4PPBGID,2026-06-09T14:55:06
BF_238_2021,13.0915402397,-1.06989171507,2021,U,5OBG574FVQ4B37UMBCLFXHUB,2026-06-09T14:55:06
BF_239_2021,13.0798056801,-1.07083026315,2021,U,GSNNLBMSVLEJZSA4JYBTPKYE,2026-06-09T14:55:07
BF_240_2021,12.8432683866,-1.16405733459,2021,R,BFQ24WOU7LRQAN4X3HQUKOGT,2026-06-09T14:55:07
BF_241_2021,12.7489244559,-1.02417023802,2021,R,YU3VWNSMRC264CGNW7HJ7ZKN,2026-06-09T14:55:08
BF_242_2021,13.0148664106,-1.41675104849,2021,R,OKDYWYIYMTS7MTVF5RTTROQJ,2026-06-09T14:55:08
BF_243_2021,13.0570274296,-1.30772809086,2021,R,6LIFGCPUGSTR3ILVRMKPABSB,2026-06-09T14:55:08
BF_244_2021,12.753033448,-0.798160810104,2021,R,7NNPSRJZ6RZQ2DQZVWV6RBJY,2026-06-09T14:55:09
BF_248_2021,12.5982845636,-0.846235727143,2021,R,3AQH3ZQNICFGR4745Q6G7MVR,2026-06-09T14:55:09
BF_249_2021,12.5050805759,-2.26573867155,2021,R,VAJPDTA7SR2TEVJSGDE6Q5GB,2026-06-09T14:55:09
BF_250_2021,12.4485156644,-2.0382930365,2021,R,2KIEC6L5NENQP4K4GKXERZKN,2026-06-09T14:55:10
BF_251_2021,12.2571191009,-1.89589829848,2021,R,ODQXRVCJF5BTG4N43PDSLBMZ,2026-06-09T14:55:10
BF_252_2021,12.3452763494,-2.31892049688,2021,R,25PU33PE7LSHUWQS6KVYQBNX,2026-06-09T14:55:10
BF_253_2021,12.2002371181,-2.37491620209,2021,R,BWUUKDOOFAKIWXZ2ZZYFQ6PD,2026-06-09T14:55:11
BF_254_2021,12.2898499488,-2.36356902175,2021,U,EPTBH5A4NPQMNJGIBHV3N6SX,2026-06-09T14:55:11
BF_255_2021,12.2413415586,-2.34819979857,2021,U,372EQUQZI7ZFXB4VAKMFIZUB,2026-06-09T14:55:12
BF_256_2021,12.2619961672,-2.32142356279,2021,U,WZHS4ZMSBTBRERLWEQS23WBG,2026-06-09T14:55:12
BF_257_2021,12.2649763558,-2.33536935892,2021,U,X4KEZXBFGU34C25G25DGB363,2026-06-09T14:55:12
BF_258_2021,12.2466458001,-2.35647214265,2021,U,LLBC6XAPNUN2CT4MT55KDZXC,2026-06-09T14:55:13
BF_259_2021,12.2360516879,-2.38969870473,2021,U,CVPUHWGDQRGWO5TUDVJ66J3U,2026-06-09T14:55:13
BF_260_2021,12.2687171506,-2.39498168574,2021,U,RK3OIYTSQQCRMKD5IDWRY2YC,2026-06-09T14:55:13
BF_261_2021,12.259307854,-2.40035248576,2021,U,RQITNUJS2AKDGH3URUAZDI4I,2026-06-09T14:55:14
BF_262_2021,12.2676499073,-2.36191034323,2021,U,DZADS5DYP5OKSBX6N24KXXMJ,2026-06-09T14:55:14
BF_263_2021,12.6830759121,-2.02789304612,2021,R,LAPU5XWOHXLZX43OAVEV4MGY,2026-06-09T14:55:14
BF_264_2021,12.5962299107,-2.15724170694,2021,R,BRBO3LYXVHFG6I36CIR4MVYZ,2026-06-09T14:55:15
BF_265_2021,12.1696350461,-2.15898859986,2021,R,NQ6MSJFS55JK4XGMSHYY54Y3,2026-06-09T14:55:15
BF_266_2021,12.1212356546,-2.39009600644,2021,R,EIMMSRXOPPZ35MFGCG7STB6T,2026-06-09T14:55:16
BF_267_2021,12.0691026039,-2.22900247618,2021,R,5T5J2UHQDCBLDGGUDLP3MBRJ,2026-06-09T14:55:16
BF_268_2021,12.5824394709,-1.95332632674,2021,R,GMYOLJNRR3U27VXWEWSTJTBE,2026-06-09T14:55:17
BF_269_2021,12.0804427017,-2.31262976342,2021,R,YERELNRCQOMEOX7USSLDPGRQ,2026-06-09T14:55:17
BF_270_2021,12.4407326165,-2.68097073887,2021,R,CKYCLCIVJJE3ZOOEGD55Q3ZO,2026-06-09T14:55:17
BF_271_2021,12.648709993,-2.73590136847,2021,R,XJXQON72TL3VH3M2YIZZGQZU,2026-06-09T14:55:18
BF_272_2021,12.5901452545,-2.35088518581,2021,R,2VJI3MK72W7XXLCDADPBLO6P,2026-06-09T14:55:18
BF_273_2021,12.3457939563,-2.68643086348,2021,R,YWQWVPWTFQJJKU6NHN4MPCCI,2026-06-09T14:55:18
BF_274_2021,11.9868423985,-2.27920283792,2021,R,YLYABFVGNO2RF2LVVEU5JBOJ,2026-06-09T14:55:19
BF_275_2021,12.3956288057,-2.56323065977,2021,R,4BAPQ2WGBYWGNPE7HKRSSEK2,2026-06-09T14:55:19
BF_276_2021,12.3172458079,-2.46810494276,2021,U,IG7QN5AX44AXDE2ZBGLFTUWI,2026-06-09T14:55:20
BF_277_2021,12.2072587128,-2.4908978527,2021,R,WT7TIUYSFPN3LA2NUCAXCVKP,2026-06-09T14:55:20
BF_278_2021,12.2383386549,-2.55482689646,2021,R,7UMPLOJS76NARDFQZ6734SB4,2026-06-09T14:55:21
BF_279_2021,11.6545698113,-2.59519441895,2021,R,BC327CFU62M6UZ75WV5SWOW3,2026-06-09T14:55:21
BF_280_2021,11.1981670466,-1.93466087426,2021,R,RPRW3QEETKWZJALMGSUZBGSV,2026-06-09T14:55:21
BF_281_2021,11.0083745586,-2.4542989469,2021,R,RF4QGDZPEMTTVZOR7I3INUSJ,2026-06-09T14:55:22
BF_282_2021,11.122770515,-1.99238073172,2021,R,5J6BZ4P2YXMYVMFLG3HNOOIC,2026-06-09T14:55:22
BF_283_2021,11.1070629671,-2.0721489701,2021,U,MDJRQZ44WUCRDDDL6Q3SABGX,2026-06-09T14:55:22
BF_284_2021,11.0933772249,-2.07135658075,2021,U,RQR6ORDN47TWIIJTMWOOZGRN,2026-06-09T14:55:23
BF_285_2021,11.2432130094,-2.65372786801,2021,R,ZYLCSFKP6ZUWNVKSM22SIEPW,2026-06-09T14:55:23
BF_286_2021,11.5369181908,-2.57240090283,2021,R,XDEKSQ573CD72FIUPTZY6DRM,2026-06-09T14:55:23
BF_287_2021,11.4411323557,-2.2076801686,2021,R,S2GZFJTY4LPBC7HNMHOP5GXG,2026-06-09T14:55:24
BF_288_2021,11.3283037949,-2.36146198744,2021,R,EFDAN6425ISNVPSTMIAAKPRK,2026-06-09T14:55:24
BF_289_2021,11.9203928966,-1.94389907248,2021,R,WMPFZUUVLF2HLPPKSGE4MEPX,2026-06-09T14:55:24
BF_290_2021,11.4737062368,-1.9815913934,2021,R,LF4BMSZBYF5FGGIJCQELAKVA,2026-06-09T14:55:25
BF_291_2021,11.5735001408,-2.03962380166,2021,R,LCE7WRG3L5N4LYC4PZRNIVD5,2026-06-09T14:55:25
BF_292_2021,11.5322242034,-1.82439587162,2021,R,PVQNHYOJ7BEPC7FX6LJUNLOG,2026-06-09T14:55:26
BF_293_2021,11.729340947,-1.78030863931,2021,R,QSVSPCTAARQ4KE7MFSKKGKB7,2026-06-09T14:55:26
BF_294_2021,11.5525460314,-1.76556600267,2021,U,A3MAHVHPFRRDG4DFX5AWOHAT,2026-06-09T14:55:26
BF_295_2021,11.5481809383,-1.75831280603,2021,U,AD4JSC6HNLK276NLEFI66XOJ,2026-06-09T14:55:27
BF_296_2021,12.028155562,-1.40904672871,2021,R,3HHQOIWQV3HTUIUOQ6ZADWF7,2026-06-09T14:55:27
BF_297_2021,12.0210076232,-1.21814259965,2021,R,YVRO3IOJDS4XEROKSKAT7QOG,2026-06-09T14:55:27
BF_298_2021,12.140264048,-1.10207768077,2021,R,ISN3LV36AYGGTGF6K5MWUCNR,2026-06-09T14:55:28
BF_299_2021,11.9938527935,-1.98792159357,2021,R,N7FTM5SUQ5KLK73CEHWNZRFG,2026-06-09T14:55:28
BF_300_2021,11.9904347412,-1.84299775295,2021,R,AFIOE3XOQGGAW5BFOJV376KJ,2026-06-09T14:55:28
BF_301_2021,11.937201698,-1.29820803977,2021,R,MZ7MDVUSWLZZP62G66DXHE2O,2026-06-09T14:55:29
BF_302_2021,12.1205857684,-1.26637761242,2021,R,N6UDVXTWA34GDUMGX4ZZTWF3,2026-06-09T14:55:29
BF_303_2021,12.0676795779,-1.32840848268,2021,U,RVMHIJO4WPKR5X3FQGNGQOMW,2026-06-09T14:55:29
BF_304_2021,12.0621542608,-1.34114189536,2021,U,KZDQBYGS7PVAM22XMERKC62M,2026-06-09T14:55:30
BF_305_2021,12.0407721678,-1.63283749129,2021,R,EAM3Q43T3AVZSVFFKQQVWBJA,2026-06-09T14:55:30
BF_306_2021,12.1212532608,-1.50852637827,2021,R,KKEIOFSN2WZPPB35CA7EYOGW,2026-06-09T14:55:31
BF_307_2021,11.8064070901,-1.31264315056,2021,R,4MJGD4KA4V73AXWXYS6364VQ,2026-06-09T14:55:31
BF_308_2021,11.3158829242,-1.32696758997,2021,R,M2UKBMNKG3GRWYB3BNWC6IYZ,2026-06-09T14:55:31
BF_309_2021,11.1817936058,-1.20802532393,2021,R,KQTI67MKO6KMYZV2FFSG6YRC,2026-06-09T14:55:32
BF_310_2021,11.1755232035,-1.10303795553,2021,R,MBB3CKBNVG6JW6K72NHB7AOG,2026-06-09T14:55:32
BF_311_2021,11.1617034479,-1.13501556563,2021,U,PEUK6TN5ILVTWIBTJOQ2K747,2026-06-09T14:55:33
BF_312_2021,11.1505628024,-1.16149821607,2021,U,P5VIDSA6FCB2227J23I662OE,2026-06-09T14:55:33
BF_313_2021,11.1903578181,-1.13848187001,2021,U,ZNOWP4PL5KRBKKVBTNIJ2MTS,2026-06-09T14:55:33
BF_314_2021,11.04723942,-1.02568488464,2021,R,QYCW6ZLLDE5MK3XFG7EN7UI6,2026-06-09T14:55:34
BF_315_2021,11.083963323,-0.937264407656,2021,R,DKIGHATXY2VKHWT35R47X7BD,2026-06-09T14:55:34
BF_316_2021,11.1211055759,-0.930687391651,2021,R,BYHBNNKALDA74427HEWQFIVF,2026-06-09T14:55:34
BF_317_2021,10.9999366996,-0.881866555845,2021,R,LJ7FTJDYDF3ELX3VXW2YZHYZ,2026-06-09T14:55:35
BF_318_2021,11.0153608051,-0.848265761055,2021,R,ONVESG5S7MLJLMG6A7QGJJLY,2026-06-09T14:55:35
BF_319_2021,11.8801677035,-1.12901107353,2021,R,2YA64MTC7JXNE2ZV67ITNW4M,2026-06-09T14:55:35
BF_320_2021,11.7086736616,-1.06821321411,2021,R,4TCD76OQQBO3XZB4OEXMNWAQ,2026-06-09T14:55:36
BF_321_2021,11.9004586954,-0.957806120431,2021,R,Z2ZJUJZ7SSGJKPTDYLDIC4T5,2026-06-09T14:55:36
BF_322_2021,11.4986221955,-0.962197987628,2021,R,K2ZFHVRCCSCS3OGV7EFOMJJL,2026-06-09T14:55:36
BF_323_2021,11.6772846134,-0.887414288529,2021,R,EMYR5FWWLXANZFRXHQ2WZIVJ,2026-06-09T14:55:37
BF_324_2021,11.4178217978,-0.66163759906,2021,R,LLRWX7UKRUJTG5KXSAATSLCH,2026-06-09T14:55:37
BF_325_2021,11.4095746187,-0.717127952033,2021,R,PC44YIKE2OJKWJJMAPJBZX4Z,2026-06-09T14:55:37
BF_326_2021,11.4321958548,-0.767399552171,2021,R,7JNCWUR4YP7L6VRPMC6YRACY,2026-06-09T14:55:38
BF_327_2021,11.6521989829,-1.23442849472,2021,R,ZAHECGOXA2UC5W7VHXR3CEB3,2026-06-09T14:55:38
BF_328_2021,11.6118021214,-1.09757097918,2021,R,NQX2B4L5KWW3NW4LWD6NFOCE,2026-06-09T14:55:39
BF_329_2021,11.6579613448,-1.06372047538,2021,U,O5ZWWQJWVU7EBDMVRLGHFXQT,2026-06-09T14:55:39
BF_330_2021,11.6836480892,-1.08308584536,2021,U,X5H46X3AEU4JVFG25N6MKEVG,2026-06-09T14:55:39
BF_331_2021,11.6249365673,-1.20288076556,2021,R,G7ZA6SS4KNVT6RVBRT65NSFT,2026-06-09T14:55:40
BF_332_2021,12.7289940886,0.0723686288722,2021,R,WKCCWSK7KFZN4SJ4L7ZMATX5,2026-06-09T14:55:40
BF_333_2021,12.5307531536,-0.0644228389077,2021,R,N74WB3STMDKYAYNFQHXWYXHI,2026-06-09T14:55:40
BF_334_2021,12.574131689,0.00738303690878,2021,R,V2O2DUNNNUDHANTFNBD3KWSE,2026-06-09T14:55:41
BF_335_2021,12.9085685529,0.00887980597503,2021,R,B5KDFHEB6RAQKZNHRNAFE2NY,2026-06-09T14:55:41
BF_336_2021,12.7942561473,-0.0366406987289,2021,R,25TJVRTEK5QMT6V46ID6O6R4,2026-06-09T14:55:42
BF_337_2021,12.9288290571,-0.220122711631,2021,R,GXH75KHMKO5OOBZHYI4MS42A,2026-06-09T14:55:42
BF_338_2021,12.9697425843,-0.176842077925,2021,U,X3Y77SQYPM2KCXO6ERE6Z4QL,2026-06-09T14:55:42
BF_341_2021,13.2978880221,-0.202274375158,2021,R,JCZFKI2PDCKYVHOC7YB2ZJ3H,2026-06-09T14:55:43
BF_343_2021,13.2032476132,-0.216023441368,2021,R,BFII7P7H62MVXTPHR5G7XWBP,2026-06-09T14:55:44
BF_344_2021,13.2796278183,-0.320229756315,2021,R,FP5QDWWT7VZHPXJ6IPQKNBXU,2026-06-09T14:55:44
BF_345_2021,12.7360005527,-0.0121343435835,2021,R,ATHWMFAPPYK5LXSUXBGCL2IN,2026-06-09T14:55:44
BF_346_2021,12.6999385381,-0.197274535549,2021,R,XFQVA7FEYRG5EXKDYTVT4LEV,2026-06-09T14:55:45
BF_347_2021,13.0507155686,-0.353990700419,2021,R,PWQFPRYNL2A6HA6V4J2GP776,2026-06-09T14:55:45
BF_348_2021,12.0489186979,-0.079344368749,2021,R,4T7HHEZ52XJP7V6W6LJ7VZZU,2026-06-09T14:55:45
BF_349_2021,12.1164280073,0.191063985419,2021,R,AR4DEWIKKZ5PP66RI44DDXGD,2026-06-09T14:55:46
BF_350_2021,11.9969818659,0.436338509285,2021,R,UZLIPB36YYRIYEYSITXKBJZY,2026-06-09T14:55:46
BF_351_2021,12.0064445591,0.273678461568,2021,R,KHJX4AOGLKW6NMNG3ICQIIWH,2026-06-09T14:55:46
BF_352_2021,12.0834300045,0.355157553567,2021,U,VUXM4XOWJIHXMHW4A5DTSOCU,2026-06-09T14:55:47
BF_353_2021,12.0768300806,0.332982422746,2021,U,SVDYS4UEX6QVWHSQ2X2Q3JCV,2026-06-09T14:55:47
BF_354_2021,12.0317874158,0.333508299697,2021,U,Q7UXMGBZTFDRRY7QYSS5J5VX,2026-06-09T14:55:47
BF_355_2021,12.0448860894,0.385420182609,2021,U,B36ME7CZRRD2V7QNRWHGDRS4,2026-06-09T14:55:48
BF_356_2021,12.060546277,0.380352793068,2021,U,MMOY6BLJVLR5HICDKVF34Y4T,2026-06-09T14:55:48
BF_357_2021,12.0643663225,0.358703675584,2021,U,PEGXADSZE3IXHNNK4GJNEYFV,2026-06-09T14:55:49
BF_358_2021,11.7666975204,0.483714750619,2021,R,SD6FZMR225R5RQVSQTDVAPPQ,2026-06-09T14:55:49
BF_359_2021,12.3098640953,0.0325147642883,2021,R,JKJCMEYGRE3QN7EUOG4UO5SP,2026-06-09T14:55:49
BF_360_2021,12.3425531495,0.344684838804,2021,R,SHH4QW7QHCWYCWOX5IVTWYDR,2026-06-09T14:55:50
BF_361_2021,12.3284705149,0.394552361073,2021,R,YQ44S3IE2EFAWMBCXRABXMUY,2026-06-09T14:55:50
BF_379_2021,11.1714358607,-4.29570940646,2021,U,X3THFYDKYHIH6FGWE3KHHB3Y,2026-06-09T14:55:51
BF_380_2021,11.2024210267,-4.29480413162,2021,U,LZ7SGX342MPT4WTVILZDM5JX,2026-06-09T14:55:51
BF_381_2021,11.1955829808,-4.31096656932,2021,U,QVLKOVGC33LH4KX63Q7LKLHF,2026-06-09T14:55:51
BF_382_2021,11.1806926968,-4.32003724187,2021,U,XQ6YK6LD4UGJ64AY4REGO3FN,2026-06-09T14:55:52
BF_383_2021,11.2153506309,-4.31865060299,2021,U,37JLVC33MAIUK5F22XKR4HGT,2026-06-09T14:55:52
BF_384_2021,11.2232531313,-4.30283941995,2021,U,JHEOFL7CMT4GPUMYY3MRE3KY,2026-06-09T14:55:52
BF_385_2021,11.219036679,-4.28951799113,2021,U,TPFTGC3ONJACI5EMCQZYZCLY,2026-06-09T14:55:53
BF_386_2021,11.2034407021,-4.27977673329,2021,U,PZYJEUW6HXKGPJTILETMAUQP,2026-06-09T14:55:53
BF_387_2021,11.1880408126,-4.27350094936,2021,U,66U2WMVGX5RIFCXPBEF2YA35,2026-06-09T14:55:53
BF_388_2021,11.1772621885,-4.27823004944,2021,U,6JXMVSA5G37QYUVCXQWOHKXZ,2026-06-09T14:55:54
BF_389_2021,11.1791246105,-4.26597543852,2021,U,BLRSQ325GSGDLSGPZTT3AMZ3,2026-06-09T14:55:54
BF_390_2021,11.181235606,-4.2529536384,2021,U,KFVEYZC3FNZ4LXEGCJPG5BQW,2026-06-09T14:55:54
BF_391_2021,11.1846087074,-4.24142726491,2021,U,X2EQCMQHBXO3A3CPB4DQJLZX,2026-06-09T14:55:55
BF_392_2021,11.1205391548,-4.13183089739,2021,R,3NWH7N6XJKZ2MF54YLUHSD66,2026-06-09T14:55:55
BF_393_2021,11.1560693217,-4.2939287311,2021,U,LFBH7A5SCTXIN3L4D6QESR4W,2026-06-09T14:55:56
BF_394_2021,11.1681080789,-4.26072570358,2021,U,A4RMKHUV3EO4NXDRBSBCWE2R,2026-06-09T14:55:56
BF_395_2021,11.1514786706,-4.24515604803,2021,U,L6W2WPRHKU76KNQBT4QJPP6O,2026-06-09T14:55:56
BF_396_2021,11.1452008649,-4.27438092196,2021,U,X2KYN5273QY4AGNI6TKTCTJV,2026-06-09T14:55:57
BF_397_2021,11.1509843811,-4.32439163078,2021,U,466EF45KPFBMKWSYPWECUUD4,2026-06-09T14:55:57
BF_398_2021,11.1352092375,-4.297261679,2021,U,6FYOTQY6SU3DZFAVIMVPGAK3,2026-06-09T14:55:58
BF_399_2021,11.1804366127,-4.32811485189,2021,U,5HKOLS2M6NUCJKYUAL62C3XS,2026-06-09T14:55:58
BF_400_2021,11.1846935675,-4.30336260505,2021,U,KY5MG3XMY2O34YI45MKMWIVJ,2026-06-09T14:55:58
BF_401_2021,11.1929392213,-4.32685951071,2021,U,5LZERECBMLKQUAJU4FXFVQDH,2026-06-09T14:55:59
BF_402_2021,11.1776163561,-4.34914005406,2021,U,LKED2OOY6ZXCV4X6D35PRETA,2026-06-09T14:55:59
BF_403_2021,11.1725561523,-4.35131273889,2021,U,XMRKCTD7EZPZQ6N3FBHBQ6KT,2026-06-09T14:55:59
BF_404_2021,11.1448747352,-4.43148190396,2021,R,5B6L5I5L375QGKCK4XIQ4BGX,2026-06-09T14:56:00
BF_405_2021,11.3946939249,-4.37778005935,2021,R,GDOHPTJ3PEUYSY7AJTQXJYZX,2026-06-09T14:56:00
BF_406_2021,11.3630474114,-4.32941915331,2021,R,5BR5P6QHQPFOIZHRO3EVFF45,2026-06-09T14:56:01
BF_407_2021,12.0507229205,-4.59843224948,2021,R,RK6UE3U5BOR6JTCRKECSJXAY,2026-06-09T14:56:01
BF_408_2021,11.3506996264,-4.66276891872,2021,R,5UYDRHBKUE2XWLVVLCYZBYHS,2026-06-09T14:56:01
BF_409_2021,10.9785889052,-4.03622565194,2021,R,JVRF5HAD77UCOYXWCSJCY44E,2026-06-09T14:56:02
BF_410_2021,10.7812454601,-3.90909311047,2021,R,S4Y2G7JR2M4TJGVKSORN5V5P,2026-06-09T14:56:02
BF_411_2021,10.7926727123,-3.95876438119,2021,R,M3M7GNPOCTTR2TMZAYR7BPEU,2026-06-09T14:56:02
BF_412_2021,11.3665686318,-3.86915686321,2021,R,LVFU74U4FMP2WOZV5WALVCTI,2026-06-09T14:56:03
BF_413_2021,11.8690543866,-4.09282040411,2021,R,YFIGPQ4YXE5CK4TBOYZSH3PU,2026-06-09T14:56:04
BF_414_2021,10.9166665478,-4.37103846178,2021,R,LI6UGD2H4ZP3MI45YBEYVRKH,2026-06-09T14:56:04
BF_415_2021,11.3728298537,-4.10861349649,2021,R,UCZGKCTVT22G2RY3CYWAL4TE,2026-06-09T14:56:04
BF_416_2021,10.9513754827,-4.58418895069,2021,R,E4RNDPCFMYCNUVBG3T7XLZ6L,2026-06-09T14:56:05
BF_417_2021,11.1601141435,-5.0380646931,2021,R,43SNVWDYAZKYV4VHA32BFTP5,2026-06-09T14:56:05
BF_418_2021,10.9748618922,-5.24306570446,2021,R,2IRGHDFFRTEK75OPIID7OK2S,2026-06-09T14:56:05
BF_419_2021,11.1177336976,-5.23418193434,2021,R,M3ZYAJNH4K5ZO2CPM7VZZHK2,2026-06-09T14:56:06
BF_420_2021,11.6085893723,-4.79704172023,2021,R,BZP4WNXJKAWPBTEPBJ4MGXRG,2026-06-09T14:56:06
BF_421_2021,11.5296222448,-4.57940385219,2021,R,YXR53DADWSIS7XP3SSBSB7QF,2026-06-09T14:56:06
BF_422_2021,11.734024346,-4.94566306732,2021,R,OJWLFACLT2W65LMSFHJKLF6Y,2026-06-09T14:56:07
BF_423_2021,11.0790595522,-4.96100533567,2021,R,ELRTJICM6DEMHADELVL7LXCP,2026-06-09T14:56:07
BF_424_2021,10.9855195814,-4.90561001854,2021,U,FBIBX4JLTI5CY4RVLGCDLQUG,2026-06-09T14:56:08
BF_425_2021,11.4045741792,-4.82182967197,2021,R,OXH7QTOMVSLSI2B6RVCJQITR,2026-06-09T14:56:08
BF_426_2021,11.6339554157,-3.96724456371,2021,R,MB5HZBXWQBNV77KC3VXFUVZA,2026-06-09T14:56:08
BF_427_2021,11.5333821899,-3.83519307037,2021,R,K66XHSC7UDDX4CWUJQ7D6CTX,2026-06-09T14:56:09
BF_428_2021,11.4744477872,-3.18391292011,2021,R,UVNYUYZZUSIPGY5MXRZUW4PJ,2026-06-09T14:56:09
BF_429_2021,11.4404904144,-3.61893612502,2021,R,UGOXB5T5XDBQHOS2CMS7E5BL,2026-06-09T14:56:10
BF_430_2021,11.6478949978,-3.49314839978,2021,R,YBC424MKS24NZZO6BDUMR3ZE,2026-06-09T14:56:10
BF_431_2021,11.4883940377,-3.53280853642,2021,U,RZH2WHCOQAERF2XB4SY3YELW,2026-06-09T14:56:10
BF_432_2021,11.4690265627,-3.52423430173,2021,U,NYWXXKC42EPM4L7XE736IME7,2026-06-09T14:56:11
BF_433_2021,11.2599351795,-3.69801698099,2021,R,F3DD6K3NDIQF4A74A7WJHH6I,2026-06-09T14:56:11
BF_434_2021,11.191366595,-3.53318042255,2021,R,P5ODW4JYW6XXRC3ZP7SNULOY,2026-06-09T14:56:11
BF_435_2021,12.8089673653,-1.98926758891,2021,R,DP6GPNNGAIDH2JP3QBUM4RQT,2026-06-09T14:56:12
BF_436_2021,12.7308066037,-1.99433577027,2021,R,2OAJFVYLQQLMP6VDEM35IWSJ,2026-06-09T14:56:12
BF_437_2021,13.0308232914,-1.78654932589,2021,R,WHFXI3NF64LBTDQ6EOCHPRSP,2026-06-09T14:56:13
BF_438_2021,12.9756981035,-1.61304697876,2021,R,X3CXEP4HHRJDL2VTGZQURR53,2026-06-09T14:56:13
BF_439_2021,12.9936444824,-2.16867339035,2021,R,Y2BGNWKZRN4GBWQQXM37EZ6T,2026-06-09T14:56:13
BF_440_2021,12.8879104286,-2.4880232013,2021,R,7T3QDBZZLLLNU7RAISX62AVW,2026-06-09T14:56:14
BF_441_2021,12.7070548268,-2.2534703284,2021,R,4WNBTITBKZK3MAB4PYC6RWI6,2026-06-09T14:56:14
BF_442_2021,12.7292541895,-2.37866484416,2021,R,IP4MMIAVMXSADSVSNXVETFKD,2026-06-09T14:56:14
BF_443_2021,12.9856308962,-2.27555827489,2021,U,RDHHFDY6PFZ2GQVZHVFYMDJZ,2026-06-09T14:56:15
BF_444_2021,12.9447652801,-2.27469326637,2021,U,3VCITHPAH7EAJ6RWJN7JAWCC,2026-06-09T14:56:15
BF_445_2021,12.8082060463,-2.15089706054,2021,R,GAKWD7N5DBDVPHPJ4BLI3BZR,2026-06-09T14:56:16
BF_446_2021,12.9484369085,-2.40056249894,2021,R,SVP3RFK7JIJHXVTKZXHPFDNJ,2026-06-09T14:56:16
BF_449_2021,13.2099437549,-2.0545697946,2021,R,Q3TB2BJNZV4SQGTYMB6MCJJW,2026-06-09T14:56:16
BF_450_2021,13.0802132738,-2.10582884954,2021,R,T322R4RC6P4ZZ5BM3LOEDJ6D,2026-06-09T14:56:17
BF_451_2021,13.3917871968,-1.90870359673,2021,R,PZ5PO6QWUCHKVXD3GAPHLHRG,2026-06-09T14:56:17
BF_453_2021,13.6114112434,-2.31293845268,2021,R,QENUWB2WYCXTDS4J2LMGJQDE,2026-06-09T14:56:18
BF_454_2021,13.5765186808,-2.40536534266,2021,U,FNUJD455I4YX4KYCAPKNX2YS,2026-06-09T14:56:18
BF_455_2021,13.5967072105,-2.42180834042,2021,U,DQPSDHCGBSMLI7GYIUPZUPTC,2026-06-09T14:56:18
BF_456_2021,13.5888674579,-2.42831614052,2021,U,ZRJ4T7NR3VCX6VO7V6TMHDVX,2026-06-09T14:56:19
BF_457_2021,13.5808646085,-2.41571502451,2021,U,DSCN3JIW4YVG4K35WWP4V7VG,2026-06-09T14:56:19
BF_458_2021,13.5727859061,-2.43836664904,2021,U,LONHVBL3XKR2QLQWNH6IJXAX,2026-06-09T14:56:19
BF_459_2021,13.5597146311,-2.41526609238,2021,U,YBXMGXSPVAJJPNRZQQM25UHR,2026-06-09T14:56:20
BF_460_2021,13.5593551862,-2.3987811248,2021,U,VPXLDMSFNKZWHTNBIGRPLEZR,2026-06-09T14:56:20
BF_463_2021,13.4897587222,-2.31934196661,2021,R,2GZH3KZETSJKEF56WIJZ7O6U,2026-06-09T14:56:21
BF_464_2021,13.3946622641,-2.25873644689,2021,R,QIT7324E3NXUULFGCQA52HME,2026-06-09T14:56:21
BF_465_2021,13.1934782437,-1.83736418221,2021,R,L755RBROMQYS53YI5DTBY4AW,2026-06-09T14:56:21
BF_467_2021,13.4356975174,-1.99743284483,2021,R,ON7DFKILWWNGZVZQPCLORJCX,2026-06-09T14:56:22
BF_468_2021,13.3676833053,-2.00060749173,2021,R,FOTMIZL2P6MDWWIV2BMD72I6,2026-06-09T14:56:22
BF_469_2021,13.3365166576,-2.0945783261,2021,R,57BT6QX73HI34ORJI5DGSDMP,2026-06-09T14:56:23
BF_470_2021,13.2537127672,-1.75925125687,2021,R,NPSAN2QHE3L7OQNX72SSEO4B,2026-06-09T14:56:23
BF_474_2021,13.7249708584,-2.06405290632,2021,U,OLCRYQ2MRBLUYENZ4P6XJCBY,2026-06-09T14:56:23
BF_475_2021,13.7999413998,-2.11049284485,2021,U,JKZXNYNBKNSJAE57HXSBT65O,2026-06-09T14:56:24
BF_476_2021,13.3435735122,-2.21579128822,2021,R,KVKTFQWNBYRDKQDCC5VBSPV5,2026-06-09T14:56:24
BF_477_2021,13.049753821,-2.4861163292,2021,R,JZ4X7PRV5N3H7N43HP4BFIC7,2026-06-09T14:56:24
BF_478_2021,13.2624411209,-2.28992922339,2021,R,AC4N7CRFJL55UIGDPU3FIYY6,2026-06-09T14:56:25
BF_479_2021,13.1621401109,-2.49999216921,2021,R,UGHFB34IA3TIKRF4GZOHZZRF,2026-06-09T14:56:25
BF_480_2021,13.2256231951,-2.36878459187,2021,U,VOWQ4LG4FVLUA3RUDGQKIELY,2026-06-09T14:56:25
BF_481_2021,13.2002595076,-2.35059406108,2021,U,LOC3DVRFPFAA4MRYG4ZHS6CB,2026-06-09T14:56:26
BF_482_2021,13.1299245268,-2.25254736265,2021,R,A6RLJWO5ZTK3LMC5LSLFV66M,2026-06-09T14:56:26
BF_483_2021,12.2046301813,-0.732433959593,2021,R,UTNH2YVWYDCCOUAUV2TAWJMI,2026-06-09T14:56:27
BF_484_2021,12.1240722809,-0.700412478336,2021,R,B3BMIG2J7DNNIEMK7JT2N7BF,2026-06-09T14:56:27
BF_485_2021,12.0011847008,-0.760416760064,2021,R,QDLJEJXMSU7UTYK3DA6YMMKI,2026-06-09T14:56:27
BF_486_2021,11.9763051745,-0.761211213219,2021,R,FZZ62DMLM2UZDAYM3XS7GVAB,2026-06-09T14:56:28
BF_487_2021,12.6057788917,-0.746971397262,2021,R,57M2IPSIUCQQCEPMT4ENEWQ2,2026-06-09T14:56:28
BF_488_2021,12.4162165082,-0.616688337427,2021,R,IFPDIRUQYNWXZ7CXP2B4ODN2,2026-06-09T14:56:28
BF_489_2021,12.3538064105,-0.688791771664,2021,R,D7UYUMYZVWT5PVDR6AB5BBR3,2026-06-09T14:56:29
BF_490_2021,12.2641875348,-0.874038246927,2021,R,LEYHJJAVGZBPUV7J3ZZGY43Z,2026-06-09T14:56:29
BF_491_2021,12.2762780809,-0.785882489256,2021,R,EC3HEMJBU6FWDEXA5JSAIJFY,2026-06-09T14:56:29
BF_492_2021,12.5424177298,-0.80709124391,2021,R,F7FHXPEVNYPLGNKJJKTM5QHZ,2026-06-09T14:56:29
BF_493_2021,12.5035393336,-1.03711316685,2021,R,BR43YPLOMVZXXQICHLKKF7KU,2026-06-09T14:56:30
BF_494_2021,12.4859562881,-0.964492895112,2021,R,IHD5Z75YTPTAPZYWMIRTOBZI,2026-06-09T14:56:30
BF_495_2021,12.253445723,-0.611253179712,2021,U,OFYHVXJQGVCJUJVGIQUKX4OT,2026-06-09T14:56:31
BF_496_2021,12.2332321316,-0.630077499971,2021,U,ELL67T363SSFURRDVPF6RIHQ,2026-06-09T14:56:31
BF_497_2021,12.2449963608,-0.633979778546,2021,U,DAV2PHW66L5JV6A5GBOZ3CV3,2026-06-09T14:56:31
BF_498_2021,12.1831663469,-0.699234622579,2021,R,HGWDDHMD6GUH3HBEPX6MCV7T,2026-06-09T14:56:32
BF_499_2021,12.1898997938,-0.439228596303,2021,R,KXBM5VADI32JZVGFGTAYEQNW,2026-06-09T14:56:32
BF_500_2021,12.1015845632,-0.435273783695,2021,R,P3I3U736Q5IHM5OO27FB7U3O,2026-06-09T14:56:32
BF_501_2021,12.5983003836,-1.03404640141,2021,R,NBHEUBD2QPWSB7UF6S4RQVGK,2026-06-09T14:56:33
BF_502_2021,12.7721431532,-1.64030267,2021,R,Q4Y5XQUEGKJINGJRB3KDFRV5,2026-06-09T14:56:33
BF_503_2021,12.6287860426,-1.43457449791,2021,R,HHIZLJI3WL6FRJQGEXRE47RO,2026-06-09T14:56:33
BF_504_2021,12.5559823233,-1.37463724745,2021,R,6XGR6MM7AJ53SCTF625XVDNP,2026-06-09T14:56:34
BF_505_2021,12.5303749183,-1.17649689457,2021,R,6NFLXCIHFB63CNEPSTC5NPOG,2026-06-09T14:56:34
BF_506_2021,12.3614577064,-1.13849082016,2021,R,TGPHGANAYJGENOXK7LEZ2CDR,2026-06-09T14:56:35
BF_507_2021,12.7053470044,-1.50091642222,2021,R,3TAX72HWTK6UX53D334BNDUE,2026-06-09T14:56:35
BF_508_2021,12.5839118606,-1.27930355342,2021,U,HD5G4CDL4NWPKNILJ4GHDOGE,2026-06-09T14:56:35
BF_509_2021,12.5869143706,-1.29800623632,2021,U,UOSUAUWRBEFBCHIGUF7CWWTU,2026-06-09T14:56:36
BF_510_2021,12.6198006921,-1.31481750509,2021,U,6FYUOVIMK4YGW3SEQ35HGPLP,2026-06-09T14:56:36
BF_511_2021,12.5881260373,-1.26400527617,2021,R,W72Z3YXZ4TQUXWDYHJRLSBDI,2026-06-09T14:56:36
BF_512_2021,12.8292164789,-1.32074334172,2021,R,IWB4WROM7BGUTGJTLWOHW7OK,2026-06-09T14:56:37
BF_513_2021,12.7815113733,-1.24443274253,2021,R,625UACFVGBJOFIKOVA7JH4AM,2026-06-09T14:56:37
BF_514_2021,12.6688206494,-1.88155962138,2021,U,YUU6KJL4YLISLI2GT4IMK6AN,2026-06-09T14:56:37
BF_515_2021,12.643821179,-1.85902541515,2021,U,5JE7QEENKP6FHWVHMCP7DM2E,2026-06-09T14:56:38
BF_516_2021,12.6609055145,-1.78529596134,2021,R,YAV223JZTEBJD6UPBEKPI4A4,2026-06-09T14:56:38
BF_517_2021,12.5166519912,-1.76658194905,2021,R,53AA3ASYM62E546K52N47OCU,2026-06-09T14:56:38
BF_518_2021,12.8234930368,-1.84443514549,2021,R,6CSZQJXQJWTJSS2KFGEK7VAV,2026-06-09T14:56:39
BF_519_2021,12.4675746028,-1.74650031646,2021,R,VIF4T7MPUDTYS6Z63ADQOSQH,2026-06-09T14:56:39
BF_520_2021,12.8093697009,-1.73167422746,2021,R,HYYMJWNYCBHWVMRQBOKD3FRO,2026-06-09T14:56:39
BF_533_2021,14.031062214,-0.0171900581209,2021,U,XMBV2Z7WROPQBJ7C5HPPUKPE,2026-06-09T14:56:40
BF_534_2021,14.0327247327,-0.0149798126647,2021,U,GDE6DFSX62BCCBQKPTVT5FRS,2026-06-09T14:56:40
BF_535_2021,14.0150326785,-0.0336224412221,2021,U,R5A5JTYV4MBKDWMZ4GV52THB,2026-06-09T14:56:40
BF_536_2021,14.0296075687,-0.0507328276858,2021,U,OHM36BLFHB2VXZMEI4VT52RD,2026-06-09T14:56:41
BF_537_2021,13.9277666092,-0.101478036983,2021,R,JAGO2BGCVHWWSZ6XKCYTFF5P,2026-06-09T14:56:41
BF_538_2021,13.7978306651,0.00961470850486,2021,R,YZSQPKXXXOBUAG6YSKJ2SBAL,2026-06-09T14:56:41
BF_540_2021,14.0585026872,0.209167844467,2021,R,BNNWBJOUKMKVKOZUGSS2ETSO,2026-06-09T14:56:42
BF_541_2021,14.1228026479,-0.0623205529764,2021,R,3W7HQ5UA2F2TFNTE323TJ5LP,2026-06-09T14:56:42
BF_549_2021,14.0215441022,0.177332610363,2021,R,TPISOWQLBGWUWK3R35VHMKGE,2026-06-09T14:56:42
BF_550_2021,14.0862212501,-1.62058417941,2021,U,FKUYFQVW5VBVKDDOEVFSFPJR,2026-06-09T14:56:43
BF_551_2021,14.097347805,-1.62599555621,2021,U,KL7ECGW6EPH2XSYUYTZ667EG,2026-06-09T14:56:43
BF_552_2021,14.1260220584,-1.61878956831,2021,U,XZDJ7GZTUUMXSWC5JYBA5K2U,2026-06-09T14:56:43
BF_553_2021,14.1052260403,-1.63088429382,2021,U,747UNA6IDTBRE4ZBQWLRTW5T,2026-06-09T14:56:44
BF_562_2021,11.0413294356,-3.5434951626,2021,R,LRCYAY4HFW2U7SE5DXNFWBXH,2026-06-09T14:56:44
BF_563_2021,10.9587094826,-3.33593256503,2021,R,HEMLMSE46UDGEDG4KOPDBKRX,2026-06-09T14:56:45
BF_564_2021,10.8292936488,-3.24728365659,2021,R,XZDHI4B37A4MQNYH3TQSCLTA,2026-06-09T14:56:46
BF_565_2021,10.9871738423,-3.24717495213,2021,U,YA5DDQQPFVP5HBCL2XUO54JI,2026-06-09T14:56:46
BF_566_2021,10.9819759095,-3.24690581479,2021,U,WUTNKWCLNJKAVOYCTSSNA3FD,2026-06-09T14:56:47
BF_567_2021,10.7350431768,-3.70755001627,2021,R,T65Y6OEFDUGO6CM7ND57J45L,2026-06-09T14:56:47
BF_568_2021,10.8117098836,-3.30261558046,2021,R,DI7C56JT2H4LC7VWUWWPPFCA,2026-06-09T14:56:47
BF_569_2021,10.5762256428,-3.23712846741,2021,R,RHU2RK6C4VZT5ZE5LDMT2WTD,2026-06-09T14:56:48
BF_572_2021,10.3451693177,-3.26234369001,2021,R,ORX4SHS7R3JJNX5QXHOT577V,2026-06-09T14:56:48
BF_573_2021,10.3299746134,-3.17756595201,2021,U,KISLOP752IDGOND6ANRDIOJJ,2026-06-09T14:56:49
BF_574_2021,10.3291599713,-3.15884478545,2021,U,YKT4DDCETTR5K4VEKMHJDSLD,2026-06-09T14:56:49
BF_575_2021,10.3155959995,-3.15650120284,2021,U,V7S7BO4HLGCBD7Q6RZPPU7LB,2026-06-09T14:56:49
BF_576_2021,10.3391649634,-3.16332693659,2021,U,WIZHWM32CFSVVKK2H4L7BKFR,2026-06-09T14:56:50
BF_577_2021,10.2295555885,-2.92512261477,2021,R,A5LEO2LFVEUC5HOXWROSEYTD,2026-06-09T14:56:50
BF_578_2021,10.0289425531,-3.32031841734,2021,R,LKAQILAONPFB5LO7VRF7OMQ6,2026-06-09T14:56:50
BF_579_2021,10.1315832192,-3.40162253132,2021,R,5VDGOT7FXAG4VLTPQM42GQ7B,2026-06-09T14:56:51
BF_580_2021,10.0016565078,-3.39378689698,2021,R,GRY4ZEWOM2DHD4V4YFCAD3IN,2026-06-09T14:56:51
BF_581_2021,10.3702301493,-3.51415115766,2021,R,WPRGGNG43IPSK7V7RD6GDRNC,2026-06-09T14:56:52
BF_582_2021,10.5646723297,-3.49934859126,2021,R,NKAQTW4LRN5NMJLMOIX7Q2XQ,2026-06-09T14:56:52
BF_583_2021,10.6816085138,-2.99121342557,2021,R,CFUC5HX5EHH5375F4ZJZ4A6A,2026-06-09T14:56:53
BF_584_2021,10.5005500913,-3.12294987361,2021,R,YJS6NXIGHKKT5RF42GYZ4PHL,2026-06-09T14:56:53
BF_585_2021,11.2642218001,-2.99818071497,2021,R,J2KCKJ7LM52XI3Y4YPOUPISN,2026-06-09T14:56:54
BF_586_2021,11.0159532496,-2.93281281402,2021,R,2BOR4U26SBYW3HWKRFKHBV2D,2026-06-09T14:56:55
BF_587_2021,11.1890170359,-3.07931840346,2021,U,5G3KJLQGKP3UAVKFL3FGK6XC,2026-06-09T14:56:55
BF_588_2021,11.1253941277,-3.0713206842,2021,U,W6FM67TYOSLPDB6TYKJPJT3W,2026-06-09T14:56:55
BF_589_2021,10.9572605663,-2.93039082568,2021,R,DCFQ7IFADAPQGLQWWFLOOCN5,2026-06-09T14:56:56
BF_590_2021,10.9362472609,-3.09306022964,2021,R,KBBDGJJJ4ABUXTRK3XFV5EKA,2026-06-09T14:56:56
BF_591_2021,11.0761849828,-3.18672449763,2021,R,6JNWGUQLMCBBNJ64GIRV67WK,2026-06-09T14:56:57
BF_592_2021,11.148035169,-3.38807094098,2021,R,ESCMHBWUU6U65A6OAL5VBP5A,2026-06-09T14:56:57
BF_593_2021,11.1188335658,-2.89183024639,2021,R,WZB7FMBI43Z4JQSTQY2U4VPF,2026-06-09T14:56:57
BF_594_2021,11.2903061343,-3.10995029526,2021,R,NA2TBVUPALYOIM3UPBSIX3V5,2026-06-09T14:56:58
BF_595_2021,11.2423776934,-3.19998457098,2021,R,MNBXV3ZDKZ5MOHSBEKWAWRDY,2026-06-09T14:56:58
BF_596_2021,10.8131836543,-2.96378705761,2021,R,XV6BBALC45ZOAKXQ5KUXS6RO,2026-06-09T14:56:58
BF_597_2021,9.81688534311,-2.94708002473,2021,R,RUEIGNHQJ3VM4NY7XJIOFT46,2026-06-09T14:56:59
BF_598_2021,9.8745092489,-2.91785496422,2021,U,CXSZKTHL5SQL3RJWJGS7T4MW,2026-06-09T14:56:59
BF_599_2021,9.79570501718,-3.06613992638,2021,R,FALYL36A7UZ6FIE6J3QEMX35,2026-06-09T14:57:00
BF_600_2021,10.0622481627,-2.91136415894,2021,R,MPK2H2FBSMNXZWDP7KJGMERI,2026-06-09T14:57:00
BJ_1_2012,11.3792809373,2.43987528786,2012,U,LFKEA4E5VJ5J765QF3TVUZUJ,2026-06-09T14:57:01
BJ_2_2012,11.304136131,2.42197417323,2012,U,5J6D3KCMQ3MM4OHDKU6J5ISF,2026-06-09T14:57:01
BJ_3_2012,11.5651242977,2.53582583145,2012,R,E4MY4R2PESXGXXV33QIPO3NN,2026-06-09T14:57:01
BJ_4_2012,11.4759611783,2.53532504486,2012,R,TRHPYQTQRSO5R7G54F43SXRP,2026-06-09T14:57:02
BJ_5_2012,11.3684497565,2.46599161623,2012,R,425FY7GXUY23BA2HFBPTNXSV,2026-06-09T14:57:02
BJ_6_2012,11.1918000004,2.26677899885,2012,R,EASMG73HB5SADNW37WJYZV3F,2026-06-09T14:57:03
BJ_7_2012,11.3487943672,2.53980865775,2012,R,ZVDWFXL6VROC6MN7OZ5PGXF2,2026-06-09T14:57:03
BJ_8_2012,11.2221044085,2.34551714223,2012,R,ICZ2ERBNRXKAYZK54CJRELCW,2026-06-09T14:57:04
BJ_9_2012,11.3206441794,2.53661684321,2012,R,A2V63KIZ6TAN5IMBPLPIWGCF,2026-06-09T14:57:04
BJ_10_2012,11.3330720968,2.34340309629,2012,R,JGINEF3UXAM3RYC67RDVZ6MN,2026-06-09T14:57:04
BJ_11_2012,11.2605139643,2.36242162157,2012,R,5ZVKYWDUHFN376EWP57AS6L5,2026-06-09T14:57:05
BJ_12_2012,10.83898416,2.83333173757,2012,U,3W3X2SANYZKTHNLVJ76GEUXQ,2026-06-09T14:57:05
BJ_13_2012,10.7827406763,2.81142446066,2012,U,V67ZFLSIR6HX7EBWNELLCLQA,2026-06-09T14:57:06
BJ_14_2012,10.7923563494,2.74452220676,2012,R,5ENGGSTLXGKRKHTZ2L2NWWFB,2026-06-09T14:57:06
BJ_15_2012,10.6703252539,2.67923842913,2012,R,WDOZEALORQTSDBP3VNTFLRGA,2026-06-09T14:57:06
BJ_16_2012,10.6363524718,2.73639735223,2012,R,NKP3WGVQ3JPRWEJ5IAGPE5EA,2026-06-09T14:57:06
BJ_17_2012,10.7443808708,2.97016667196,2012,R,B5QWBX5YYSGW4ODLCLRHT6ZM,2026-06-09T14:57:07
BJ_18_2012,11.185975547,2.9529880776,2012,U,GNWUP4WMC6GLW3PRBULNSD2X,2026-06-09T14:57:07
BJ_19_2012,11.121992997,2.93696809322,2012,U,2WB4H2F6KGYPVRIPNLZNF4A6,2026-06-09T14:57:08
BJ_20_2012,11.1549223622,2.97622035055,2012,U,IBDKT4C5T7JTDQEITJGP5V5C,2026-06-09T14:57:08
BJ_21_2012,11.2985085404,3.13492779847,2012,R,NXE7HOCASHCKAXGB45U2FCFU,2026-06-09T14:57:08
BJ_22_2012,10.9879355195,3.12670574165,2012,R,F3MYS7QYCOLN5VPKKVLC4WBD,2026-06-09T14:57:09
BJ_23_2012,10.9841312448,2.84108709555,2012,R,6ZGGWTTYZBGZKQZF7ZKCFYNK,2026-06-09T14:57:09
BJ_24_2012,10.9318062741,2.74516960445,2012,R,M42YFB2YV2P7YZGJOQMPGRCB,2026-06-09T14:57:09
BJ_25_2012,11.1044211944,2.75556395167,2012,R,NIK6ZTTC2ZITC4M7QGMSCSFE,2026-06-09T14:57:10
BJ_26_2012,11.9350497193,3.19565432846,2012,R,DDAA3TQ4YTJL7OS4CJHMSUTR,2026-06-09T14:57:10
BJ_27_2012,11.9453749116,3.24487886351,2012,R,VEUXK65JTH5SWSI4WGJ2K6AH,2026-06-09T14:57:11
BJ_28_2012,12.1617479696,3.02561602158,2012,R,T4RK77EFLRFEWZMCTXAENKDK,2026-06-09T14:57:11
BJ_29_2012,12.3702505972,2.83892369265,2012,R,4TO7NGGTANENJEQMABWM3BTL,2026-06-09T14:57:11
BJ_30_2012,12.065901315,3.18820218595,2012,R,E7E7WT6JZL623V4ZC7PDCEBC,2026-06-09T14:57:12
BJ_31_2012,11.8510681652,3.39155430315,2012,U,74E7QISFC7F5C3MFFLSNAGZ3,2026-06-09T14:57:12
BJ_32_2012,11.8539964984,3.38729571267,2012,U,HGJAYLEVP3LKQA3XE3M3P2ZU,2026-06-09T14:57:13
BJ_33_2012,11.8599101142,3.38775653441,2012,U,6XO7KDHKIPV7MHXFCPZ5ROS5,2026-06-09T14:57:13
BJ_34_2012,11.8069087047,3.38035948303,2012,U,XC5SVN7LGTTEGEJ455AVYID6,2026-06-09T14:57:13
BJ_35_2012,11.7640251455,3.47921893886,2012,R,C2W62GI3ZPQTT3ZHHHXRXAIU,2026-06-09T14:57:14
BJ_36_2012,11.8082785038,3.37496572185,2012,R,HP3AJI2ICDVCSKEHFNRBUGGA,2026-06-09T14:57:14
BJ_37_2012,11.7673303025,3.21114609214,2012,R,O2ITWWBNHHSNS6TLU2CDQHDK,2026-06-09T14:57:14
BJ_38_2012,11.5840713334,3.51502272946,2012,R,BPFESMSHH4AI665TKZ33D5ZV,2026-06-09T14:57:15
BJ_39_2012,11.6815572061,3.52141275231,2012,R,SZC3WFHJ3TF2X427KWOY2VAF,2026-06-09T14:57:15
BJ_40_2012,10.9583035001,3.64314846393,2012,U,56MUSQQQQSV5VSC3EPTHBYJ6,2026-06-09T14:57:15
BJ_41_2012,10.9224853332,3.67515775393,2012,U,E45FDZAL3U6UILEG2HWOX2SC,2026-06-09T14:57:16
BJ_42_2012,10.9008227137,3.52203503341,2012,R,AUTJORTOCS63C44K76C23PRJ,2026-06-09T14:57:16
BJ_43_2012,10.8047868161,3.43383958639,2012,R,NQXCN66BWAF2O3U5QYW5EQTU,2026-06-09T14:57:17
BJ_44_2012,10.1760631376,1.1075768913,2012,U,FPZEHXVXUWWT75WRI2DCQNWZ,2026-06-09T14:57:17
BJ_45_2012,10.2038775139,1.02862467903,2012,U,XB7KIR3YWGMYR6L4HONHADIP,2026-06-09T14:57:17
BJ_46_2012,10.3050493737,0.939671343058,2012,R,YK7WRP2LBVZ6H5ILMKNP23A7,2026-06-09T14:57:18
BJ_47_2012,10.281696691,1.03269468579,2012,R,UZPJEGFQSXZCAZ3OHIJV4GE3,2026-06-09T14:57:18
BJ_48_2012,10.1870715756,1.28906299912,2012,R,NDDMRF54KVZGFP5QULALHSRH,2026-06-09T14:57:18
BJ_49_2012,10.3514918939,1.11915217487,2012,R,RV35M3VGIV4BUUV2LHKXBUAT,2026-06-09T14:57:19
BJ_50_2012,10.3270312048,1.09576901988,2012,R,XUJKTYPMECDBZY52V3MRC6SL,2026-06-09T14:57:19
BJ_51_2012,10.4043425069,1.00764207445,2012,R,QQ7KQ5RLZE4HHYITCGTMDV6M,2026-06-09T14:57:19
BJ_52_2012,10.5235019532,1.05094994154,2012,U,6N6HSSQCGWONBSLT4X62ZBS4,2026-06-09T14:57:20
BJ_53_2012,10.5140454921,0.951291269255,2012,U,IEE2DRTLJ7LFAJB7MAQMF6WZ,2026-06-09T14:57:20
BJ_54_2012,10.3632922227,0.860884419195,2012,R,BLCIQKMO57RX5RD74DLNCQND,2026-06-09T14:57:20
BJ_55_2012,10.4096408434,0.944260630588,2012,R,TOCK73W3ZV6UNQMABC3Q3G2F,2026-06-09T14:57:21
BJ_56_2012,10.5530650585,1.0078204564,2012,R,Y42BEYPMIPR5IIQ2RDHDAK5U,2026-06-09T14:57:21
BJ_57_2012,10.8035189427,2.19628562552,2012,U,RGW3SGSS6JQPNEOZZ4CVWA7Z,2026-06-09T14:57:22
BJ_58_2012,10.8163552952,2.09368007749,2012,U,5NMKY7BENGULKSFVP4OWED3S,2026-06-09T14:57:22
BJ_59_2012,10.8395093204,2.11361705414,2012,U,JN2B32RYV6FHDVXM54RZUKIW,2026-06-09T14:57:23
BJ_60_2012,10.6636324911,2.08425287513,2012,R,CKF5O3FRDRVB7RNLD3KYBIYZ,2026-06-09T14:57:23
BJ_61_2012,10.8970792409,1.84770076689,2012,R,6AK2I5REHQHRNCN3TX46I3PY,2026-06-09T14:57:23
BJ_62_2012,10.3435218496,1.68722948408,2012,U,VMG65IPVIRDXKMZEJX55UNRW,2026-06-09T14:57:24
BJ_63_2012,10.3674248676,1.69703542272,2012,U,5F62FUSH2FFT74UUTV4DN3K2,2026-06-09T14:57:24
BJ_64_2012,10.045228175,1.56853535131,2012,R,IXQTQT55KMVLILC7JKWNDGEJ,2026-06-09T14:57:25
BJ_65_2012,10.026112167,1.48436598772,2012,R,FMY7ETVOPAJWHOWOPAVLBN75,2026-06-09T14:57:25
BJ_66_2012,10.549308536,1.71773826728,2012,R,5LMT7K6NJS7NVAI7YAMXLQZM,2026-06-09T14:57:25
BJ_67_2012,10.3084419519,1.65877684552,2012,R,C2IAI7QN4WOLKGZYESUDN6V7,2026-06-09T14:57:26
BJ_68_2012,10.3174790508,1.63026324209,2012,R,BMUJZHPSMKO4YE7WN3QIFSEM,2026-06-09T14:57:26
BJ_69_2012,10.6826564084,1.12177742124,2012,U,56VNVFC3GYV6BFD7WVVLBFGC,2026-06-09T14:57:26
BJ_70_2012,10.7084545901,1.11107643456,2012,U,IB5UBP5GPMQCUGD2RFZJZCSS,2026-06-09T14:57:27
BJ_71_2012,10.8431177085,1.09589764989,2012,R,E7QVX4GSXUGWD6TCHPWSJ4YX,2026-06-09T14:57:27
BJ_72_2012,10.8399005832,1.11669387947,2012,R,4GOINIRB64UZLGJPFAVYS2GP,2026-06-09T14:57:27
BJ_73_2012,10.7765497498,0.9310759384,2012,R,F6WBP5N2CPFGG3WXUX4HFU53,2026-06-09T14:57:28
BJ_74_2012,10.631024405,0.988795890426,2012,R,BDKXEPCPEKSFEWLVF7DPDHKS,2026-06-09T14:57:28
BJ_75_2012,10.8143682765,0.963355261971,2012,R,F2FHT56Q77HOXZXKEHVG7TMB,2026-06-09T14:57:29
BJ_76_2012,10.8419521141,1.01158153508,2012,R,ZNY5EKZ5HSZQVKLGO7WMMVHI,2026-06-09T14:57:29
BJ_77_2012,10.2785389986,1.3870704383,2012,U,HM2PXCGQ2YMY5ZL4G2WVAGRC,2026-06-09T14:57:30
BJ_78_2012,10.32399725,1.36873296757,2012,U,3L3M4EAE5UFMVNFOIQBYOJJP,2026-06-09T14:57:30
BJ_79_2012,10.2919340052,1.37891279408,2012,U,IG4OJUAYOCM7SSWSRBDS5UYI,2026-06-09T14:57:30
BJ_80_2012,10.2062713694,1.39999113396,2012,U,6F6VH2ADLKFSHK5C24ZTMLHF,2026-06-09T14:57:31
BJ_81_2012,10.3958112423,1.38909534929,2012,U,Y3BD4QWEV6MVYVYLKCSVOGNC,2026-06-09T14:57:31
BJ_82_2012,10.3089887021,1.53899816846,2012,R,553KOHJOUHYRWS4XCA3X446S,2026-06-09T14:57:32
BJ_83_2012,10.2993821632,1.22623212478,2012,R,7E3V6OVDVMOVDDBLB53E5KWR,2026-06-09T14:57:32
BJ_84_2012,10.1635004557,1.42694143719,2012,R,VWQQYVWLYV25EVFJ2Y6KXWSJ,2026-06-09T14:57:32
BJ_85_2012,10.0942079035,1.43061922074,2012,R,BQHCQMT2UF6LV6P6BEPSAHSI,2026-06-09T14:57:33
BJ_86_2012,10.0408322361,1.40462892895,2012,R,Y4X65VXHZ52U44VCUHL2NXGN,2026-06-09T14:57:33
BJ_87_2012,10.2215912317,2.0043314511,2012,U,W36R2HQJ4AO4PD2IZHZOMP4L,2026-06-09T14:57:33
BJ_88_2012,10.2573234547,1.98588399402,2012,U,EX7XOOOAPO7MIHPHNDKJ5TNR,2026-06-09T14:57:34
BJ_89_2012,10.2489729096,2.01530986632,2012,U,H5PMKK2GYPRNX6MAZGHY6YFQ,2026-06-09T14:57:34
BJ_90_2012,10.3331691547,1.92701922488,2012,R,6UBZEF4HRAWGHVGBRKGJRZCJ,2026-06-09T14:57:34
BJ_91_2012,10.2461368543,2.07018848804,2012,R,YW2E7FNM2PFOVDIQLGDFU2CD,2026-06-09T14:57:35
BJ_92_2012,10.6301099175,1.26768713627,2012,U,3W6I54GD5WQGTJSLANOF5FEE,2026-06-09T14:57:35
BJ_93_2012,10.610474307,1.28144916396,2012,U,O2OG2BDFUWEU4FQGU5IIK35R,2026-06-09T14:57:36
BJ_94_2012,10.6276710344,1.27134588279,2012,U,WRUHFGW7MEMTTNJCL7R3N2FK,2026-06-09T14:57:36
BJ_95_2012,10.5986887658,1.32312177244,2012,R,ENVYDTLCBMDF6ZAFMIMQE7V6,2026-06-09T14:57:36
BJ_96_2012,10.4730251632,1.18223964051,2012,R,AHHWFTR4DEDYSZGX4TBWUJY5,2026-06-09T14:57:37
BJ_97_2012,10.9002119993,1.48270580567,2012,R,IFB6Y2VPNRIRMJCQGA3EJ3IZ,2026-06-09T14:57:37
BJ_98_2012,10.4917739846,1.23909478001,2012,U,3WW5BJEIP7ZQBIRRHDMJYDHW,2026-06-09T14:57:37
BJ_99_2012,10.4943746479,1.40344515094,2012,U,VXPKPJN7URBMTDHRAR6ID7L4,2026-06-09T14:57:38
BJ_100_2012,10.4943401003,1.45436421462,2012,R,OGFBH3O77QRJFBAV2PU73IL3,2026-06-09T14:57:38
BJ_101_2012,10.4424057832,1.26616484422,2012,R,2OCU72JDWDBCRULNPYYFSL4P,2026-06-09T14:57:39
BJ_102_2012,6.39640713339,2.30944318023,2012,U,QUXOV5QG2PCOLBQC5STELLYK,2026-06-09T14:57:39
BJ_103_2012,6.40862472821,2.29255007202,2012,U,PYRCTR2FXN342AMVJ6TTMA5E,2026-06-09T14:57:39
BJ_104_2012,6.39861958661,2.27004657372,2012,U,I65GRWG2MPDK2XDTHZYQVB2D,2026-06-09T14:57:40
BJ_105_2012,6.35785845571,2.30707399496,2012,U,AP52HCKDJ5FZVYFSNZPRTWWR,2026-06-09T14:57:40
BJ_106_2012,6.39834517874,2.31411396167,2012,U,GH5MSQZKV6OX44FEFYRAQLTZ,2026-06-09T14:57:41
BJ_107_2012,6.39279414806,2.31750718848,2012,U,VL2P5DHT3YY5KQ5S2KHZJWAB,2026-06-09T14:57:41
BJ_108_2012,6.41141320186,2.32136428538,2012,U,OTEWOJXPRPAAKJ2OCPRJYE46,2026-06-09T14:57:41
BJ_109_2012,6.39452452945,2.35354834126,2012,U,YA3ROISWJEQTNW3RST3UQCTU,2026-06-09T14:57:42
BJ_110_2012,6.40359212839,2.33561471894,2012,U,3JOXP2ETBN7GVD5PFFHBAF4D,2026-06-09T14:57:42
BJ_111_2012,6.39676395601,2.33867819297,2012,U,5V6CBRGV5FTJ3IISQPFDXAMM,2026-06-09T14:57:43
BJ_112_2012,6.39563948835,2.32822029182,2012,U,XVWC5OOOZ34ET4PXSEQWOVSF,2026-06-09T14:57:43
BJ_113_2012,6.39828593502,2.34171932716,2012,U,R2O3OLCTGFIZ2O7IXW7CFSXO,2026-06-09T14:57:43
BJ_114_2012,6.40219573029,2.33859883892,2012,U,7AHRB44PVQ4HTTBJLCWLPPKV,2026-06-09T14:57:44
BJ_115_2012,6.36149076872,2.31392578142,2012,U,7NOHKNBNG22R6X4S2FSCQSAU,2026-06-09T14:57:44
BJ_116_2012,6.6131658542,2.36778528034,2012,U,ZYOU42ZFHHBJNJNZHF5XEAQU,2026-06-09T14:57:44
BJ_117_2012,6.44474172703,2.33654208169,2012,U,UBP3OMKF6NDS7WD2B656WFED,2026-06-09T14:57:45
BJ_118_2012,6.45476425807,2.33335545862,2012,U,G6NX4X6D5ULVVTKKGZAIXA5M,2026-06-09T14:57:45
BJ_119_2012,6.46002364658,2.35561,2012,U,RUJAJCLUWKSJMLPSTEMJAA6N,2026-06-09T14:57:45
BJ_120_2012,6.4575016767,2.35808972343,2012,U,3VL7ZLPRYDZFB2YT3TPSD2Z6,2026-06-09T14:57:46
BJ_121_2012,6.47804695684,2.3615674252,2012,U,Y3LGUHBGA3C7ETRJEQIANYPA,2026-06-09T14:57:46
BJ_122_2012,6.56740237027,2.34906642013,2012,R,BYCUS2SQ7L3YAI5TKFGHL4YR,2026-06-09T14:57:46
BJ_123_2012,6.51827664966,2.36902870299,2012,R,JBIWXFQA5QGCH6F4OVBVCIFD,2026-06-09T14:57:47
BJ_124_2012,6.58587266497,2.31579,2012,R,AWUH6B4WW2DAHHW5E54NHHQC,2026-06-09T14:57:47
BJ_125_2012,6.43078713361,2.23704512341,2012,R,Z6CTQPDSPPVNAU3PPLPUG547,2026-06-09T14:57:48
BJ_127_2012,6.45745264938,2.26694033221,2012,R,QLGAQOVEX56O6QMT6SBPYMNX,2026-06-09T14:57:48
BJ_129_2012,6.47886164507,2.33177907917,2012,R,AM2BLDYKLKSLF7ROJRHMCW7V,2026-06-09T14:57:48
BJ_130_2012,6.65523629636,2.14806232771,2012,U,2NIJAKLN2XJSO3ZSOJOH7WNO,2026-06-09T14:57:49
BJ_131_2012,6.66721181918,2.13949554411,2012,U,DWPLOJZIYOJI4Y42AEZ3GTWI,2026-06-09T14:57:49
BJ_132_2012,6.66521414272,2.15012288361,2012,U,VJXYJBQKNNDC2EYOVB42Z7I2,2026-06-09T14:57:49
BJ_133_2012,6.67375559936,2.11771132912,2012,R,DD4YOMN33X4XOGKFCADWBUBX,2026-06-09T14:57:50
BJ_134_2012,6.68441549189,2.19437222783,2012,R,GDEOZ4NRI326ZTDTUOYYCCHV,2026-06-09T14:57:50
BJ_135_2012,6.73881813394,2.16257469219,2012,R,P2S2GV463A2G7QOOJXEMXYYC,2026-06-09T14:57:51
BJ_136_2012,6.74110555971,2.1792020949,2012,R,54U5GJMK7U66XIAUJ33CEH6O,2026-06-09T14:57:51
BJ_137_2012,6.77130916408,2.15357062385,2012,R,NG54C5PERRII3ASP4MXRRJ52,2026-06-09T14:57:51
BJ_138_2012,6.61626166135,2.09657525443,2012,R,FMPBNOIOES335JJCKMUEHZEH,2026-06-09T14:57:52
BJ_139_2012,6.66814061555,2.20553947454,2012,R,4FTRPELSXRIJPLNYD64HUJJO,2026-06-09T14:57:52
BJ_140_2012,6.61317509347,2.22546644795,2012,R,HLIF33ZHE7SQ7GLFWB7KITWB,2026-06-09T14:57:53
BJ_141_2012,6.634380702,2.24210001614,2012,R,TK2CFHMOZ2TXFZXEP3ZCNY7L,2026-06-09T14:57:53
BJ_142_2012,6.46379709405,2.0352057623,2012,R,HXTFU3K2GIWP7RHJN3X4RXP3,2026-06-09T14:57:53
BJ_143_2012,6.34596252352,1.97752121827,2012,R,3DGZVNVWJD6VQ3NQ24GEFBLP,2026-06-09T14:57:54
BJ_144_2012,6.54731356045,2.03716782705,2012,R,5EYK5H2L7DL7EALH5OE4VFK5,2026-06-09T14:57:54
BJ_145_2012,6.54569339335,1.99674858162,2012,R,RT76N63FD4UP32YPSXGXPAXH,2026-06-09T14:57:55
BJ_146_2012,6.51749086644,2.01549800553,2012,R,CBP4VJXTTTTMCCI42W7VWKGT,2026-06-09T14:57:55
BJ_147_2012,6.43181132013,1.98441392896,2012,R,LGYKOXK6ADWH5YPVKRRNXBFU,2026-06-09T14:57:55
BJ_148_2012,6.46065849683,2.02564752041,2012,R,EUFAILAX2TLGPGSSXXCLZP6I,2026-06-09T14:57:56
BJ_149_2012,6.46984044501,2.00428439282,2012,R,TEMDWZLRTYI22JEQN5L5CYQ4,2026-06-09T14:57:56
BJ_150_2012,6.36628664637,2.08872683081,2012,U,7RWXH5ZCERKZLYQOW6JMOHOO,2026-06-09T14:57:56
BJ_151_2012,6.37695191218,2.07546023261,2012,U,YCQE77ECCSTHUQ6EFHVBCKES,2026-06-09T14:57:57
BJ_152_2012,6.36498398585,2.07772482719,2012,U,PFVXWSIMFDDZFTJBU44SXV7Q,2026-06-09T14:57:57
BJ_153_2012,6.36960161298,2.0885231643,2012,U,OKU6O737HZVQZV47KSFKS7RV,2026-06-09T14:57:58
BJ_154_2012,6.37950431778,2.09380040997,2012,U,AJPFI67QG3AUWYN3VRL2CUXL,2026-06-09T14:57:58
BJ_155_2012,6.36100485428,2.2531471741,2012,R,WFDA4DM6WMY2XMJVHTVEFUNI,2026-06-09T14:57:58
BJ_156_2012,6.44671598299,2.16366863781,2012,R,ZGMZCXCS4TTOL44Z35G7HSIY,2026-06-09T14:57:59
BJ_157_2012,6.30939130963,2.01241840459,2012,R,SMUYSBVUKHSE3YG2D4UI75ID,2026-06-09T14:57:59
BJ_158_2012,6.37834018579,2.16886926089,2012,R,PWMFXTKSST7ONGPLOXE2HBW6,2026-06-09T14:57:59
BJ_159_2012,6.37002034393,2.22340725447,2012,R,GG4QPN7WRL4RWFLRXAGXT6EO,2026-06-09T14:58:00
BJ_160_2012,6.44918072164,2.0995919666,2012,R,Q6TBDLWGDHRFASGRX3DM7FIK,2026-06-09T14:58:00
BJ_161_2012,6.61412132097,2.41720088786,2012,R,VWOHQZ3DRLK65P7Q3GEIQMNN,2026-06-09T14:58:00
BJ_162_2012,6.5670722438,2.40016865674,2012,R,3S3PRJYQU6AWUS5RDHYQTA2R,2026-06-09T14:58:01
BJ_163_2012,6.48914934171,2.48015086176,2012,R,4LSMK2L44C35JQZEKVTA36HC,2026-06-09T14:58:01
BJ_164_2012,6.47087340681,2.39114906403,2012,R,3UPQLGAHE4ENJ6FC7SL222FB,2026-06-09T14:58:02
BJ_165_2012,6.49870246394,2.42078486744,2012,R,ES4IAVK6P2MEFB4PEXTMGFMG,2026-06-09T14:58:02
BJ_166_2012,6.52558709648,2.45587915054,2012,R,M46LFVQL4XXIQNB7SHHZEOL3,2026-06-09T14:58:02
BJ_167_2012,6.5549561381,2.43047711538,2012,R,KFJUM3YXHYX2OPZFUW5KFQGU,2026-06-09T14:58:03
BJ_168_2012,6.49549037964,2.46451369015,2012,R,65QUUIIIM22JHBWJOPGYWGFZ,2026-06-09T14:58:03
BJ_169_2012,6.49438903553,2.41102759508,2012,R,UAKDH46ZN4E6Z374POTEC5QH,2026-06-09T14:58:03
BJ_170_2012,6.55881798206,2.4240335283,2012,R,ZFKHVJVU43GUY7ZTELQNV52W,2026-06-09T14:58:03
BJ_171_2012,6.78827508153,2.08314872023,2012,R,Q54MVVKFFPBSG7TJF3LVZGSI,2026-06-09T14:58:04
BJ_172_2012,6.80074923146,2.16577084233,2012,R,WKALQOUJD67I2OVQJDD25ANJ,2026-06-09T14:58:04
BJ_173_2012,6.83899548444,2.12039516176,2012,R,DYRJ3OO7KCYMYJ4ZVS2L5WD2,2026-06-09T14:58:05
BJ_174_2012,6.83381472139,2.25920835111,2012,R,DSFMZ7HJSRXU4JB7IGF23ACD,2026-06-09T14:58:05
BJ_175_2012,6.83936657685,2.23020339793,2012,R,7XCGINY3VTGK4KR22FR4R3MH,2026-06-09T14:58:05
BJ_176_2012,6.76865236998,2.07293358191,2012,R,WFDUNLGLRXKAJEHGGTD6VJOC,2026-06-09T14:58:06
BJ_177_2012,6.85887840829,2.16169183055,2012,R,S74GQLYBYPZXTP2FV7ICNVIS,2026-06-09T14:58:06
BJ_178_2012,6.77005715265,2.11080260516,2012,R,DXXNCUVJLEDUZEZJXZVOD4AU,2026-06-09T14:58:07
BJ_179_2012,6.92691850069,2.25127092434,2012,R,JD77G2ATRDXJSZQGXZUS6IUD,2026-06-09T14:58:07
BJ_180_2012,6.930918713,2.28265992851,2012,R,FMU7SONWTKZWWSAOCSLLPTKX,2026-06-09T14:58:07
BJ_181_2012,6.50361600874,2.15864037338,2012,U,I4YNX7RF6YCSN6TBANXIH5QA,2026-06-09T14:58:07
BJ_182_2012,6.55312788041,2.1274873459,2012,U,4RBG2AWH4Y6OO4VNR4HTE2MG,2026-06-09T14:58:08
BJ_183_2012,6.5735885593,2.11285328822,2012,R,MFS3LSO46ZX3GXAH3PN5XWWA,2026-06-09T14:58:08
BJ_184_2012,6.55977981212,2.10616487474,2012,R,6D66HLFFPHCFZF7AHIAIM2YT,2026-06-09T14:58:09
BJ_185_2012,6.55586842429,2.22034124316,2012,R,KCRNWSRSZS2VIYWYFGZB2RX5,2026-06-09T14:58:09
BJ_186_2012,6.57433825797,2.18893285985,2012,R,B3QR2UYKWUX3K2G5DL4QPV5R,2026-06-09T14:58:09
BJ_187_2012,6.49664951598,2.1621838321,2012,R,TCDXQQBGJVHUQ43AW6MZKGFD,2026-06-09T14:58:10
BJ_188_2012,6.75079144398,2.30556799644,2012,U,FKAK22IS3EE3LKRZ7K7UYAV6,2026-06-09T14:58:10
BJ_189_2012,6.73078439732,2.33009562267,2012,U,DZV4NDOUSFH5BUZRHMNUS2CQ,2026-06-09T14:58:10
BJ_190_2012,6.73798820643,2.2994058112,2012,R,ADXX3VVJDURH5EMIKWXD4JVJ,2026-06-09T14:58:11
BJ_191_2012,6.86401693148,2.37938867995,2012,R,DIRS653Q6LUIDNAPUVI5C637,2026-06-09T14:58:11
BJ_192_2012,6.82404444285,2.33641791696,2012,R,4GW7PWBFOYENBFMACEZEI2CL,2026-06-09T14:58:12
BJ_193_2012,6.76730933346,2.27307236804,2012,R,NXKRGORYIGZTQ3223WDPJZ64,2026-06-09T14:58:12
BJ_194_2012,6.84032427129,2.41637940004,2012,R,EMJZ3WHFGCXG36J4227JL4N6,2026-06-09T14:58:12
BJ_195_2012,6.61650312534,2.29039214635,2012,R,BBXTVJOIT4Z3LT3CECH2MN23,2026-06-09T14:58:13
BJ_196_2012,6.60725526159,2.27923187749,2012,R,V37QY6K25BGT6HIENQM5NFI7,2026-06-09T14:58:13
BJ_197_2012,10.1711024129,2.64313996714,2012,U,XACBYRS4MHMSMCHC3V6VQARO,2026-06-09T14:58:13
BJ_198_2012,10.2400246636,2.67176372484,2012,U,N7MDOBA66XEFWAKJP6IXW6XT,2026-06-09T14:58:14
BJ_199_2012,10.5218640225,2.79600786533,2012,R,7OVTLL6QFLOTX4RM3GLDLN6X,2026-06-09T14:58:14
BJ_200_2012,10.1614051003,2.84857463095,2012,R,AYRPHK56HQLO2MAZ45KLYLZI,2026-06-09T14:58:14
BJ_201_2012,10.4259342367,2.72447634001,2012,R,VI7NOD4AIRJETUQ53KRFAKLN,2026-06-09T14:58:15
BJ_202_2012,10.027036085,2.61115886701,2012,R,6RMYKD5LW6CNL2W7TOYRWARG,2026-06-09T14:58:15
BJ_203_2012,10.070585582,2.68578406592,2012,R,CIZXTEL757VZDUIRRKDBA6QU,2026-06-09T14:58:16
BJ_204_2012,10.300430034,3.32170817477,2012,U,3HL234WBHA7DJLP6IZ5HLXL3,2026-06-09T14:58:16
BJ_205_2012,10.2833968999,3.37769182475,2012,U,QJ65CGGROE64YBOOCNRT6TBN,2026-06-09T14:58:16
BJ_206_2012,10.5774975796,3.80871434568,2012,R,7CKKYU62CU4DBJPKUOKGGB3O,2026-06-09T14:58:17
BJ_207_2012,10.2463635729,3.15648452379,2012,R,FAOEOUN32APL7WAE4U53Y2BY,2026-06-09T14:58:17
BJ_208_2012,10.2364702043,3.11487681617,2012,R,22NVQ3RYPFIWVJZ4H4S2S4WN,2026-06-09T14:58:18
BJ_209_2012,10.2008646433,3.23671490305,2012,R,4RO53DZZQBENCTS7SQ33UWW5,2026-06-09T14:58:18
BJ_210_2012,10.2448937278,3.19324083543,2012,R,QZWUAEUSN5U4NTXNVHHTBK3Q,2026-06-09T14:58:18
BJ_211_2012,9.86144735113,2.73238519044,2012,U,IST6L2UF5HAL527B3WA3GCAL,2026-06-09T14:58:19
BJ_212_2012,9.87250548179,2.7293608185,2012,U,KAK4SFFKLR4SXRYBA7ULLV6O,2026-06-09T14:58:19
BJ_213_2012,9.76344326475,2.45553887094,2012,R,K5F4UGEIF42M5KUAQUWL3O7V,2026-06-09T14:58:20
BJ_214_2012,9.80565012396,2.64595828669,2012,R,XEBYE2EQOLXXRM4XAPAEXNZ4,2026-06-09T14:58:20
BJ_215_2012,9.60457851454,2.64157242037,2012,R,2TEVC2K3JTEFRYKVASPC3IBG,2026-06-09T14:58:20
BJ_216_2012,9.43542079561,2.65869090437,2012,R,42SPOJE2PNRTIC4B5K6FAAWP,2026-06-09T14:58:20
BJ_217_2012,9.92291793173,3.2087473598,2012,U,2ET6ZZQIW5ATX7QOFKCP6K64,2026-06-09T14:58:21
BJ_218_2012,9.85202052145,3.18322469116,2012,U,C73KACLSBVKY6VEPXFM4XDGN,2026-06-09T14:58:21
BJ_219_2012,10.0575130629,3.37776932348,2012,U,5EP7BOVDTBXAS7BP5WA6KTJL,2026-06-09T14:58:22
BJ_220_2012,9.91139921151,2.92528926073,2012,R,YLQI5X7NPTM2CTZ56E5TUWVJ,2026-06-09T14:58:22
BJ_221_2012,10.0171091107,2.92662,2012,R,IDI2TIAJJOQKASLWTWHASZX7,2026-06-09T14:58:23
BJ_222_2012,9.91226230257,2.99069028005,2012,R,72NXK7TLY3WG6VCUOKHSDX6M,2026-06-09T14:58:23
BJ_223_2012,9.86972546969,3.0262144271,2012,R,HH7XUGHBCCDJ2BUSORZMVOZ5,2026-06-09T14:58:24
BJ_224_2012,9.69614903848,3.23663661172,2012,R,JPM2XPJWSZ5BRXYQKD5NB2R4,2026-06-09T14:58:24
BJ_225_2012,9.34539034949,2.59361259854,2012,U,U7ORPI52734632H6XIJ2VJVT,2026-06-09T14:58:24
BJ_226_2012,9.33398686565,2.61034744815,2012,U,PW7FP2OAHMQVHPJZSPRNTT7O,2026-06-09T14:58:25
BJ_227_2012,9.35271643714,2.61368499571,2012,U,4JIKBLLYLQN2S6PZ2BRVKR6I,2026-06-09T14:58:25
BJ_228_2012,9.34852091579,2.53389474863,2012,U,43Q6WWGDX3QX4FZFEVVXWZQE,2026-06-09T14:58:26
BJ_229_2012,9.33325086307,2.62788462003,2012,U,GWXV7ZCZLUDNDMOXCKEBSUCE,2026-06-09T14:58:26
BJ_230_2012,9.31578977703,2.6367389655,2012,U,3PGD2IQT7DW2SXV26DVVFACR,2026-06-09T14:58:26
BJ_231_2012,9.34937762532,2.63872266262,2012,U,ET2XLMMBPKDCS6ZECCZ5HG4P,2026-06-09T14:58:27
BJ_232_2012,9.32925776499,2.6327007994,2012,U,NYOIPS67MCBEVSC6H4US3J7W,2026-06-09T14:58:28
BJ_233_2012,9.32084356977,2.6372520497,2012,U,PB4TLOYAOIS6EP7DQ5EKK2C4,2026-06-09T14:58:28
BJ_234_2012,9.33342810813,2.63245077318,2012,U,5NLICFR44FDTQRXMXRG3L2AZ,2026-06-09T14:58:28
BJ_235_2012,9.34469945593,2.64943507947,2012,U,73BQG2SUZRA3HPRFFR3KVPG7,2026-06-09T14:58:29
BJ_236_2012,9.35218618957,2.62196063258,2012,U,ZLJUY3ODF5CBRSXGCO5BD6TZ,2026-06-09T14:58:29
BJ_237_2012,9.35180457671,2.62353204667,2012,U,6CATSKWLNHNNJULP3JCTUBUQ,2026-06-09T14:58:29
BJ_238_2012,9.39099497498,2.64523828692,2012,U,GDF7WMJG2UMALM5VAYNMP35G,2026-06-09T14:58:30
BJ_239_2012,9.78911868909,2.99021999989,2012,U,VVDA7XFR6XPERITPTBWBI3U3,2026-06-09T14:58:30
BJ_240_2012,9.80266989181,2.98558284367,2012,U,4EYWMLU3OJ4AAIHN5BMEXLQC,2026-06-09T14:58:30
BJ_241_2012,9.54678865622,2.96644477409,2012,R,YAHJCQ6VAZTIW5HTEFPTNYFO,2026-06-09T14:58:31
BJ_242_2012,9.7909176583,2.97724221756,2012,R,JGEVV6KKNXSP4VLLOT3GNDB7,2026-06-09T14:58:31
BJ_243_2012,10.511844731,2.48002718448,2012,U,YGCVBPRNHXIP7Z7FY36L6G37,2026-06-09T14:58:32
BJ_244_2012,10.3610246337,2.4183750845,2012,U,HDN5DYKJQVWXCTJFJZRU64SG,2026-06-09T14:58:32
BJ_245_2012,10.0935556251,2.43131762102,2012,R,KJGKPSMXNG4LGLNBJBFWFRK7,2026-06-09T14:58:32
BJ_246_2012,10.4480498756,2.45887160507,2012,R,HALTUA6FTNHJO3G46LZUHCKO,2026-06-09T14:58:33
BJ_247_2012,10.1815557644,2.39889275548,2012,R,2QLMXFRGMMHDOIJHS2UJ2667,2026-06-09T14:58:33
BJ_248_2012,8.87992848996,2.59910688559,2012,U,JW7JSCLEKZ2FRF452TRKAUZI,2026-06-09T14:58:34
BJ_249_2012,8.88982411084,2.59338147186,2012,U,FZLRBZOD737XPIGIHUKPNQ6Z,2026-06-09T14:58:34
BJ_250_2012,8.94014090987,2.59496754801,2012,U,JCB2W5AY3HOZZYQQVDQZQI3K,2026-06-09T14:58:34
BJ_251_2012,8.89501305161,2.62443782957,2012,R,TFDCQPFFPPEZS7AQUJRI5W6M,2026-06-09T14:58:35
BJ_252_2012,9.15650424335,2.14315923673,2012,R,Y722CD7NP6LJJB26UJUC7NZR,2026-06-09T14:58:35
BJ_253_2012,9.1879337904,3.05923140722,2012,R,6UZ44AT4DGLDFCCKPPVDIQRO,2026-06-09T14:58:36
BJ_254_2012,9.16732460332,3.0327859504,2012,R,UGABGWYZSVJ45GJHHRHJ4IML,2026-06-09T14:58:36
BJ_255_2012,9.26595799887,2.39748720843,2012,R,GGBWPV5DTMOYJYGJDOJFHQZL,2026-06-09T14:58:36
BJ_256_2012,9.14923230513,2.58687757361,2012,R,BHPXYDPVI272HHSWSL4KNJLZ,2026-06-09T14:58:37
BJ_257_2012,9.14523491668,2.57683710549,2012,R,E5Z3Z3IUYXRZWFZYSUFV5KKH,2026-06-09T14:58:37
BJ_258_2012,8.41619472866,1.8714977007,2012,U,7K3A5AZ5DHIDVXDDFSFV6EEP,2026-06-09T14:58:37
BJ_259_2012,8.42371267851,1.89737487918,2012,U,NWA3DXXCHJZZDRCQ7PKRZOGE,2026-06-09T14:58:38
BJ_260_2012,8.2865377638,1.9599441509,2012,R,5JRAUFWE4E5REDFLFB3YMHZZ,2026-06-09T14:58:38
BJ_261_2012,8.47548800356,1.8620969257,2012,R,MP4MBAVRC2BFMETYBC76EMNL,2026-06-09T14:58:39
BJ_262_2012,8.4572275924,1.98632440418,2012,R,CUJGXG2WVOEKSJUJAB7HOGZV,2026-06-09T14:58:39
BJ_263_2012,8.13485630118,1.92589099264,2012,R,IPS2O367OWCVKJK3YKFTGTFE,2026-06-09T14:58:40
BJ_264_2012,8.27118122474,1.73905276562,2012,R,QAC7BMITHVHGWDUZUZWFK5EW,2026-06-09T14:58:40
BJ_265_2012,8.48458043569,1.73681871447,2012,R,4OC6IBOIXOXOVJMY3OPTXCOC,2026-06-09T14:58:40
BJ_266_2012,7.77979682456,2.2055653032,2012,U,VCGBN5XLED56AJTUNV3V7RQK,2026-06-09T14:58:41
BJ_267_2012,7.80596455644,2.17874499091,2012,U,QYIGMUITBBV5TD3ECVOHAHB6,2026-06-09T14:58:41
BJ_268_2012,7.78358776357,2.19138488569,2012,U,DDR36566SCS4FYWF6CJ4FACW,2026-06-09T14:58:41
BJ_269_2012,7.77245622262,2.36615738559,2012,R,VXW2IHPERVR5HJAYSQKJADVN,2026-06-09T14:58:42
BJ_270_2012,7.82456799629,2.20170668774,2012,R,XVGYNSQCYLWWUVLCPFSM3PO4,2026-06-09T14:58:42
BJ_271_2012,7.67606872826,2.13481849805,2012,R,IMN37SJ3347H7TJORQW4IRON,2026-06-09T14:58:42
BJ_272_2012,7.65727494229,2.27311395218,2012,R,AOJ2RT5CWWKSBHENDZHHT2DI,2026-06-09T14:58:43
BJ_273_2012,7.63940532002,2.20939958479,2012,R,6E24FKM5GRSUNHRUORBKA2OB,2026-06-09T14:58:43
BJ_274_2012,7.6801676755,2.26031629699,2012,R,RJPSI6C7PWYP3WU4RE7WGNGL,2026-06-09T14:58:44
BJ_275_2012,7.77164483721,2.27519365899,2012,R,7K4URYKPIKJ3REF2YQO6CRTK,2026-06-09T14:58:45
BJ_276_2012,7.71609759902,2.18930071878,2012,R,OXSVL5Q3Z3TXPZJF5HLU2M4O,2026-06-09T14:58:45
BJ_277_2012,7.97328616357,2.23871306816,2012,U,RH3Q5ZEGG6FXTJQSNW2FKYXN,2026-06-09T14:58:46
BJ_278_2012,7.97664681011,2.24840604083,2012,U,5IZERDIKXQLB2NKSYT26O2YG,2026-06-09T14:58:46
BJ_279_2012,8.21251767606,2.14587291295,2012,R,XEMDURYQWOOJJWHRW4B7HJVT,2026-06-09T14:58:46
BJ_280_2012,8.19609661412,2.18841983345,2012,R,EACJV6MC2O6TKAAICQEZOZLU,2026-06-09T14:58:47
BJ_281_2012,8.14579710089,2.23968425487,2012,R,KGA5K2MZ7XSKFAOPU73TVOZN,2026-06-09T14:58:47
BJ_282_2012,7.94839860817,2.20987178895,2012,R,NF6XMAHY6IV6W3GFSOH6YLDD,2026-06-09T14:58:47
BJ_283_2012,8.01399192255,2.23509585066,2012,R,UDUCIIWUPI3LVZAYD4F4SHCN,2026-06-09T14:58:48
BJ_284_2012,8.07741493634,2.13523807965,2012,R,DB4MMFFMI25IPHG3SWBD7XA7,2026-06-09T14:58:48
BJ_285_2012,7.84336176995,2.24304567156,2012,R,3YALSOSG2YHQYJDCZNEBJWD5,2026-06-09T14:58:48
BJ_286_2012,7.99719658908,2.29608127962,2012,R,R3R7QNEZNA66DTWVMAEU5KDU,2026-06-09T14:58:49
BJ_287_2012,7.95622495482,2.2512224464,2012,R,WBSNKV2XMTAWJRXBZM45BNRE,2026-06-09T14:58:49
BJ_288_2012,8.48956119111,2.42935796873,2012,U,WC74OHQLZNTFTGXEVP4GMW55,2026-06-09T14:58:50
BJ_289_2012,8.48661587344,2.43393689633,2012,U,KUROQ34P5LRVJR2MFIWZ6Y4E,2026-06-09T14:58:50
BJ_290_2012,8.32813702356,2.42994131525,2012,R,AA6Q7GRK5EWU4XEIDFCKJVFJ,2026-06-09T14:58:50
BJ_291_2012,8.45552648919,2.31884453909,2012,R,4WV2EQ3OBFCLVIZHKOKIPQAR,2026-06-09T14:58:51
BJ_292_2012,8.56167204929,2.60272845316,2012,R,LKC2WKMVSZAOOJ6FHLTYBZWQ,2026-06-09T14:58:51
BJ_293_2012,8.51344636701,2.42090552329,2012,R,4E4O3JU2KYSHSHP5PKFU5VLZ,2026-06-09T14:58:52
BJ_294_2012,8.4934843354,2.40650405443,2012,R,4YDMM3EB4I2BR4XCQMTK3XMT,2026-06-09T14:58:52
BJ_295_2012,8.67129075775,2.6209705091,2012,R,I5C2F2PGJGHGLS6WRM32ZIMA,2026-06-09T14:58:52
BJ_296_2012,8.71632102544,2.66707575488,2012,R,3HJF73WV7SKFXH3QTFLL5GFS,2026-06-09T14:58:53
BJ_297_2012,7.92091969157,1.98499082052,2012,U,DSVZEPCCWNSRPTYGAH67QYMS,2026-06-09T14:58:53
BJ_298_2012,7.87569965377,1.81949618966,2012,U,KJ7TNBHOHBWLDDA33MYMJ2I3,2026-06-09T14:58:54
BJ_299_2012,7.92643482157,1.970842235,2012,U,STJ45UHKBFW26EUYPSDVZNAA,2026-06-09T14:58:54
BJ_300_2012,8.01447760939,1.92226910329,2012,U,4EZRKCQYUKQOQD2DNNY23VKZ,2026-06-09T14:58:54
BJ_301_2012,7.7334649501,1.78258581799,2012,R,7Q4AGJKPFUOSYFB5X2LJSSJO,2026-06-09T14:58:55
BJ_302_2012,8.06171414601,1.76080982789,2012,R,RBESCDUFF7EDTXW76DXLXWNU,2026-06-09T14:58:55
BJ_303_2012,8.0173885314,1.9764230023,2012,R,AL6V2MDGUPJO54DN5DL7UHNK,2026-06-09T14:58:56
BJ_304_2012,7.96525395447,2.10707840658,2012,R,7LMRNWJKWGUIXGVW46PT5EPJ,2026-06-09T14:58:56
BJ_305_2012,7.85291735405,1.68068841837,2012,R,5CBSXPC3JW4LDBJIQSUAIHBD,2026-06-09T14:58:57
BJ_306_2012,7.89149903134,2.07394342325,2012,R,5QUH6BTDQITCG7TDWIGNH4SN,2026-06-09T14:58:57
BJ_307_2012,7.90293953021,2.08238033485,2012,R,T7ZX6IHEBJ54HHCHC4UZ5GRG,2026-06-09T14:58:57
BJ_308_2012,7.93751040468,1.96215920996,2012,R,OV7SVQZUYY6FF2GIIKG4OKCU,2026-06-09T14:58:58
BJ_309_2012,7.84013961322,1.78222741596,2012,R,XYERFLADAT4Q47GBO75PY2OA,2026-06-09T14:58:58
BJ_310_2012,8.03359032213,2.49724520919,2012,U,PWHEJMV4NVVTPWZXXKXD4CVC,2026-06-09T14:58:58
BJ_311_2012,8.04193450663,2.48430952824,2012,U,JC3HNYGHDPDEGS5552FXDJPN,2026-06-09T14:58:59
BJ_312_2012,8.03181717171,2.48238167191,2012,U,2YDPHFSV6R3TYNHJCIWKEH4Y,2026-06-09T14:58:59
BJ_313_2012,8.03436068836,2.49248624111,2012,U,7N6G76PRECEPL5LAKZRA4MUE,2026-06-09T14:58:59
BJ_314_2012,8.28047121383,2.67231606682,2012,R,6MCGNVJE2A2ATON2BKUAUA7W,2026-06-09T14:59:00
BJ_315_2012,8.03830351608,2.39008148945,2012,R,LYE6X3E3TKBX3YOSKCUVK4SS,2026-06-09T14:59:00
BJ_316_2012,8.18168937299,2.73254340089,2012,R,XHAX2ZAT4ERXGNHZ4XSUSA5R,2026-06-09T14:59:00
BJ_317_2012,8.13147955037,2.54594713225,2012,R,EPLFKX7RPAEV5S2Y5SPRLI7G,2026-06-09T14:59:01
BJ_318_2012,6.9729706699,1.59610924031,2012,U,6ZYJYFT3EAKIP4BGJOQH72GS,2026-06-09T14:59:01
BJ_319_2012,6.97070869522,1.66371242505,2012,U,GSB75EDKDGCLBAPJOIPGH23P,2026-06-09T14:59:02
BJ_320_2012,6.93813289393,1.67365883499,2012,U,UNLNPVO6F3SWUSHLURKLIYKO,2026-06-09T14:59:02
BJ_321_2012,7.24930367746,1.66375729778,2012,R,DRRQBUWMXLBW73PIBXVLXU3V,2026-06-09T14:59:02
BJ_322_2012,6.99445021112,1.71067673346,2012,R,YQ4IO3OCJFWTRWFGD5ASBSMA,2026-06-09T14:59:03
BJ_323_2012,6.92654300327,1.69730412405,2012,R,7GRQ2WXKEGGKXOYFYAAIO26S,2026-06-09T14:59:03
BJ_324_2012,6.96851357338,1.70664376394,2012,R,QI663D2O2P6EV4FDGJ52Q7YR,2026-06-09T14:59:04
BJ_325_2012,7.02154855075,1.67849123358,2012,R,XUNUVW56ZBI7J3HBC55PBAHQ,2026-06-09T14:59:04
BJ_326_2012,7.13664774387,1.72271714357,2012,R,WPLODEQQOKMTMZEZ6EZVXJ7S,2026-06-09T14:59:04
BJ_327_2012,7.01803929747,1.70844184494,2012,R,NTMSBKR7LI7R46MLGKSEWQMM,2026-06-09T14:59:05
BJ_328_2012,7.16997623443,1.66413435398,2012,R,BLRWBB7RRXGITMDN5I5MXJZN,2026-06-09T14:59:05
BJ_329_2012,6.90397567682,1.70410463866,2012,U,N5GPQOVVRPPCVAPLEUNGKB3E,2026-06-09T14:59:05
BJ_330_2012,6.89538107194,1.74187095155,2012,U,TVV7VS5JHKIA7WP2QL7V7266,2026-06-09T14:59:06
BJ_331_2012,6.85402879913,1.69093524392,2012,R,RXB23B5VWJZW5HLIX7M4XZIV,2026-06-09T14:59:06
BJ_332_2012,6.92994691546,1.75046696992,2012,R,77TW3QCZUQCJNQ4UHWS36MQY,2026-06-09T14:59:07
BJ_333_2012,6.83452685132,1.71945167051,2012,R,NHNVTHEPFJW6W5GBUJ3BDDEU,2026-06-09T14:59:07
BJ_334_2012,6.93006626573,1.7308170675,2012,R,O4VCTVDEMYU57JNLVPWOWNJB,2026-06-09T14:59:07
BJ_335_2012,6.88014220318,1.75288915216,2012,R,IC5YMRMOTESBRYR32GUQG4FZ,2026-06-09T14:59:08
BJ_336_2012,6.84313848179,1.67019509378,2012,R,GOUI3FLSASFGLJF2MNTIMXIW,2026-06-09T14:59:08
BJ_337_2012,6.87980285581,1.64692624924,2012,R,LICNBPYQH2QCLOAS22OT6KWV,2026-06-09T14:59:09
BJ_338_2012,6.79708567059,1.78573442505,2012,U,7AQ35HF4PB2WKE7J66C325YJ,2026-06-09T14:59:09
BJ_339_2012,6.78062742807,1.78118430972,2012,U,EZPXM7TSWSYHHQVQAPX4XFF2,2026-06-09T14:59:09
BJ_340_2012,6.78210218985,1.83119242752,2012,U,3YVJXBDG4KJUZMIUOW2WRABU,2026-06-09T14:59:10
BJ_341_2012,6.79264195265,1.77871960761,2012,U,GNFXBKLSSA3DIW3PQA623GKE,2026-06-09T14:59:10
BJ_342_2012,6.79978741452,1.77780353944,2012,R,UEHQXW5GTOIA5Y2STDWW4NJ3,2026-06-09T14:59:10
BJ_343_2012,6.76314816834,1.69622837563,2012,R,UDG5DYKVKYFEFRE3YRHSICPL,2026-06-09T14:59:11
BJ_344_2012,6.7459108917,1.76830416526,2012,R,PT5TXCGG75LD4MRDB6LJ4Y5P,2026-06-09T14:59:11
BJ_345_2012,6.76622118054,1.78616458273,2012,R,P7KRINJ66NQTDFWMZCWAOLTD,2026-06-09T14:59:12
BJ_346_2012,6.79594109214,1.84370974444,2012,R,A25TEA26T62SQF47IKKGRGRM,2026-06-09T14:59:12
BJ_347_2012,6.83034500947,1.85553292957,2012,R,ES2BWMJX6KZNRKDPNLYWH5OT,2026-06-09T14:59:12
BJ_348_2012,6.97247921231,1.8468743976,2012,U,VLQX6MF7GYRJWTOHCGYC3J7V,2026-06-09T14:59:13
BJ_349_2012,6.96240405891,1.84296641467,2012,U,GTBDABKGQWVP2EPSGZNT6AGJ,2026-06-09T14:59:13
BJ_350_2012,7.02454727282,1.79331010086,2012,R,YWVHVYIQD5MAZC4JPIDAXACT,2026-06-09T14:59:13
BJ_351_2012,7.0389164691,1.8896295891,2012,R,ZRASXJNCEG7STTCMO5EKCFYF,2026-06-09T14:59:14
BJ_352_2012,6.96395544944,1.81540084167,2012,R,6NORNT56TMX2WUPAXDVUCGUT,2026-06-09T14:59:14
BJ_353_2012,6.95594578089,1.80525960494,2012,R,2QLE4HU6DL6FDYI77EYFPXE7,2026-06-09T14:59:15
BJ_354_2012,7.03215507718,1.82740027451,2012,R,TGF5ADCPFWADOZEV4UVDHBH2,2026-06-09T14:59:15
BJ_355_2012,7.0478475204,1.83430463344,2012,R,ILL6YTLIRZRGDM43NVDNQWKO,2026-06-09T14:59:15
BJ_356_2012,6.9972400483,1.87129092934,2012,R,4YA7VEKHGAUHKDGHUSB7PQSU,2026-06-09T14:59:16
BJ_357_2012,6.92527656675,1.88691921436,2012,U,QAAZOTTK2RXBTQPMQUZ3EOMR,2026-06-09T14:59:16
BJ_358_2012,6.93230604631,1.87096793033,2012,U,S5DAHWJ4ZJYZNNRTQILSQKPA,2026-06-09T14:59:17
BJ_359_2012,6.88948820352,1.96589486575,2012,R,XNLWLMKSAJOW7GAV7LXZ4V7U,2026-06-09T14:59:17
BJ_360_2012,6.86674284283,1.96620267011,2012,R,GK3JZYLJ4ZUOUNRY4YOC5NT5,2026-06-09T14:59:17
BJ_361_2012,6.9303003973,1.94070526601,2012,R,WJ2PNSX6E6N6Z2ZWRSWBVPIQ,2026-06-09T14:59:18
BJ_362_2012,6.81642578572,1.94810743837,2012,R,HRNQQRJLW3QU6ZPLI57I5L44,2026-06-09T14:59:18
BJ_363_2012,6.87454083482,1.86812189166,2012,R,MZN4XU66DUKXQSOI5RXDTFX4,2026-06-09T14:59:18
BJ_364_2012,6.90826372663,2.03263560941,2012,R,IKSIRIDIK62CBBCYXGOTTWNE,2026-06-09T14:59:19
BJ_365_2012,6.81937684298,1.95985600537,2012,R,YEAFPJUTQDTAVLWX7WCL7MKA,2026-06-09T14:59:19
BJ_366_2012,6.89282411015,1.8355342979,2012,U,GRUVQWNECSKAISF4ZTUWO4UJ,2026-06-09T14:59:20
BJ_367_2012,6.87661119232,1.81567637143,2012,U,A3F6LKSXEDU2DWQHAHGHUC5V,2026-06-09T14:59:20
BJ_368_2012,6.93225421993,1.86407293294,2012,R,2HHZRFMFBLZOVF3ABOCUKS2X,2026-06-09T14:59:20
BJ_369_2012,6.85601538128,1.81579490996,2012,R,EAWQ7MC65KKDMS6STDNZUZZA,2026-06-09T14:59:21
BJ_370_2012,6.94203478132,1.78238650741,2012,R,BS2XQQ7NWFCQYSJ52YFBDI57,2026-06-09T14:59:21
BJ_371_2012,6.90167075866,1.77632457013,2012,R,NJSPYVROPVJWPKQVQFY45QZP,2026-06-09T14:59:21
BJ_372_2012,9.00905345607,1.66388023923,2012,U,SA4HQKLZNOQ3ZZYODNYLHQ4E,2026-06-09T14:59:22
BJ_373_2012,9.12937619689,1.61743105603,2012,U,52V76X24J25UMDYGSDYA5PTU,2026-06-09T14:59:22
BJ_374_2012,9.10075799718,1.93947938835,2012,U,AAR65E3VO7Y6PO6CVRGAMO6Y,2026-06-09T14:59:22
BJ_375_2012,8.76932406618,1.63409550372,2012,U,RFEF6W32YGFCQ5XEU5PFYNLO,2026-06-09T14:59:23
BJ_376_2012,9.32292628928,1.47072204896,2012,R,EDD5KOMMQZKUAEXWHQVN2GEJ,2026-06-09T14:59:24
BJ_377_2012,8.97856023594,1.72978541033,2012,R,CBIPNEYVTF72WXSK6LBNKCE5,2026-06-09T14:59:24
BJ_378_2012,8.97322957033,1.72242679989,2012,R,OPQ4AAE6F3X3P36MTNGOTJQU,2026-06-09T14:59:24
BJ_379_2012,9.24205599998,1.52231722111,2012,R,TTVOZRODAFNZXRNVZQAGVFGH,2026-06-09T14:59:25
BJ_380_2012,9.85279738987,1.55425393243,2012,U,2GC5RCZGHJ7B7QGYQYACITGV,2026-06-09T14:59:25
BJ_381_2012,9.93052286709,1.61940101857,2012,U,O3P4SXOX3DCOXFWFVWV55YXB,2026-06-09T14:59:25
BJ_382_2012,9.88745718011,1.59247528578,2012,U,3UPBRPNU6A7XMAVVYKP6CV5O,2026-06-09T14:59:26
BJ_383_2012,9.9502051385,1.48228894164,2012,R,EX4MEOVYJEGSGE27Y5ZAJO2M,2026-06-09T14:59:26
BJ_384_2012,9.78977362782,1.61195995751,2012,R,3P73LARVHSNVIZE5W45V5ZOW,2026-06-09T14:59:26
BJ_385_2012,9.81164697559,1.49447708416,2012,R,TGCPHC42DLU5A5H7HPUTTKVN,2026-06-09T14:59:27
BJ_386_2012,9.96677671526,1.46979581247,2012,R,TRVAIF6NBPNTNGQP42JJ7ZD5,2026-06-09T14:59:27
BJ_387_2012,9.70758555911,1.67334997897,2012,U,QAZGB2U2ATZO5DH6E2D6DJDJ,2026-06-09T14:59:28
BJ_388_2012,9.68627789468,1.66571142225,2012,U,KUE2U66LWETAXG2QXGE6VPZK,2026-06-09T14:59:28
BJ_389_2012,9.71946692509,1.65706841506,2012,U,SJL7LZ43HQFT5GIKQW2G4AGY,2026-06-09T14:59:28
BJ_390_2012,9.72826783379,1.65277928983,2012,U,CTCUUU4GAWAR4NZEBMGW3JKD,2026-06-09T14:59:29
BJ_391_2012,9.7110376938,1.66820687823,2012,U,RN74UTCF23IWHWPIOOJSFWOO,2026-06-09T14:59:29
BJ_392_2012,9.73052872183,1.71758239707,2012,U,DW5P6Y5KVLDGO66M5ONLIYNI,2026-06-09T14:59:30
BJ_393_2012,9.69542990208,1.58684191947,2012,R,AOZXRIKBHJZZF2W24NDTY3CA,2026-06-09T14:59:30
BJ_394_2012,9.71028545284,1.93735636996,2012,R,DYHGNK3NN3F5VPJCP54BPNIJ,2026-06-09T14:59:30
BJ_395_2012,9.66102131436,1.96522066539,2012,R,44O7QAJA4SQHXMESAALXH55R,2026-06-09T14:59:31
BJ_396_2012,9.68162909818,1.57326653256,2012,R,JLTOB5F5KEPNJFWLNW2LOU3E,2026-06-09T14:59:31
BJ_397_2012,9.45075393066,1.61083695094,2012,R,3OVR2MTQQRDAVPFN5MNMGP77,2026-06-09T14:59:31
BJ_398_2012,9.8872705247,1.78901561827,2012,R,PF4WVUXL3CXJA3SGRLGTBL3L,2026-06-09T14:59:33
BJ_399_2012,9.40813211806,2.10021115338,2012,R,7AYOIL5E4MHDB56GI6M2I4CO,2026-06-09T14:59:33
BJ_400_2012,9.42086953487,1.91983581577,2012,R,ELXHWV434YIF7AXWLGBD7FRH,2026-06-09T14:59:33
BJ_401_2012,9.53410364096,1.91541944802,2012,R,L3XJDNPCBN7GAK6ESYKHNQCG,2026-06-09T14:59:34
BJ_402_2012,9.52586678692,1.55395615333,2012,R,HJ6XTJ4XMKXGJBGHT3WBIH2Z,2026-06-09T14:59:34
BJ_403_2012,9.71845805737,1.41724180534,2012,R,45WWSHCOEQPUILNARX3TGJKJ,2026-06-09T14:59:34
BJ_404_2012,9.52657210732,1.36766075507,2012,R,QWOB6YWR4234ET46V57RXEKX,2026-06-09T14:59:35
BJ_405_2012,9.49511943155,1.41469444164,2012,R,647ERT3SYDOIABWTDOYRQIOP,2026-06-09T14:59:35
BJ_406_2012,9.64788196308,1.40739384717,2012,R,S3KJPW7I2UI4XMUGOR7YMIOV,2026-06-09T14:59:35
BJ_407_2012,6.37274731361,2.46864696645,2012,U,2WO5SWIKRT42HW5RSG4Y7O6J,2026-06-09T14:59:36
BJ_408_2012,6.36891161706,2.47056268245,2012,U,X2NSR4G2OH2YWUE23WF6ZD5B,2026-06-09T14:59:36
BJ_409_2012,6.36297797755,2.47468012548,2012,U,3XVKCTMIB7PHUEUVGQXDXPAT,2026-06-09T14:59:37
BJ_410_2012,6.36825794309,2.46375813658,2012,U,BW3KSLEVDOM5KWOHAEQNBFHC,2026-06-09T14:59:37
BJ_411_2012,6.37179280138,2.47860886794,2012,U,GZAMRJWS5XDFQLAQB6MFRU3Q,2026-06-09T14:59:38
BJ_412_2012,6.37209007832,2.48197388866,2012,U,GZHT3REVQXUBYPFOCGJOOY5W,2026-06-09T14:59:38
BJ_413_2012,6.37321848094,2.46464385306,2012,U,WVUDH4PJYSMQDF4PR4N2D2UN,2026-06-09T14:59:38
BJ_414_2012,6.37502133905,2.45298790499,2012,U,QJE7NKICSIOPXTBRH55MJBD2,2026-06-09T14:59:39
BJ_415_2012,6.37303195673,2.45553070603,2012,U,5FI6NEPFMB2Z3OA6LEMYLF2I,2026-06-09T14:59:39
BJ_416_2012,6.37129858121,2.45111837544,2012,U,DVYBXN2ZVVCR6CCFRZMRNTIJ,2026-06-09T14:59:40
BJ_417_2012,6.37493480236,2.45093642823,2012,U,67KAWGCCSEH6XIHNTGLZKWTJ,2026-06-09T14:59:40
BJ_418_2012,6.39390686451,2.44314020304,2012,U,3IS4YKHHTFO2Y35LSC5YHYZN,2026-06-09T14:59:40
BJ_419_2012,6.3734702679,2.46063272649,2012,U,UHVBE2OJJFS6ASLVIVRUJXA6,2026-06-09T14:59:41
BJ_420_2012,6.39035057377,2.43378085593,2012,U,6D7FMBIVL6QMH6YNFGPUZVFU,2026-06-09T14:59:41
BJ_421_2012,6.39653140755,2.44050689247,2012,U,FK33ZCG72R3YH6GBQVD7WKXH,2026-06-09T14:59:41
BJ_422_2012,6.38514233783,2.4418065034,2012,U,A7X4RELD7NZZTCHIADUAN673,2026-06-09T14:59:42
BJ_423_2012,6.36979474857,2.44275703511,2012,U,A7WHFIIEXJB7WDY5ZE5ZHH76,2026-06-09T14:59:42
BJ_424_2012,6.38185639031,2.43212878764,2012,U,3WWU2LJHVMBTNBVIPLMYWB5E,2026-06-09T14:59:42
BJ_425_2012,6.38123433686,2.43871806053,2012,U,EZ4VQ4FZAA3W7DGWWUVJG5K3,2026-06-09T14:59:43
BJ_426_2012,6.38636099488,2.44058072701,2012,U,F33WRBIBYLDVMJVDO6Q4Y2R7,2026-06-09T14:59:43
BJ_427_2012,6.38437952168,2.44092354517,2012,U,BL7XH73HCYGQFL6KJFKMB52B,2026-06-09T14:59:44
BJ_428_2012,6.36030994069,2.44118247757,2012,U,HD63NTRDBOVPRLHGI5DS2AYC,2026-06-09T14:59:44
BJ_429_2012,6.37820692752,2.44344290753,2012,U,A6EDM5A2UFAIOPS57GOUROWK,2026-06-09T14:59:44
BJ_430_2012,6.35941944281,2.45019869435,2012,U,2SMEFXT4K5S2D7HUPG6RGZLU,2026-06-09T14:59:44
BJ_431_2012,6.37544421497,2.45143654359,2012,U,APPVU3VHXSXNBH7TGLEOMBQK,2026-06-09T14:59:45
BJ_432_2012,6.35843182037,2.43697678117,2012,U,3WD4CWOYOEI5WF3PKMKPWCB4,2026-06-09T14:59:45
BJ_433_2012,6.36757031808,2.44319939054,2012,U,ENZNMCJTNIZKGYB5ZTM244EM,2026-06-09T14:59:46
BJ_434_2012,6.36443249919,2.4138616204,2012,U,L7FP62N32CNNUOEWKBICV6RE,2026-06-09T14:59:46
BJ_435_2012,6.36842708411,2.4326899819,2012,U,3Q3NBPUMSWGCG6WLGNESRJVS,2026-06-09T14:59:46
BJ_436_2012,6.35640428145,2.44043282828,2012,U,EMNIDG4HFKRX6UNTZOGJKLIL,2026-06-09T14:59:47
BJ_437_2012,6.37923236436,2.43512326324,2012,U,DACWS7YPFW52CVXPILG2IFX3,2026-06-09T14:59:47
BJ_438_2012,6.38391441962,2.42002916044,2012,U,GS6IAXQ4YIQME2YLQ3PLW6RB,2026-06-09T14:59:47
BJ_439_2012,6.38193139769,2.42350692183,2012,U,MPCLBZHM5G646WSEAWR2OE65,2026-06-09T14:59:48
BJ_440_2012,6.38292206055,2.42844744558,2012,U,RKZEBHQPRTRXYA6A5PECV5QR,2026-06-09T14:59:48
BJ_441_2012,6.37202854483,2.42193195026,2012,U,CI5PV4MNL6A7KVC2ZCKGDSYK,2026-06-09T14:59:49
BJ_442_2012,6.38463584683,2.43317519541,2012,U,BFNQSJGCQ3BCXIDKLXZ7JU2G,2026-06-09T14:59:49
BJ_443_2012,6.37254833001,2.42648414228,2012,U,OVSHAIQCXN2GXWPAGJ5U7Q5B,2026-06-09T14:59:49
BJ_444_2012,6.38910431986,2.4289624399,2012,U,XD5DZ6VVWO2MXAHCMTWSTJGY,2026-06-09T14:59:50
BJ_445_2012,6.36897043033,2.43529486704,2012,U,U4AE7NPX5HYUOXKZTUGSQDHF,2026-06-09T14:59:50
BJ_446_2012,6.36786449377,2.41686725692,2012,U,IIDN35A6K3Z2CPDRGSBIC5US,2026-06-09T14:59:50
BJ_447_2012,6.37276711907,2.42058001172,2012,U,2B6RPYWOYZ2HMWEHIXO3AZJT,2026-06-09T14:59:51
BJ_448_2012,6.35895119196,2.42781965558,2012,U,LAMW5ILJYXQTOWHXYZNBTKO6,2026-06-09T14:59:51
BJ_449_2012,6.3770781804,2.44025773092,2012,U,4NQIXHCW7WZGZRZP6RFGSFVM,2026-06-09T14:59:52
BJ_450_2012,6.3619475846,2.42097709704,2012,U,FYVJAVGMLNSXMDZSQY6TBIBK,2026-06-09T14:59:52
BJ_451_2012,6.38355557804,2.41453254927,2012,U,FN4HQ74LROOYGX5VAJ2LORXS,2026-06-09T14:59:52
BJ_452_2012,6.38419441451,2.38932668927,2012,U,TK7ZPNWTWTY3XYSELEIBOMX5,2026-06-09T14:59:53
BJ_453_2012,6.38113690277,2.40856463383,2012,U,Y6JMNLEJT62LNNJ45G4A7KU7,2026-06-09T14:59:53
BJ_454_2012,6.38067900829,2.42816962189,2012,U,UDNHW5D3BTGPJYWVMSXL3YKN,2026-06-09T14:59:54
BJ_455_2012,6.3809524215,2.4121637877,2012,U,HR7YCFIMGHYVQ3DSJC6CFPUD,2026-06-09T14:59:54
BJ_456_2012,6.37915336082,2.42700490004,2012,U,3CTUBJWCRLQQXFPJ7HHRMV7K,2026-06-09T14:59:54
BJ_457_2012,6.37588823213,2.40792104427,2012,U,7L5V6IKITIZACIVYE6CCU7DA,2026-06-09T14:59:55
BJ_458_2012,6.37067732116,2.40862272456,2012,U,MT5DC6R6P7CMPUP6OZKIV45Q,2026-06-09T14:59:55
BJ_459_2012,6.38774492845,2.41335431008,2012,U,PZKOH5UFLTMV7JRAFTYY733Z,2026-06-09T14:59:56
BJ_460_2012,6.37665866093,2.41372726617,2012,U,DBNL7OBRBU3TUMDRTOWF2PVF,2026-06-09T14:59:56
BJ_461_2012,6.37870455713,2.4271734851,2012,U,4HNBQ6LSFCCDICBSDW362LI6,2026-06-09T14:59:56
BJ_462_2012,6.38276743325,2.40282997088,2012,U,SF7SNFDXTXM7GLPL7Q5A3ZBE,2026-06-09T14:59:57
BJ_463_2012,6.36578207887,2.40286909458,2012,U,KCI2C4AHPDEXG7PIUAEXJQF5,2026-06-09T14:59:57
BJ_464_2012,6.38252333121,2.39601227388,2012,U,IFZPOKXU2OW27IMGE6LZNNRV,2026-06-09T14:59:58
BJ_465_2012,6.3733562414,2.39950357023,2012,U,KDM6GP64TUCSNVIJVWBC7SV7,2026-06-09T14:59:58
BJ_466_2012,6.39300096519,2.40162035526,2012,U,VB4KO4ZPU4JB4RCNBPGIHAE2,2026-06-09T14:59:58
BJ_467_2012,6.3823984585,2.38271832064,2012,U,YUZIJN7DH752BFB77J4JTG7P,2026-06-09T14:59:59
BJ_468_2012,6.38915723954,2.39488760785,2012,U,UJ26RXVZ3CJXMYQZDUQQCTLC,2026-06-09T14:59:59
BJ_469_2012,6.37954418606,2.41479920642,2012,U,CAY5ETHEYQXPIK6SDV56WUTL,2026-06-09T14:59:59
BJ_470_2012,6.36820676465,2.39553550283,2012,U,XX3GR4SSZGKZH4CJAMXPAMEI,2026-06-09T15:00:00
BJ_471_2012,6.3853133565,2.39153192863,2012,U,FRND5KFIMNYGEAZZVYT2PEEH,2026-06-09T15:00:00
BJ_472_2012,6.37201618581,2.39838261131,2012,U,L5QKOBSZ42JEQTEWVIVDW2WV,2026-06-09T15:00:00
BJ_473_2012,6.36188628215,2.40343472465,2012,U,SSNXNCRMLENUVJBPIQFW4IJ2,2026-06-09T15:00:01
BJ_474_2012,6.34758646082,2.40111028169,2012,U,K6UD2SI5RZIH3K2MBSBKARLU,2026-06-09T15:00:01
BJ_475_2012,6.38245796226,2.40340310037,2012,U,RXJAXVBDURF5MNTFDBWH4RRY,2026-06-09T15:00:01
BJ_476_2012,6.37452410605,2.42105241,2012,U,XJRQC5HXRZA4YWSZFFY2IXZA,2026-06-09T15:00:02
BJ_477_2012,6.36760261751,2.38660042892,2012,U,XX6T7ZSTT6JKK7O6OYZNBFPY,2026-06-09T15:00:02
BJ_478_2012,6.35589627092,2.37682216304,2012,U,45HSV4B2IM7XAPUDBS3U6NAE,2026-06-09T15:00:02
BJ_479_2012,6.36103481801,2.3731993571,2012,U,WVLT3CWKW5P4HE4F3UIHLIZG,2026-06-09T15:00:03
BJ_480_2012,6.36134590019,2.36336110714,2012,U,B3BTRA6FVNI7WNDYEP5RWO74,2026-06-09T15:00:03
BJ_481_2012,6.35370071868,2.36047012746,2012,U,GXSQLVS6CU4ZUNMWUKAOLSYX,2026-06-09T15:00:04
BJ_482_2012,6.35053209299,2.36746331154,2012,U,FZIIGDC3TC5G5AICFTFIB2F4,2026-06-09T15:00:04
BJ_483_2012,6.37257042008,2.37612531759,2012,U,CFQ4CX3G766MJOYJC6WBTS6L,2026-06-09T15:00:05
BJ_484_2012,6.3762839992,2.36365351705,2012,U,FUZ2H6M6TQBL23ZXJFD4DNWE,2026-06-09T15:00:05
BJ_485_2012,6.37413508334,2.37333561425,2012,U,SBEGQ4BMTWMZTPEO5IXCLGWR,2026-06-09T15:00:05
BJ_486_2012,6.37357306969,2.36741579405,2012,U,4EHY334N2ZUOELCCTPCBXHLI,2026-06-09T15:00:06
BJ_487_2012,6.37435420085,2.36919865292,2012,U,IIVZ55HQSNGQAUDTO6BXCXRG,2026-06-09T15:00:06
BJ_488_2012,6.35687697591,2.41728669185,2012,U,53IXYH6L4M3LCC2MANNXKYNH,2026-06-09T15:00:06
BJ_489_2012,6.36130169178,2.40794601189,2012,U,OF3VPFSYH5PAIKH2CYNOX7R4,2026-06-09T15:00:07
BJ_490_2012,6.36419598405,2.39898251927,2012,U,77AG6QVYSB5RLHW7FX6SINQW,2026-06-09T15:00:07
BJ_491_2012,6.57102925973,1.72809432114,2012,U,VOX3KLSFYW4M3EDNDNRQBZYH,2026-06-09T15:00:08
BJ_492_2012,6.60908683824,1.66670017927,2012,U,YIDUJCJACP2UIIDMGQ2M5EDU,2026-06-09T15:00:08
BJ_493_2012,6.66334563104,1.60583905746,2012,R,DV3RANHRZYL6PGSICPUE5GRL,2026-06-09T15:00:09
BJ_494_2012,6.66502161887,1.64374591943,2012,R,C7RAUVS6Q2QBNINQBCRNS4ZF,2026-06-09T15:00:09
BJ_495_2012,6.4854185785,1.75990626637,2012,R,UEVV6NKQG72PJRQXRDRGNC4H,2026-06-09T15:00:10
BJ_496_2012,6.60915766052,1.63267673834,2012,R,YM43DWJHLWC5DULTWWRVWXKR,2026-06-09T15:00:10
BJ_497_2012,6.59362981556,1.75248923611,2012,R,7SYSOFTS6VQJEZNIPRQXQERQ,2026-06-09T15:00:11
BJ_498_2012,6.69697585203,1.97717000013,2012,R,YCAO4Q7NQNMTLJUOXTITAXNQ,2026-06-09T15:00:12
BJ_499_2012,6.76621556246,1.94261841248,2012,R,HLSVKWSL7C5BE6S3NA5RC5IV,2026-06-09T15:00:12
BJ_501_2012,6.64600554225,1.89169321112,2012,R,TN7HXYRPWCUEKTW4U6UP75YC,2026-06-09T15:00:13
BJ_502_2012,6.6729802576,1.90559165359,2012,R,MX3WH55Z5ZVFKHLTUZBDT5B6,2026-06-09T15:00:13
BJ_503_2012,6.63189618347,1.90061615719,2012,R,NGV255VU2PRZAEKZTIUDFK64,2026-06-09T15:00:13
BJ_504_2012,6.77478647365,1.92444954062,2012,R,EQKIQTP7QRJTO2GCMDOQBZBI,2026-06-09T15:00:14
BJ_505_2012,6.68517028109,1.83941108726,2012,R,QL5TZ3JCKHIGM7Y34JHZDJLI,2026-06-09T15:00:14
BJ_506_2012,6.56601659161,1.9277086975,2012,R,4IFOFLE3NYIPEPFK4ZXI3MLY,2026-06-09T15:00:14
BJ_507_2012,6.40198171829,1.90159178359,2012,U,OVNXDO4HOKWWYVL6HLYRGIUT,2026-06-09T15:00:15
BJ_508_2012,6.39783345039,1.87769890533,2012,U,7TWSRXG4M3ZTIAZDPD6HHSTD,2026-06-09T15:00:15
BJ_509_2012,6.41459798334,1.89312508968,2012,U,CUAVRARKN6HQ7UIR4OSD76HO,2026-06-09T15:00:16
BJ_510_2012,6.40969913031,1.86808553532,2012,U,N5EHQVKFTJSCSGVHZOVPY6GM,2026-06-09T15:00:16
BJ_511_2012,6.39107843951,1.90902313609,2012,R,LDOIJIB2WPVVKFVTVEDH5BWV,2026-06-09T15:00:17
BJ_512_2012,6.47414549708,1.92218932664,2012,R,GYMP3HUX4YEXZWGCC26WWDJZ,2026-06-09T15:00:17
BJ_513_2012,6.48527577647,1.94589829355,2012,R,CQZZBPMRKDMEU6OQEM47UF44,2026-06-09T15:00:18
BJ_514_2012,6.43762336103,1.83326591289,2012,R,PUBNSB4VACMZQCZJXRB56PHY,2026-06-09T15:00:18
BJ_515_2012,6.32741873406,1.83673211723,2012,R,PSICOPU34D24P633H7KYGBPE,2026-06-09T15:00:19
BJ_516_2012,6.24291886524,1.65467493645,2012,R,RBTCWJURFDRKO4KLZVUAFC5J,2026-06-09T15:00:19
BJ_517_2012,6.23971601456,1.6492303777,2012,R,WWGY57SPMFXTAWIA7RSRTBS5,2026-06-09T15:00:19
BJ_518_2012,6.3110768559,1.94888969465,2012,R,65M2IHEOI5T7OVH6AB76LX5X,2026-06-09T15:00:20
BJ_519_2012,6.33479590748,1.88426469585,2012,R,MGDQ4GH4ZIZ4XUNLXVALQZXB,2026-06-09T15:00:20
BJ_520_2012,6.43856636448,1.78693420031,2012,R,I46EHBUG2OYTFWMX26DJ54PP,2026-06-09T15:00:20
BJ_521_2012,6.30227407924,1.83078468466,2012,R,ZYI7F6Y4OOQYPO27TCXT6YG7,2026-06-09T15:00:21
BJ_522_2012,6.53766776181,1.9138567803,2012,R,YURO2L7AQYHJ6R2NLYF43MJV,2026-06-09T15:00:21
BJ_523_2012,6.48961815687,1.87609390242,2012,R,NJQDPA5PLHJPFOZHQCWCOIYV,2026-06-09T15:00:21
BJ_524_2012,6.62688889169,1.8279957491,2012,R,KVWX6MCHK7YYXCPX3UV2DIVN,2026-06-09T15:00:22
BJ_525_2012,6.57299224468,1.89763750794,2012,R,KCBW2RTRJNZJYJMASPVIAGEF,2026-06-09T15:00:22
BJ_526_2012,6.57039721908,1.91265121265,2012,R,4NTVNZIRN4ZRKA7BWMU7R6XF,2026-06-09T15:00:23
BJ_527_2012,6.51833094831,1.79936588985,2012,R,A7GTQ3CXX7FYAPSNIHGCKU7Q,2026-06-09T15:00:23
BJ_528_2012,6.47333525298,1.84681629853,2012,R,H2R3IXCCOR5ZAXCFFDIOGQTV,2026-06-09T15:00:23
BJ_529_2012,6.52245486898,1.84331862822,2012,R,AC4FNVCTUCC6ZUO2CQ5RN5DT,2026-06-09T15:00:24
BJ_530_2012,6.53789305331,1.80870580162,2012,R,NN5QUHM4IGNH4LSO2TZI5VDP,2026-06-09T15:00:24
BJ_531_2012,6.6416521962,1.70958758641,2012,U,3NMLBM6VD3QIG3AJP3E7O4BH,2026-06-09T15:00:24
BJ_532_2012,6.62674181236,1.73134125325,2012,U,T5HMFHXAQNDP7MFCA2HZ6RHN,2026-06-09T15:00:25
BJ_533_2012,6.63572872229,1.70074988789,2012,U,JYV44XXLV43TQPFRU6WDMTI5,2026-06-09T15:00:25
BJ_534_2012,6.64611011811,1.730458681,2012,U,HSX2TI24I66BSVVT32UVGQF5,2026-06-09T15:00:26
BJ_535_2012,6.65491807926,1.68072773465,2012,U,6UVBEVVHMZ2NZBTZBKEPDLHV,2026-06-09T15:00:26
BJ_536_2012,6.72223225454,1.76919487058,2012,R,ZNHXEHVCXGXAPRBIF7ZYIUYQ,2026-06-09T15:00:26
BJ_537_2012,6.64506907485,1.7800454155,2012,R,7M3WQRPW4ZTUGIEDOBVCQUG4,2026-06-09T15:00:27
BJ_538_2012,6.68404612488,1.78887872002,2012,R,7C2NP5VAE4AN5JIFEFKS4SWZ,2026-06-09T15:00:27
BJ_539_2012,6.75414137684,1.80767091575,2012,R,ZSQ3G6F3MCW7N56NEC7GSGMA,2026-06-09T15:00:27
BJ_540_2012,6.6918877993,1.64011475656,2012,R,XWPSCONFRK22BOGQDKP3RUX3,2026-06-09T15:00:28
BJ_541_2012,6.51365198594,2.65999198828,2012,U,2DD2RTZOZGACCKH4WIRC2765,2026-06-09T15:00:28
BJ_542_2012,6.52244344786,2.65808239787,2012,U,NTBVHOMFLYDP24OMZNA66XQG,2026-06-09T15:00:28
BJ_543_2012,6.52682394974,2.68398226081,2012,U,CIIJ3E6HF46PH7HO26R5EGB7,2026-06-09T15:00:29
BJ_544_2012,6.45480950774,2.66852060321,2012,R,3WCTCJEJN63DVCL7NR5SC5KH,2026-06-09T15:00:29
BJ_545_2012,6.51351335366,2.68423431147,2012,R,DKPXL3NKJ25YYCXBV3FYQMUJ,2026-06-09T15:00:30
BJ_546_2012,6.49134814861,2.67104193758,2012,R,54RSLMDGPVNQCVKAJ3VPTAX2,2026-06-09T15:00:31
BJ_547_2012,6.48024456878,2.7126671562,2012,R,4PLARCIPPGINC5HYVQMVBUFD,2026-06-09T15:00:31
BJ_548_2012,6.49717641861,2.68652168651,2012,R,44HOAHZPVUOCHAKQRV4F2FPM,2026-06-09T15:00:31
BJ_549_2012,6.77797639694,2.4497230206,2012,R,H3YWSL3MRJNUGL36AFYNHA6A,2026-06-09T15:00:32
BJ_550_2012,6.6396507002,2.47120442681,2012,R,TKV2EFWPTGYZLFMBJCFGY5RP,2026-06-09T15:00:32
BJ_551_2012,6.64072094159,2.48830143597,2012,R,ZXQMCC56GVDBZB2NT3GI4SK3,2026-06-09T15:00:32
BJ_552_2012,6.7039813513,2.4848464215,2012,R,OHLQ3P5LVF6BSSAYYAVZKRIP,2026-06-09T15:00:33
BJ_553_2012,6.64868632947,2.46137177032,2012,R,6OL7BK6ICQ2IJIBZQ3OAYYM3,2026-06-09T15:00:33
BJ_554_2012,6.63477375708,2.49706641658,2012,R,FK2JMU5EXMA5BJ7ODAJ4GHGM,2026-06-09T15:00:33
BJ_555_2012,6.69257633288,2.43430453746,2012,R,WL75OJ74VWSSKK54KHWQFCST,2026-06-09T15:00:34
BJ_556_2012,6.67805631467,2.48884339075,2012,R,B3BP3Z677CETT6NUXPGVJ44D,2026-06-09T15:00:34
BJ_557_2012,6.50275720156,2.53369259968,2012,R,7ECU4CF6YOHXFXM6LJ456QZQ,2026-06-09T15:00:34
BJ_558_2012,6.45558556048,2.52995006351,2012,R,2QGNN446CDRF3ZAJOUYNTNQA,2026-06-09T15:00:35
BJ_559_2012,6.44096184251,2.54556249638,2012,R,NZIKGTEASZCYGNEFUBALXPHZ,2026-06-09T15:00:35
BJ_560_2012,6.44352358687,2.54294032375,2012,R,PFMXKK7PLXI3ATU3GAQGNNY6,2026-06-09T15:00:36
BJ_561_2012,6.56725655486,2.59672231471,2012,U,SSVKPKBGHJHSPAMRHLQTGAYN,2026-06-09T15:00:36
BJ_562_2012,6.55820224415,2.57655494458,2012,U,F6TQHKWEL2EC6BW2YZGYT62W,2026-06-09T15:00:37
BJ_563_2012,6.54897655148,2.59353412048,2012,U,YKE4ZT2UPPLYQ2L3YMR2LCCD,2026-06-09T15:00:38
BJ_564_2012,6.58410596457,2.57706931489,2012,R,YOQR4VU557E5WIVWOEOWJCSA,2026-06-09T15:00:38
BJ_565_2012,6.63933356089,2.59703072734,2012,R,ADJ6NAPFXNY2QCYQNWDLJMHW,2026-06-09T15:00:38
BJ_566_2012,6.60867475405,2.59608763399,2012,R,KRLRTMQYN5PLWSCXMAW3L6BZ,2026-06-09T15:00:39
BJ_567_2012,6.52511626757,2.60726636518,2012,R,WRJ6W36U677QS6VS7RUDAIVQ,2026-06-09T15:00:39
BJ_568_2012,6.51836422478,2.57814331596,2012,R,CL36QENYGX6N6HA63IDKVH4X,2026-06-09T15:00:40
BJ_570_2012,6.55727301483,2.65785072204,2012,U,AZBEFLQ2Q756Z32G7EG6CSV2,2026-06-09T15:00:40
BJ_571_2012,6.549035309,2.66906872079,2012,U,GYQKRY4BFXB3MCDAKDZZZ6XF,2026-06-09T15:00:40
BJ_572_2012,6.55881386186,2.67429205217,2012,R,WY6KHRXPASI7ODY6O35UL566,2026-06-09T15:00:41
BJ_573_2012,6.51980483707,2.62587464589,2012,R,CVFM6BGBIZEHYUJQ27WF2ZVC,2026-06-09T15:00:41
BJ_574_2012,6.56675220917,2.61884936506,2012,R,WFPKJZYSQOMO45GVOQMCISJ5,2026-06-09T15:00:41
BJ_575_2012,6.54912453572,2.67581390405,2012,R,NHWT7ABJGLWPTAWKXE5JJ3DL,2026-06-09T15:00:42
BJ_576_2012,6.57021909144,2.6158904387,2012,R,H3GDXZX3LUY7PG46HQ3YO3ZE,2026-06-09T15:00:42
BJ_577_2012,6.54321191924,2.6802472756,2012,R,7WRX465PGU3QGIGSJ7M2NNZ4,2026-06-09T15:00:43
BJ_578_2012,6.52222310451,2.69707435374,2012,R,XRMZMBAHC2ANXGVAW543DZUG,2026-06-09T15:00:43
BJ_579_2012,6.79998898515,2.46898423856,2012,R,BQBKLRDTTTLYRGADDEYXHB3T,2026-06-09T15:00:43
BJ_580_2012,6.83883980178,2.50890549503,2012,R,26Z2K6ECDRYAAKZ6W6QRJXLM,2026-06-09T15:00:44
BJ_581_2012,6.85295855317,2.50778692092,2012,R,HUSZ7KHO2WLQN6FRTKW7FOQ4,2026-06-09T15:00:44
BJ_582_2012,6.94088002291,2.43675924988,2012,R,YLQP2VVXH4R5ZJQZKFBVWZOZ,2026-06-09T15:00:45
BJ_583_2012,6.86446425783,2.51172700378,2012,R,VBYZ7ZUPYHCFIEEIQSSWJAZP,2026-06-09T15:00:45
BJ_584_2012,6.85951387497,2.48381291911,2012,R,RPCPGBKFFGCUZJSY2CYQAJPQ,2026-06-09T15:00:46
BJ_585_2012,6.55719702678,2.45792203511,2012,R,BO34YTD6MM7CPCFBNWJK26H2,2026-06-09T15:00:46
BJ_586_2012,6.60121303357,2.43786816468,2012,R,WI3OYD7NH2ZVQ5HZFFPETRTT,2026-06-09T15:00:46
BJ_587_2012,6.6187639631,2.46765800105,2012,R,F5ZY4GDU7QNU46GZVCT2P7SA,2026-06-09T15:00:47
BJ_588_2012,6.60296727861,2.50377190237,2012,R,3OGKUFUM7R2QORMKDEYYPBZU,2026-06-09T15:00:47
BJ_589_2012,6.56374421812,2.55783770709,2012,R,LDRG3DGCOHBRCBL23KCRS356,2026-06-09T15:00:47
BJ_590_2012,6.5438850838,2.54145170009,2012,R,XIXYPYDGWTVCV5GGUL7EYERZ,2026-06-09T15:00:48
BJ_591_2012,6.59292131165,2.53053530132,2012,R,LY4WGCQBYCSDYDQWGDR3EQRH,2026-06-09T15:00:48
BJ_592_2012,6.60665248814,2.52920178572,2012,R,6YGHGLRORUFNWJIFCTDCFIIU,2026-06-09T15:00:49
BJ_593_2012,6.58876781036,2.53229498211,2012,R,E4HKXKVAWMEC7HQADVNQW7BR,2026-06-09T15:00:49
BJ_594_2012,6.48933553852,2.62222815171,2012,U,QLQOBK7LKA2KHSYI3S3RHYH3,2026-06-09T15:00:49
BJ_595_2012,6.47765560778,2.623234847,2012,U,DOAQWSRAIUTSSOOUEGV5WU64,2026-06-09T15:00:50
BJ_596_2012,6.46638417246,2.63611684112,2012,U,AFNPYPR5TJYLKLATIZBAPTYH,2026-06-09T15:00:50
BJ_597_2012,6.47112373022,2.63712058552,2012,U,NXEE724BK2GR5BS37ZCMYSXW,2026-06-09T15:00:50
BJ_598_2012,6.47417239945,2.64740204751,2012,U,GVTHHJ2HH3DZ4OBUCPXKAHAX,2026-06-09T15:00:51
BJ_599_2012,6.50062115254,2.63971605321,2012,U,QWE7TWGB6H773L2UVODWLEPS,2026-06-09T15:00:51
BJ_600_2012,6.46085248692,2.65898545549,2012,U,RSHMMN2SK46TE4DN67KZKHUZ,2026-06-09T15:00:52
BJ_601_2012,6.48665255297,2.61760837357,2012,U,5COKJYID2MIHB6RE7E2TF6AI,2026-06-09T15:00:52
BJ_602_2012,6.47574559411,2.62892110749,2012,U,KD5M4SUSYAMPKBXTKZPZCNR6,2026-06-09T15:00:53
BJ_603_2012,6.50493941411,2.63101397144,2012,U,BZJVJ6O2SLCUF5VRUHPLIBVZ,2026-06-09T15:00:53
BJ_604_2012,6.48694592182,2.64053111597,2012,U,ZOOU6YA6SKAWHRCFJOPOGCJO,2026-06-09T15:00:54
BJ_605_2012,6.49788320996,2.63306445751,2012,U,6I74P3VMIKC6QBY2EUUMGMJF,2026-06-09T15:00:54
BJ_606_2012,6.50856709993,2.62188791145,2012,U,JJQRXAQ4GU73CRHHH3NGKGUV,2026-06-09T15:00:55
BJ_607_2012,6.49186333295,2.61528792764,2012,U,KNFTQHPJJ3QGWMD6KBH3GKLH,2026-06-09T15:00:55
BJ_608_2012,6.4976672697,2.61920383752,2012,U,ZPPWGFFTEQNBTVWDDFRPFTXS,2026-06-09T15:00:55
BJ_609_2012,6.51217400652,2.60770670773,2012,U,N6754BPHRNEUW43QJA7HNRQY,2026-06-09T15:00:56
BJ_610_2012,6.49480033161,2.59292769185,2012,U,L6MRUZZPPF7IHICVBE3YUQPE,2026-06-09T15:00:56
BJ_611_2012,6.48556227319,2.58506038452,2012,U,YDXFXW5Q42E5AWIUZQT2OEPG,2026-06-09T15:00:57
BJ_612_2012,6.36971847681,2.52370797172,2012,U,7Y7QYJKMSF2DMJBARMZBVQAY,2026-06-09T15:00:57
BJ_613_2012,6.39665565224,2.530197463,2012,U,YW76N3Z5WVLS4OAWOUUPBFSW,2026-06-09T15:00:57
BJ_614_2012,6.37608056485,2.52586056367,2012,U,NNKISSERAOEPHF7LLZEPSQBV,2026-06-09T15:00:58
BJ_615_2012,6.3819853594,2.57667054291,2012,U,3X5DYPJOWZR6IAOIBKAABWPG,2026-06-09T15:00:58
BJ_616_2012,6.3778948374,2.58610759432,2012,U,HEEPJI3YPHR7Z5RD2SDVKLI2,2026-06-09T15:00:58
BJ_617_2012,6.37430548574,2.62038133418,2012,U,J6KI7XH3AFFGZQKEUTSSEGJE,2026-06-09T15:00:59
BJ_618_2012,6.40136414695,2.49862003279,2012,R,3SEXUJCLI44JLPQP52A5ILIN,2026-06-09T15:00:59
BJ_619_2012,6.38071410588,2.48153926294,2012,R,GEC7J6D73VO24FUJX6FANPVX,2026-06-09T15:01:00
BJ_620_2012,6.38484781725,2.47848245902,2012,R,MXPVBZFFV3FOMI3VRACPGYBN,2026-06-09T15:01:00
BJ_621_2012,6.42447816951,2.54894344532,2012,R,IHDJEHY5JQZOFMSW5QGT7LG3,2026-06-09T15:01:00
BJ_622_2012,6.45676686736,2.6098078304,2012,R,TW44NKKNIYG7FH4HHBLTWQ2Q,2026-06-09T15:01:01
BJ_623_2012,6.4279974971,2.61167508824,2012,R,CVUWALL7WF4ZR6QDRO236ZHZ,2026-06-09T15:01:01
BJ_624_2012,6.39983976425,2.70429343775,2012,R,WWNVX34KXMXUFUXFPRQPDU3C,2026-06-09T15:01:02
BJ_625_2012,6.99557124359,2.61177377473,2012,U,CQZWQ6Y3QFTFIW6A3ZDHEQKP,2026-06-09T15:01:02
BJ_626_2012,7.08671443032,2.57754845178,2012,U,G35OQS72GPYZFVZNDLWCNAZJ,2026-06-09T15:01:02
BJ_627_2012,6.9749496508,2.64203641094,2012,U,UNZYDT5HLBJJJFO6GJ4BTC6B,2026-06-09T15:01:03
BJ_628_2012,6.92047461974,2.59419589157,2012,R,JMSMVVGNQ5ZJ4FSZP2ZXEEFQ,2026-06-09T15:01:04
BJ_629_2012,6.90026694633,2.68991920995,2012,R,3KEQW6ZN3T7GQPBP2DDABATG,2026-06-09T15:01:04
BJ_630_2012,7.17102062845,2.54586980281,2012,R,WYAV2O565A7VCU6PHXQU6FAE,2026-06-09T15:01:04
BJ_631_2012,7.14962671344,2.54658429519,2012,R,HGXCTJRHLRAFJLUFVN7ZYZZK,2026-06-09T15:01:05
BJ_632_2012,6.91382428772,2.66526051853,2012,R,D3UALK3YFY2CB5LZUAPX37CW,2026-06-09T15:01:05
BJ_633_2012,6.90510553328,2.56399919997,2012,R,EOWBHJXH5F6W2PC355JSBS7Z,2026-06-09T15:01:06
BJ_634_2012,6.63949883052,2.72132500428,2012,U,XHPL6STG47IQ5ADOAMLIIHH4,2026-06-09T15:01:06
BJ_635_2012,6.66714379465,2.73108971847,2012,U,XCX6QK4C7HRBUW7FB6NZROCU,2026-06-09T15:01:07
BJ_636_2012,6.73504029723,2.74668030698,2012,U,WOEP3HNXE7AV5Y6AWYS6VNVB,2026-06-09T15:01:07
BJ_637_2012,6.64815620032,2.7145323807,2012,R,SROMY5X6PUBJJPN5DMMGLO62,2026-06-09T15:01:07
BJ_638_2012,6.60416278392,2.68707719117,2012,R,OIBFYQHFH2UPCT2DR2GHMMUB,2026-06-09T15:01:07
BJ_639_2012,6.56301635869,2.75075859706,2012,R,S7WFJM3ZNXXDJIYJCCKEKAEZ,2026-06-09T15:01:08
BJ_640_2012,6.63511827418,2.67374229872,2012,R,JUBJJ3OQMD5HCYEJWHBM4P4M,2026-06-09T15:01:08
BJ_641_2012,6.70668024004,2.68738457774,2012,R,BSWULVJOEJGPCMAXAHF7LYOQ,2026-06-09T15:01:09
BJ_642_2012,7.3694192274,2.61279264942,2012,U,AD6E5QJFVWKOA5ODTS44KSTF,2026-06-09T15:01:09
BJ_643_2012,7.36063176826,2.58789297111,2012,U,5NAI2OZZEFTVGLPTVRAOLI2D,2026-06-09T15:01:10
BJ_644_2012,7.36472083622,2.61282776943,2012,U,VD5JKMGE4GCVJK22TR223ENU,2026-06-09T15:01:10
BJ_645_2012,7.35965055986,2.60252361812,2012,U,NRIQVJO2K2YGC6DXCDJTJEM7,2026-06-09T15:01:11
BJ_646_2012,7.47618963681,2.57594003803,2012,R,MUVW7OM2I6CKHANRZV236RY4,2026-06-09T15:01:11
BJ_647_2012,7.63390430306,2.64847966194,2012,R,2DSFFJ2RFFBTH27E4SMLIM4O,2026-06-09T15:01:11
BJ_648_2012,7.51463327785,2.71306618711,2012,R,3435EK4YMEECTPL5HOMMHKMX,2026-06-09T15:01:13
BJ_649_2012,7.44435769088,2.76475533587,2012,R,LMDQ6DUMEBEBADWV25SD7Q2Z,2026-06-09T15:01:13
BJ_650_2012,7.31908646986,2.62136619894,2012,R,YNDOVGDXVJIQC4WFVRZFGBRV,2026-06-09T15:01:14
BJ_651_2012,7.23846859505,2.7137379785,2012,R,QYZ5LWKRB2PW4AUZ6OTZKO3V,2026-06-09T15:01:14
BJ_652_2012,7.39405530786,2.64909932585,2012,R,H32QYB2TBBDZ5EOHTDZYQBXO,2026-06-09T15:01:14
BJ_653_2012,6.98812089853,2.67404882326,2012,U,VCUSBXZ7MSEPE3KPMWMOUGLI,2026-06-09T15:01:15
BJ_654_2012,6.98995161713,2.68350724332,2012,U,5HXR6FDSQFKYBSTYI7CVELUX,2026-06-09T15:01:15
BJ_655_2012,6.9753363522,2.65744987376,2012,U,BBKRAAMCXYKWZMLJ4LUZDGUJ,2026-06-09T15:01:16
BJ_656_2012,6.97168147244,2.64964453195,2012,U,IC7BGKV2VUXIDHMQFIKNRB2F,2026-06-09T15:01:16
BJ_657_2012,7.04637618539,2.66045159803,2012,R,IRKLNKU74MS3NPX3BT6OV5JH,2026-06-09T15:01:17
BJ_658_2012,7.09047251023,2.7134174923,2012,R,WFUM6F4ZSZCIU7AXZHHGVFE5,2026-06-09T15:01:17
BJ_659_2012,7.18652348261,2.61860915374,2012,R,IM4TFXE6DQZTH2B4AQMVTHUB,2026-06-09T15:01:17
BJ_660_2012,7.08949513331,2.65715551004,2012,R,KRHDJJI22K5NZDN6R4B4F2R6,2026-06-09T15:01:18
BJ_661_2012,7.169421513,2.71053426431,2012,R,VEPYEY5S4XOBPQ672JLYRIN7,2026-06-09T15:01:18
BJ_662_2012,6.73674441847,2.65267820458,2012,U,C7WPHKYIAFA3HDUAGV5MTH7X,2026-06-09T15:01:18
BJ_663_2012,6.73497439526,2.6542302521,2012,U,YW4LCZUMO2QHDVIJMV4WQ3ZQ,2026-06-09T15:01:19
BJ_664_2012,6.73369728919,2.62920446149,2012,U,B644XANEYZIQY5OO7LWDNX2L,2026-06-09T15:01:19
BJ_665_2012,6.7978900399,2.6370499013,2012,R,N34NXQY3S5OGC6ZCVJWU4DKC,2026-06-09T15:01:19
BJ_666_2012,6.84936192554,2.63866244244,2012,R,WI3VMV3ADEAETFOR7UOQBRE6,2026-06-09T15:01:20
BJ_667_2012,6.86770557095,2.58805506266,2012,R,THDOK5QO57DVESI4RZGR7DQG,2026-06-09T15:01:20
BJ_668_2012,6.68045348465,2.68060233437,2012,R,35RZQW2VU764V7W4T2PPLGMM,2026-06-09T15:01:21
BJ_669_2012,6.74837357205,2.6016477759,2012,R,3PWHBYADD2OOYJA6TSG2I5OI,2026-06-09T15:01:21
BJ_670_2012,7.17398678615,1.99764546631,2012,U,LBS6QA4BAPW7WH46VDPQ63VV,2026-06-09T15:01:21
BJ_671_2012,7.17719202206,2.0116843769,2012,U,XMYKPW24BYPEGXRU7WYA27IR,2026-06-09T15:01:22
BJ_672_2012,7.15861488267,1.95886500593,2012,U,MEWGLABDTLXNSHGH6QQJYHAV,2026-06-09T15:01:22
BJ_673_2012,7.16938114043,1.97619910439,2012,U,RX32M3J3TWRISZHZXDEBMVLZ,2026-06-09T15:01:23
BJ_674_2012,7.18245571711,2.01049652535,2012,U,RQBAYO7L4GNSPBVNS3OL56LH,2026-06-09T15:01:23
BJ_675_2012,7.18411002151,1.98708089064,2012,U,WBAUMTXM7M52Z5MCNR3OW277,2026-06-09T15:01:24
BJ_676_2012,7.20821179645,1.98834000584,2012,U,BSXCZ3L63BESWWC523C4MFLR,2026-06-09T15:01:24
BJ_677_2012,7.22955045647,1.94687995764,2012,R,AGC57WGGKXOLPRJRNJZHIJAW,2026-06-09T15:01:24
BJ_678_2012,7.1885352301,2.0320174728,2012,R,2B3AUTZCOSLEV3TBQJQHPJJM,2026-06-09T15:01:25
BJ_679_2012,7.15932127649,2.00521731364,2012,R,YPPEVIA6BDPHJCAYH4S4BWYL,2026-06-09T15:01:25
BJ_680_2012,7.17324275049,2.0161469452,2012,R,RDMZ2PII7NTXUOOLB6FETULF,2026-06-09T15:01:26
BJ_681_2012,7.08646534015,2.03146875557,2012,R,GOBPXVUZV6JFGK53GHBJYRTK,2026-06-09T15:01:26
BJ_682_2012,7.12285087247,2.04597121869,2012,R,BSMBLWSPFZ72YAJPDXZBIU2I,2026-06-09T15:01:27
BJ_683_2012,7.10074631562,2.00416752268,2012,R,5KNSVRFSEVMBM7UVSWPOFCU6,2026-06-09T15:01:27
BJ_684_2012,7.05422595018,1.95055356232,2012,R,W43CM6RTPVJ3MZ2CYCVGK3NV,2026-06-09T15:01:28
BJ_685_2012,7.02798690228,1.99782600742,2012,R,HJIV5RL64EYBOTLHFLW6SY7R,2026-06-09T15:01:28
BJ_686_2012,7.12754778575,1.94228896358,2012,R,GFHGW66D4NDDKT7D3KIWTUTD,2026-06-09T15:01:28
BJ_687_2012,7.14113665147,1.95279007249,2012,R,BKGXTO7M7WL67FNUKU6ANOBE,2026-06-09T15:01:29
BJ_688_2012,7.06536742872,2.01610192399,2012,R,6DRVRZL4NEQDFRVTOD6GVLAN,2026-06-09T15:01:29
BJ_689_2012,7.18339367526,2.07740562545,2012,U,KTI5NOM4AO6MGNFWXEW2ZHMD,2026-06-09T15:01:30
BJ_690_2012,7.209772251,2.06616175322,2012,U,5NMLKDOLUNX4QAHUTRI2HSLG,2026-06-09T15:01:30
BJ_691_2012,7.15427977943,2.06935129716,2012,U,YN3WXOTW3PAWZW7WF5ZJXDZ7,2026-06-09T15:01:30
BJ_692_2012,7.20229658088,2.05707910532,2012,U,VPI3MHLW3PZWCPDR3PNJVDC7,2026-06-09T15:01:31
BJ_693_2012,7.18721999043,2.07044459732,2012,U,OV3LQ4Q45LD42IA3T4GQGSDY,2026-06-09T15:01:32
BJ_694_2012,7.20427561142,2.04919552857,2012,U,I3U3WYV2GSV6QB3GRSMJ62XU,2026-06-09T15:01:32
BJ_695_2012,7.16460731179,2.07217051089,2012,U,6PJX3SNMOMRT5TBNBU2N4IDN,2026-06-09T15:01:32
BJ_696_2012,7.18740606558,2.07350392353,2012,R,KAAPRDC7SCZEWKWPNDQXOSBQ,2026-06-09T15:01:33
BJ_697_2012,7.20761534301,2.06046301007,2012,R,RBVTKB7KP6IIPJSO4DTMDRMU,2026-06-09T15:01:33
BJ_698_2012,7.20288486267,2.04979327888,2012,R,EJZXXKBKDLGMDQNFFO64WDV2,2026-06-09T15:01:34
BJ_699_2012,7.15659352295,2.04451134748,2012,R,NWPTG446UT33I3RFAHE7AZ24,2026-06-09T15:01:34
BJ_700_2012,7.25628129006,2.07207173622,2012,R,RKQDTXAYLPMHNL3RRFQZMGS7,2026-06-09T15:01:34
BJ_701_2012,7.14781551847,2.07099979282,2012,R,ITPE6KUT7ZBHBK756GOWTAXQ,2026-06-09T15:01:35
BJ_702_2012,7.1876815355,2.12875021724,2012,R,R2UU276SRZAG73U3VOWE6WND,2026-06-09T15:01:35
BJ_703_2012,7.23386809421,2.32394608304,2012,R,N6X2XB42UX36FRVZY7MZVHVS,2026-06-09T15:01:35
BJ_704_2012,7.19574682763,2.34596452202,2012,R,X7NQAIN43EQPBL7EU62LB4QJ,2026-06-09T15:01:36
BJ_705_2012,7.17625010994,2.34124122249,2012,R,REPYERR77GVGBEDHHGB5LWFY,2026-06-09T15:01:36
BJ_706_2012,7.22337240223,2.32034348852,2012,R,GEB5XHVOPYEQGWOTDWFNWDRS,2026-06-09T15:01:38
BJ_707_2012,7.18786810302,2.33173128772,2012,R,ADWI5QVIPMSO2ZXCIBFRYF2O,2026-06-09T15:01:39
BJ_708_2012,7.23886729569,2.33193362425,2012,R,LE7HIKJCUSYYWZOCMWGIBVCK,2026-06-09T15:01:39
BJ_709_2012,7.26370133278,1.89787195487,2012,U,3VLV7HEJZIEXPZ3FLMD4PVVO,2026-06-09T15:01:40
BJ_710_2012,7.39728783221,1.89458440756,2012,U,QQVOHNTDTOCFTF3TM2YCGPNR,2026-06-09T15:01:40
BJ_711_2012,7.32781965683,1.83581666005,2012,U,F2HRIX6RZP4YBZQJJJKFJHQI,2026-06-09T15:01:41
BJ_712_2012,7.24898036302,2.03674750212,2012,R,JZQKKREPRK5LV3CADVIIYYK7,2026-06-09T15:01:41
BJ_713_2012,7.57000226337,1.73986959424,2012,R,DZC7LACFWA45FUJYYHVU2LI3,2026-06-09T15:01:41
BJ_714_2012,7.38433355467,2.10305169783,2012,R,GIIRFM6FN4GS2IOO76ISQ4B2,2026-06-09T15:01:42
BJ_715_2012,7.25664849535,2.02311734339,2012,R,YYCDU56UHE62EYQ6P5BQUZEN,2026-06-09T15:01:42
BJ_716_2012,7.49364561013,1.78723231702,2012,R,MYMJTSJJIYOJFLLO4QHO5PON,2026-06-09T15:01:43
BJ_717_2012,7.65225657562,1.64777375936,2012,R,ITNQ6TG5UJWSWBFY4NG4WKPT,2026-06-09T15:01:43
BJ_718_2012,7.50085863953,2.07760703084,2012,R,CFZBTVCCCVBMOAMHLOKBRBTE,2026-06-09T15:01:43
BJ_719_2012,7.29421323739,2.02635018974,2012,R,NSS2VT35ULN3GUVB4VQBVAFZ,2026-06-09T15:01:44
BJ_720_2012,7.09319080354,2.50375993793,2012,U,YKV53WRFZRGXKDKHQ7JM7YJF,2026-06-09T15:01:44
BJ_721_2012,7.07904490572,2.51890135579,2012,U,66IQCJOITRGP4H2AD6CCTVIF,2026-06-09T15:01:44
BJ_722_2012,7.02774109794,2.47855223535,2012,R,6VL4RWTVHJXVTYE3DI4NQYQU,2026-06-09T15:01:44
BJ_723_2012,7.17378348025,2.492777643,2012,R,2PSZQXTCQPKLJDARET6VUKBB,2026-06-09T15:01:45
BJ_724_2012,7.17632145714,2.45839367143,2012,R,KRFMNE67L7HQ5RNGYJIQGU3M,2026-06-09T15:01:45
BJ_725_2012,6.96036284153,2.44057026374,2012,R,HUGOQAECMR6JSGBG3NN24CUU,2026-06-09T15:01:46
BJ_726_2012,7.24843400607,2.39627553513,2012,R,6WCTDZBRONR53ZNFRAIFHCW7,2026-06-09T15:01:46
BJ_727_2012,7.31618575851,2.34051058073,2012,R,XUP2GIPPKCGVWFBBFMFABBKZ,2026-06-09T15:01:47
BJ_728_2012,7.26738537939,2.36579617794,2012,R,3JZBSTI7PJ6TKNIH7ASU6VLP,2026-06-09T15:01:47
BJ_729_2012,7.07267580371,2.35198440346,2012,R,7IIJCVC5MTZXVGZFUBLFSRAY,2026-06-09T15:01:48
BJ_730_2012,7.16954786722,2.39053648468,2012,R,MMGZGJM5ZRIZ3EE3QRTGMUX5,2026-06-09T15:01:48
BJ_731_2012,7.26228233962,2.19094893016,2012,U,ARMJZNJQMFSB7EVFBJU7J6ZU,2026-06-09T15:01:49
BJ_732_2012,7.2355738944,2.22479275088,2012,U,VMV7X5K7LN6UGIQERM4LC3KL,2026-06-09T15:01:49
BJ_733_2012,7.207999534,2.21630504571,2012,U,WTAH46VXZXUJ572IPKON6IAH,2026-06-09T15:01:50
BJ_734_2012,7.17502517513,2.25966786559,2012,R,HYWFCGIN66ZVUMEPNRQSNA3T,2026-06-09T15:01:50
BJ_735_2012,7.22102519225,2.15544017209,2012,R,UXZPWV6KYVQNQXNRZH64M3MW,2026-06-09T15:01:50
BJ_736_2012,7.22505359266,2.1870872626,2012,R,XCEEIHG26LO7EPTJOVBXSEFZ,2026-06-09T15:01:51
BJ_737_2012,7.27130171106,2.14390943986,2012,R,NPOHTP5DL6J4VHXD3NQ6OGQG,2026-06-09T15:01:51
BJ_738_2012,7.20217632185,2.10368340464,2012,R,LS27M7O44LVLAO6RJZGZOD2K,2026-06-09T15:01:56
BJ_739_2012,7.22952534318,2.11228410489,2012,R,XHMXBC6SRVMYHXDTRPDMMAUV,2026-06-09T15:01:57
BJ_740_2012,7.23986534752,2.1944713794,2012,R,4MUQTMP6QAB4L2KDRXIYWBLZ,2026-06-09T15:01:57
BJ_741_2012,7.22118215274,2.12185878459,2012,R,OAXZMHUSQ5E23HID3ZMSBIEE,2026-06-09T15:01:57
BJ_742_2012,6.93638804579,2.00349153311,2012,R,3JGQQFFJVUX5OBKDSK67HEKN,2026-06-09T15:01:58
BJ_743_2012,7.12395886044,2.11082432421,2012,R,CYFSTQQAQ2T2KXH4S4EBVOY2,2026-06-09T15:01:58
BJ_744_2012,7.11789049207,2.07947111148,2012,R,C3CY7DPRKEAIY4DH7SSSHR5N,2026-06-09T15:01:58
BJ_745_2012,7.09767050482,2.30528015188,2012,R,GOCVZAX6ONROOFJQ677WOFPN,2026-06-09T15:01:59
BJ_746_2012,6.98496998769,2.38542200865,2012,R,BEI22ATOEC6NM2WMOL6GYGZZ,2026-06-09T15:01:59
BJ_747_2012,7.02322060624,2.2189969977,2012,R,H7XYMGXBOJIV7LSIZVPP25HE,2026-06-09T15:02:00
BJ_748_2012,7.04691984444,2.14357257896,2012,R,IWHPNAN7BRM6QM53TJKDSSKD,2026-06-09T15:02:00
BJ_749_2012,7.0619219523,2.17634197357,2012,R,BXZHJZMQRSLKLIRYFJVU6XVM,2026-06-09T15:02:00
BJ_750_2012,7.07646832866,2.12578590089,2012,R,N3SHFIMYIT4E6YFRQKVCRJER,2026-06-09T15:02:01
CI_1_2021,5.41543005465,-4.04165555454,2021,U,ZFYDOSV67HDZQQZTT3OHMXY2,2026-06-09T15:02:01
CI_2_2021,5.41611076816,-4.012233677,2021,U,SZWWXKM7VQQZ3WFJYACTXCES,2026-06-09T15:02:01
CI_3_2021,5.42536511326,-4.01923428195,2021,U,RH7S2ARKP62PGR7QN5TFJPGU,2026-06-09T15:02:02
CI_4_2021,5.44521013234,-4.01184976946,2021,U,NYZ4C3ZOO2EEQWW3JFIMICEO,2026-06-09T15:02:02
CI_5_2021,5.4174401791,-4.02392847824,2021,U,LDRKLWWYDT66HTCXMODSXPDU,2026-06-09T15:02:03
CI_6_2021,5.44414539754,-4.02508489054,2021,U,KIUAKSI46S3XIBU4EKPBH2HO,2026-06-09T15:02:04
CI_7_2021,5.45653339801,-4.01858110675,2021,U,5TXJFEA3WID6PGVDIRCTMBNC,2026-06-09T15:02:04
CI_8_2021,5.43333981162,-4.04099735034,2021,U,FPL25A7IDR7ITMJJO2CDMXMX,2026-06-09T15:02:04
CI_9_2021,5.41686064495,-4.04860441882,2021,U,LPJTS2HOVHSDS6AZQNVJ73ZQ,2026-06-09T15:02:05
CI_10_2021,5.34558957165,-4.00751355406,2021,U,RMTQ4L7AXHEXKL2XHSAQ5NDL,2026-06-09T15:02:05
CI_11_2021,5.34151050022,-4.03066424462,2021,U,GF5JUZ5ESZVTEZO2B7SVTFRN,2026-06-09T15:02:06
CI_12_2021,5.38342596665,-4.03584900612,2021,U,ADBKVELKRXFJ5FZMLDOVXNAN,2026-06-09T15:02:06
CI_13_2021,5.33981468122,-4.04440933177,2021,U,ONYTNKKVJJ2ILNUS4EGB7LTJ,2026-06-09T15:02:07
CI_14_2021,5.33856253992,-4.02500945044,2021,U,SATUUV7XZ4ON3IRVI5XE7263,2026-06-09T15:02:07
CI_15_2021,5.35678208073,-3.96705526224,2021,U,ZJ3Y4YDLRBUV6WN7LQA2GRAZ,2026-06-09T15:02:08
CI_16_2021,5.37331944696,-3.98783644622,2021,U,EPAMKXBDZWV65DIFLL6I7OAF,2026-06-09T15:02:08
CI_17_2021,5.37834116677,-3.99407957917,2021,U,B5PPO3LVNCN5ZK4FKLHE3CMY,2026-06-09T15:02:08
CI_18_2021,5.35965866756,-3.93476966547,2021,U,CQSFLXDI24QX57OTSTI2VXSI,2026-06-09T15:02:09
CI_19_2021,5.41324507477,-3.96377609839,2021,U,WQ34UAWCFDJGYYYHSFCOKGHA,2026-06-09T15:02:09
CI_20_2021,5.40228371328,-3.99206197488,2021,U,QX5BCPDSAMW5ZA5EKYUUDOK7,2026-06-09T15:02:09
CI_21_2021,5.29447252968,-3.96151821314,2021,U,5NHVTZAVEUHAGVY7QVZNFSK4,2026-06-09T15:02:10
CI_22_2021,5.28708041031,-3.95943078315,2021,U,ENGNL2QTY66GY3SXGMAXVTZP,2026-06-09T15:02:10
CI_23_2021,5.30846317782,-3.93334003131,2021,U,T4COUOJ5WU6LROUUA6JR237S,2026-06-09T15:02:11
CI_24_2021,5.29447630437,-3.9793995819,2021,U,VHVZDUQCOOL4RNSYZW6GIC6O,2026-06-09T15:02:11
CI_25_2021,5.24973978571,-4.02930141699,2021,U,GS6E5NMVWQBFJROZJONUVNMQ,2026-06-09T15:02:11
CI_26_2021,5.24871488102,-3.94803603751,2021,U,EQKKOXZWYM6ABT5TS3EWT2OH,2026-06-09T15:02:12
CI_27_2021,5.25398485394,-3.89689826266,2021,U,G6UPFZP2STYXX5BSZSBOF6QU,2026-06-09T15:02:12
CI_28_2021,5.29276619386,-3.87536192159,2021,U,XO6MIFMFXTC44SWOEXH2P7CX,2026-06-09T15:02:13
CI_29_2021,5.27145411207,-3.9348511426,2021,U,EZ5UGDMOMSFXQSFKXTEVTTJA,2026-06-09T15:02:13
CI_30_2021,5.33940476313,-4.07410631394,2021,U,DKDHQQXTWAASS2Q4YYPEFO3P,2026-06-09T15:02:13
CI_31_2021,5.36065589674,-4.06595525924,2021,U,MWC4UMXTJGURSDUKZTQ6QPBU,2026-06-09T15:02:14
CI_32_2021,5.33645338949,-4.08920759209,2021,U,RTBMMOPEMKQBUXXJERTSL5CE,2026-06-09T15:02:14
CI_33_2021,5.34110493752,-4.09854700689,2021,U,SS2LHDPWSYA3FPQ4YSNVKNKK,2026-06-09T15:02:14
CI_34_2021,5.33041541967,-4.10997285959,2021,U,JWCA7S5SD5RDC2TBB4TSE6OZ,2026-06-09T15:02:15
CI_35_2021,5.34106312715,-4.09891613217,2021,U,N5EJ6UFKDRM3BWJJYCAFY5CH,2026-06-09T15:02:15
CI_36_2021,5.32986537206,-4.07909702986,2021,U,ARNLUIDAWAMMOSW4XXT26LXV,2026-06-09T15:02:16
CI_37_2021,5.32403679771,-4.06314777203,2021,U,O6X23XYFN6UFHSVXVQ6X35IO,2026-06-09T15:02:16
CI_38_2021,5.31593062521,-4.0557987707,2021,U,IPEQ3OKCNSXUOXOVCM6Y7D7D,2026-06-09T15:02:16
CI_39_2021,5.35761560246,-4.06750498497,2021,U,R6YP4OLPKENDBDCARVHAFIDS,2026-06-09T15:02:17
CI_40_2021,5.38857821986,-4.09685522918,2021,U,CMGD7W4OY3ZLUMFE6JTMS4YJ,2026-06-09T15:02:17
CI_41_2021,5.34641553264,-4.10232397893,2021,U,X5VXFQ7JG6T4C5S7OH3LJFUF,2026-06-09T15:02:18
CI_42_2021,5.51316749475,-4.04078899188,2021,U,OEYVTIGNASUQGYJVJ2C7STGT,2026-06-09T15:02:18
CI_43_2021,5.46471656788,-4.05559663135,2021,U,NDABCSU3JOYHV4FPU53UWMZK,2026-06-09T15:02:18
CI_44_2021,5.48811977729,-4.03629671942,2021,U,YCJG2M237UCQ4C2DKK5BIUMB,2026-06-09T15:02:19
CI_45_2021,5.3819005377,-4.10961978683,2021,R,DPRQ5MYXF5FVOX53PMK43NGD,2026-06-09T15:02:19
CI_46_2021,5.47620215931,-4.14371878824,2021,R,U4MVAC3WTWJA3HJDAK6GYJM6,2026-06-09T15:02:20
CI_47_2021,5.36604543269,-3.9164728746,2021,U,CLNMXESXMK4TWOK2ZUZS5GWO,2026-06-09T15:02:20
CI_48_2021,5.3619804763,-3.86667829291,2021,R,MRABFSXPLR56WEUJYTMUVUNA,2026-06-09T15:02:21
CI_49_2021,5.41093588914,-3.94715773471,2021,R,4U7REUP4OQL7U7LLOEDN72ZC,2026-06-09T15:02:21
CI_50_2021,5.37911303496,-4.26140177953,2021,R,KPD5UVRM2UQPEDM2L5QXULUA,2026-06-09T15:02:21
CI_51_2021,5.37729291927,-4.1452205656,2021,R,ZCBYKVTUE6JGS72XTH4DM5PG,2026-06-09T15:02:22
CI_52_2021,5.54875828023,-4.31483991537,2021,R,T3NWS5YHTGUZM6CUGFILXGLU,2026-06-09T15:02:22
CI_53_2021,7.15764113532,-6.30030333929,2021,U,QO4STWIEDWURDX23KGSJMQVH,2026-06-09T15:02:23
CI_54_2021,7.04225427324,-6.22672762143,2021,R,3Y4WZSUKYDZP56YNS7JEV4PW,2026-06-09T15:02:23
CI_55_2021,6.88645216701,-6.4361886655,2021,U,77SHSB24EOJU2NME2VTA5NJI,2026-06-09T15:02:23
CI_56_2021,6.89132808448,-6.46621957791,2021,U,PWPKQQYKHXSV4V2GFB7K34IW,2026-06-09T15:02:24
CI_57_2021,6.89671163825,-6.4452183879,2021,U,IYGQLG2SIMBVN755T2RWQLAW,2026-06-09T15:02:24
CI_58_2021,6.86734326546,-6.44439438086,2021,U,33EJWSESASQM6CLBZ4KHYHK3,2026-06-09T15:02:25
CI_59_2021,6.86608800395,-6.42777028249,2021,U,2XDAEOXFFNJOWKW2UD7AVSPR,2026-06-09T15:02:25
CI_60_2021,6.78835540954,-6.63486611248,2021,R,ANFRE7BZ5ES42KDQRIGCINGX,2026-06-09T15:02:25
CI_61_2021,6.77012709806,-6.34070659467,2021,R,FTGOASSZB2AQW67YYLEYFWXL,2026-06-09T15:02:26
CI_62_2021,6.90477814744,-6.63282981245,2021,R,OET5ANG4RXGXT2EFQVNFSUSS,2026-06-09T15:02:26
CI_63_2021,6.85657702257,-6.28621994253,2021,U,SSQ4FQJZ4BRNF75CZ42TPEV6,2026-06-09T15:02:27
CI_64_2021,6.58972893498,-6.83638564676,2021,R,GU4XICRUTSS7YAEUWPY5CCLX,2026-06-09T15:02:27
CI_65_2021,6.49996880066,-6.59276293686,2021,U,J4KJTJ2Y3OIFXWDM6C2T67P2,2026-06-09T15:02:27
CI_66_2021,6.43872580234,-6.62773576128,2021,R,VEU7CPFRATLYNWOWLGFUXBOV,2026-06-09T15:02:28
CI_67_2021,6.33061981404,-6.81014510765,2021,R,7PKZ7BPDFPJIUPDZGFILYUJ5,2026-06-09T15:02:28
CI_68_2021,6.48817861179,-6.26523734377,2021,U,IFFWCAJFHKVTTLG7JCPLA5MY,2026-06-09T15:02:28
CI_69_2021,6.64253759859,-6.38504900982,2021,R,BN4IJEM7AU3S3SHJCDWEU2NX,2026-06-09T15:02:29
CI_70_2021,7.6116181715,-6.51890439869,2021,U,74BAHIBGDEBTGCLLPM3VFESY,2026-06-09T15:02:29
CI_71_2021,7.54843816086,-6.49867640539,2021,R,WNGHSI2U5DVQDZ5HWKRPX2QE,2026-06-09T15:02:30
CI_72_2021,7.46912346253,-6.3600993393,2021,R,UMZZ4BCUG5I4NOSJS7D2EB2R,2026-06-09T15:02:30
CI_73_2021,7.11609087511,-6.77244083075,2021,R,FF5R4YVVRX2CSRE3Z3HCUSAC,2026-06-09T15:02:30
CI_74_2021,7.3955524821,-6.65679432034,2021,R,2VHEGCDGZQ5JPVU7C4N6NS7J,2026-06-09T15:02:31
CI_75_2021,7.37535955338,-6.49472158546,2021,U,UJB7ESXLH3Z3ZWEG2HPAJB6K,2026-06-09T15:02:31
CI_76_2021,7.29256397857,-6.49184591245,2021,R,M7D27JSKUSNQOHZS3VPUGSPF,2026-06-09T15:02:32
CI_77_2021,6.81633202092,-6.73113090474,2021,U,KSTENWN3FTNLH45YQBCBGNR4,2026-06-09T15:02:32
CI_78_2021,6.91644570136,-6.79817552707,2021,R,TLATSMOCAQB3F6OFZJQTZOWG,2026-06-09T15:02:32
CI_79_2021,6.89560250238,-6.78918448317,2021,R,Q3VTBP2GH2H5YA2VPCEILK3W,2026-06-09T15:02:33
CI_80_2021,9.45946016216,-5.4706832777,2021,R,R2K4VW6FH223BTVIZ4ILSAHG,2026-06-09T15:02:33
CI_81_2021,9.44823399588,-5.66294278286,2021,U,UBANJH3IJHTTSH25AGWDOCHG,2026-06-09T15:02:34
CI_82_2021,9.48444963956,-5.6268166709,2021,U,GPZLTFONUHWTT4QKYKJDOJR3,2026-06-09T15:02:34
CI_83_2021,9.47437813438,-5.62862451601,2021,U,MKFYN35VJRFT5KYKFAWIGMWS,2026-06-09T15:02:34
CI_84_2021,9.48182365723,-5.64208023822,2021,U,UYILJOZNCT4ZCXRDN6C7YKU7,2026-06-09T15:02:35
CI_85_2021,9.43341480111,-5.59362854969,2021,U,BFXOFA3YLDGWWGAMWM5WHWQN,2026-06-09T15:02:35
CI_86_2021,9.45789953437,-5.60568216604,2021,U,FMGS4XM4RGGRMM72PVNTSKUM,2026-06-09T15:02:36
CI_87_2021,9.39644180666,-5.65691601183,2021,R,O3YZNAQDVD4WM7E4CC6VU5CH,2026-06-09T15:02:36
CI_88_2021,9.39580713791,-5.88338465437,2021,R,SWJQCS6HX6XWUJS4KUSVFSEW,2026-06-09T15:02:37
CI_89_2021,9.57490027535,-5.58609939848,2021,U,CHDVJQZZMI4XSPWIZUP4HWHR,2026-06-09T15:02:37
CI_90_2021,9.32350010556,-5.51914490969,2021,R,44CO7A2X4DFL3D46KXTAMASW,2026-06-09T15:02:37
CI_91_2021,9.76035563699,-6.05569674336,2021,R,XMJT3EFFOGJNHVS5BJE5QBOV,2026-06-09T15:02:38
CI_92_2021,8.75026474318,-5.80643831667,2021,R,ULF2VPRSE6LR27EJ37EROQD4,2026-06-09T15:02:38
CI_93_2021,9.06545582905,-5.76736773173,2021,U,WKNO3GI2XLMWHYF3GYRKWBD7,2026-06-09T15:02:39
CI_94_2021,9.15447588456,-5.84546752868,2021,R,6LS336TJ5VP5FZL4HDDT4752,2026-06-09T15:02:39
CI_95_2021,9.54203923921,-5.40608407823,2021,R,NWUVAEVX6X266OVLN5IGZ2C7,2026-06-09T15:02:39
CI_96_2021,9.99353411711,-5.90073480789,2021,U,T3KDZFSKOY7IL72EXNAFISVP,2026-06-09T15:02:40
CI_97_2021,9.97912586525,-5.92919285457,2021,R,46ND7E2CQID2MSMUDFKCW357,2026-06-09T15:02:40
CI_98_2021,7.66202741804,-5.59240486325,2021,U,RXSFW7T2Q6JE25CUJP547USG,2026-06-09T15:02:41
CI_99_2021,7.60327438207,-5.61745272633,2021,R,T2GBRMTLMZSSTKZ72TAPD5UR,2026-06-09T15:02:41
CI_100_2021,7.89790962126,-5.47895025901,2021,R,T4J6PCJR5XLJQYWU53GB5FZZ,2026-06-09T15:02:42
CI_101_2021,7.96630406017,-5.38776726979,2021,R,WOHKGXPVHISXPTCURMHBLVXH,2026-06-09T15:02:42
CI_102_2021,7.678968704,-5.04042766718,2021,U,VZRI6JL3DIY6BBV4GE57NFSA,2026-06-09T15:02:42
CI_103_2021,7.68063650666,-5.0300020426,2021,U,MHI3W6LJNFMZ5KPQIPZ76NLR,2026-06-09T15:02:43
CI_104_2021,7.71076649815,-5.06860246547,2021,U,SE7RAZQHGSOL5JSZO27GAL5K,2026-06-09T15:02:43
CI_105_2021,7.7192888531,-5.04308094794,2021,U,WLDHLOOSU6WZD7NPJFCY5Z74,2026-06-09T15:02:44
CI_106_2021,7.72881112939,-5.03093575805,2021,U,RISYAOYGPUCAXHOVSWKLQL2S,2026-06-09T15:02:44
CI_107_2021,7.71651553712,-4.99521351006,2021,U,5JDDP7GCC3JVQ43IXX6FXL2S,2026-06-09T15:02:44
CI_108_2021,7.68557405344,-5.00847663109,2021,U,K4OA5ILUHDRNTBO4ZP6APJDN,2026-06-09T15:02:45
CI_109_2021,7.67843697151,-5.01528382213,2021,U,A5YAECLHAYHNQICKBSYHI3RC,2026-06-09T15:02:45
CI_110_2021,7.67945783071,-5.04989565361,2021,U,O3ZVOXFGGIGNFPCRSFLVY4OG,2026-06-09T15:02:46
CI_111_2021,7.74252095479,-5.05074334478,2021,U,EUZEM7LN6ATFLC6XCBBHMSQA,2026-06-09T15:02:46
CI_112_2021,7.72240073045,-5.0392794648,2021,U,CVMM6RVJYAOAH35GDFJ53TBC,2026-06-09T15:02:46
CI_113_2021,7.71186857387,-4.98297425146,2021,U,VK3OTJOBR4TUWMOQCVXY4HVO,2026-06-09T15:02:47
CI_114_2021,7.77103239452,-4.97434154876,2021,R,JRLDFG7DAOB3AV7NE67PUBWO,2026-06-09T15:02:47
CI_115_2021,7.84063301273,-4.95999948652,2021,R,GAXFDTM56MNKJBIXJ7T3O7XP,2026-06-09T15:02:47
CI_116_2021,7.63156150757,-4.84614303878,2021,R,R4GSNGKPJJMW7DQXU5GBGNMA,2026-06-09T15:02:48
CI_117_2021,7.71982375142,-4.82660155649,2021,R,OPDOD6354G3SP7CM74YDD4SP,2026-06-09T15:02:48
CI_118_2021,7.54046347533,-5.1844039857,2021,R,BENN6XFZQUNGPJ3PHFB6MDPK,2026-06-09T15:02:49
CI_119_2021,7.45169093539,-5.29197750434,2021,U,NK5WCWYZ26VXDXZFUZ5E5CII,2026-06-09T15:02:49
CI_120_2021,7.31124036075,-5.27282932066,2021,R,4I4S5NHMTOMATK3WOXCL4VLK,2026-06-09T15:02:49
CI_121_2021,7.94521472151,-5.35510572546,2021,R,N4ORRWCPRQRAEA4ZSHTEYDGT,2026-06-09T15:02:50
CI_122_2021,7.67396808053,-5.33427339827,2021,R,DOB5Z3WQBJZC3TEZOQ3NNLUU,2026-06-09T15:02:50
CI_123_2021,6.7432520403,-3.49133653574,2021,U,6YO6MWVYRZSPCPMXHR7EIWXQ,2026-06-09T15:02:50
CI_124_2021,6.70205382358,-3.50064687953,2021,U,Y3LFH7UK4DI3U3DSORBL3QBQ,2026-06-09T15:02:51
CI_125_2021,6.72793146846,-3.50127426486,2021,U,RJPJYLPE2V5TXRM4IYCMJG45,2026-06-09T15:02:51
CI_126_2021,6.7472990363,-3.51755800308,2021,U,6ZQVBQDDMCX3RBT7RWR4P473,2026-06-09T15:02:52
CI_127_2021,6.57537752844,-3.542907435,2021,R,MUCH45PYPXPEC3H7OGNTTWPK,2026-06-09T15:02:52
CI_128_2021,6.46482900856,-3.61017614246,2021,R,CPUA4HPOHSUGB7MDH2RYGNZE,2026-06-09T15:02:52
CI_129_2021,6.3418997854,-3.24635856669,2021,R,WOZ2GY3II3C7IPUQUAT2Y44D,2026-06-09T15:02:53
CI_130_2021,6.97381199387,-3.43876062612,2021,R,S6SK4BGVBB4YCUG6J6WVBE5V,2026-06-09T15:02:53
CI_131_2021,6.87598594472,-3.51429928714,2021,R,RPZWLDZRRWIH2JZSDGCAVRVR,2026-06-09T15:02:53
CI_132_2021,6.3867715678,-3.40637366114,2021,R,FY5PFVRHQQESZJAFUYEVQFW4,2026-06-09T15:02:54
CI_133_2021,7.11565902928,-3.21987896274,2021,U,DOLSX5MESBXS2BNWJZER67LI,2026-06-09T15:02:54
CI_134_2021,7.1314370854,-3.20678250358,2021,U,GYZHV2GBDTIE3CHNCFOK6RLR,2026-06-09T15:02:55
CI_135_2021,6.96768852152,-3.21694779165,2021,U,JVMXKO3BF7T3ERYSBE7WGUMT,2026-06-09T15:02:55
CI_136_2021,6.89481247993,-3.25243642298,2021,R,3PQ7Y5AR53IXUWT4QSFMXMWZ,2026-06-09T15:02:55
CI_137_2021,7.07133463885,-3.53525578396,2021,R,7NUMTXQW42GFN4A2CMGR6XJZ,2026-06-09T15:02:56
CI_138_2021,6.08538658908,-3.40882010207,2021,U,TLCYNOHIYGXD7JQBEY5SBT2G,2026-06-09T15:02:56
CI_139_2021,6.20667350001,-3.35279499006,2021,R,5OVDL6CJFKJXH5QMVGMXCZ66,2026-06-09T15:02:56
CI_140_2021,7.66846835363,-7.50426769313,2021,R,AU6OB5FRR2T24MAAUWE5FHQT,2026-06-09T15:02:57
CI_141_2021,7.52352932283,-7.40947774305,2021,U,2N4X4IXPCSQRAPMMPU5LDQS3,2026-06-09T15:02:57
CI_142_2021,7.88043936534,-7.50254553289,2021,R,APLYTWPA6RAY5FR5OYKGO64Q,2026-06-09T15:02:58
CI_143_2021,7.56128032787,-7.99209347685,2021,R,35ESMKRAKEOE7XOSEBO3Q4NC,2026-06-09T15:02:58
CI_144_2021,7.25521939826,-8.14378983264,2021,U,DTVAFRWJTTIH3TG6JUNGNRMM,2026-06-09T15:02:58
CI_145_2021,7.36854194628,-8.30151154416,2021,R,CEMHBQ2YOIWOPOG6YNTJGPWG,2026-06-09T15:02:59
CI_146_2021,7.21339311603,-7.9289497227,2021,R,JNJYDLFBZL6UK7WPSDQ64MQQ,2026-06-09T15:02:59
CI_147_2021,7.28108788381,-7.60599930181,2021,R,LWY4I5PA73RCNYKSH7LAURXS,2026-06-09T15:03:00
CI_148_2021,7.09160206248,-7.55114666258,2021,U,BQQYW576O2RBDBU25D6QM2KK,2026-06-09T15:03:00
CI_149_2021,7.41755075473,-7.54127476283,2021,U,OU7X7OBVJ3C5CKWEATFXMFCW,2026-06-09T15:03:01
CI_150_2021,7.39939625385,-7.55279002438,2021,U,6ZN72BHCIYO6ELIYTBEU4I5M,2026-06-09T15:03:01
CI_151_2021,7.39311761356,-7.55352538525,2021,U,XP74WESC4FALG4MCRZV67DOU,2026-06-09T15:03:01
CI_152_2021,7.36194817722,-7.60394292602,2021,R,KSSAWSN3G4T6BCO2GV2T45PT,2026-06-09T15:03:02
CI_153_2021,7.31257820902,-7.67480521502,2021,R,VAZ3FXVZMZY27EPVF2PVTFJ6,2026-06-09T15:03:02
CI_154_2021,6.87392418787,-8.31247685299,2021,R,WSOXPKKIXX5HY2HP65S7HCII,2026-06-09T15:03:02
CI_155_2021,6.95102564524,-8.16588369238,2021,R,5COXBIX57JWKYGFGWPQMXMK5,2026-06-09T15:03:03
CI_156_2021,6.92369297031,-8.22862878262,2021,U,FXSDNP5BCLGUXDZOC2NBOODG,2026-06-09T15:03:03
CI_157_2021,6.90569094131,-8.11740508534,2021,R,ZMSKK3MHDUMZCZXAUPAROWX6,2026-06-09T15:03:03
CI_158_2021,7.79333674725,-7.95344852955,2021,R,54L5OYNYNPKF6WKW3EYMAOUY,2026-06-09T15:03:04
CI_159_2021,6.92148594097,-5.4918665543,2021,R,DMXAOOPO4NSEMXPLZHOESGDC,2026-06-09T15:03:04
CI_160_2021,6.96865051744,-5.41721817853,2021,R,CQE7TXBUBBZ3QUDSTGD2X43N,2026-06-09T15:03:04
CI_161_2021,6.78284444272,-5.26640055598,2021,U,PME3NZOU4CHKQE5YO35SDRJ6,2026-06-09T15:03:05
CI_162_2021,6.77230222638,-5.2691534072,2021,U,H5DVKNM4BOWRIJBTSWCG3XEY,2026-06-09T15:03:05
CI_163_2021,6.77364638014,-5.26219987516,2021,U,G2PONAOVEWYK6HNLP6UBPX5N,2026-06-09T15:03:05
CI_164_2021,6.77186101769,-5.27852646166,2021,U,LLNUKXB5FMU7YIF7UAD4BUVF,2026-06-09T15:03:06
CI_165_2021,6.76749621872,-5.2713171746,2021,U,IUBZMAVGUO72XSM5BD63ROKS,2026-06-09T15:03:06
CI_166_2021,6.8323712334,-5.27622176847,2021,U,YC7WNEQKW6P6A53C6EABTNUN,2026-06-09T15:03:07
CI_167_2021,6.78848840746,-5.27163662279,2021,U,O5DS2MRZVAHA2CVWJSRNSKKM,2026-06-09T15:03:07
CI_168_2021,6.79609878456,-5.263849385,2021,U,JBZGGSAC6QWKEFQS7EUT6BS5,2026-06-09T15:03:07
CI_169_2021,6.79272970289,-5.2640960475,2021,U,OLZUM5HINQCJRLLNCOYCF7NW,2026-06-09T15:03:08
CI_170_2021,6.80637514391,-5.26720070921,2021,U,UUW5BVWCNYBJCTNDWM76B5T3,2026-06-09T15:03:09
CI_171_2021,6.81003929101,-5.27436038748,2021,U,KNYPOGAQNUB6PHB4KUQYXULD,2026-06-09T15:03:09
CI_172_2021,6.81003999781,-5.26315953733,2021,U,IHIGS32A5CP5BKLBEV555JTO,2026-06-09T15:03:09
CI_173_2021,6.81604206788,-5.25614402171,2021,U,JUGYLX24AJAEY6Z4GGN3ATY4,2026-06-09T15:03:10
CI_174_2021,6.83270708107,-5.24578573272,2021,U,M2HBWLMLUYLK4YNFBTEAEPB2,2026-06-09T15:03:10
CI_175_2021,6.80101100759,-5.23297076773,2021,U,YNNPHUYXWJ4DUJ6WL4ROUJXM,2026-06-09T15:03:10
CI_176_2021,6.82983986875,-5.25166977425,2021,U,KOR3XTDNMTNV3M3YPGTRCPMZ,2026-06-09T15:03:11
CI_177_2021,6.84771917263,-5.28886807097,2021,U,WRUZ3IOTIM2MCCH6OIVHQWZA,2026-06-09T15:03:11
CI_178_2021,6.7742997667,-5.23837078023,2021,U,NI2SYENO7CLTIW4ZYLW3Y33N,2026-06-09T15:03:11
CI_179_2021,6.83999085663,-5.30967521712,2021,U,IMZVDJ4HKNNRNG5YF4DN5DXD,2026-06-09T15:03:12
CI_180_2021,6.83772121634,-5.32373000876,2021,R,ORTUWUJS27RTRRYPNU6HGJCS,2026-06-09T15:03:12
CI_181_2021,6.73436862041,-5.32661064193,2021,R,IHLRMKKHEYQBCTVTNYQ5XV5O,2026-06-09T15:03:13
CI_182_2021,6.8926966558,-5.30834011061,2021,R,QGR2XYMQTRCXEAXJX3R7VFA5,2026-06-09T15:03:13
CI_183_2021,6.78821666415,-5.42081395215,2021,R,47RPWTI4IV2FULHUVEWMBG2B,2026-06-09T15:03:14
CI_184_2021,6.86615602845,-5.39284093972,2021,R,AIMNUXUSWS6MWOMDUHZ5TSFN,2026-06-09T15:03:14
CI_185_2021,6.65911735511,-5.26156683217,2021,R,PQZBHLY4QA4CZ7YYXUWWSIZI,2026-06-09T15:03:15
CI_186_2021,6.80726910446,-4.97430831514,2021,R,33C422P5KD6VRJ7TCKQCVUH4,2026-06-09T15:03:15
CI_187_2021,6.95683748895,-5.26532770091,2021,U,DWHPNLG5GMAPYJKQL75WUCR4,2026-06-09T15:03:15
CI_188_2021,6.93840369428,-5.17523997851,2021,R,YDDNVJ6ZL2FTL3CCFKLJGTB4,2026-06-09T15:03:16
CI_189_2021,7.02887844251,-5.25294141642,2021,R,GVBB27ZG4XE55QCBDJ2HC6MK,2026-06-09T15:03:16
CI_190_2021,7.07516684507,-5.24976173763,2021,R,4GKWGTLEPDPQA3ZKEOEYBZXM,2026-06-09T15:03:17
CI_191_2021,7.76236804453,-2.90555891802,2021,R,3JNSED5ARIK72ZG2BZWTZNE4,2026-06-09T15:03:17
CI_192_2021,8.03011172253,-2.79153099921,2021,U,HQNMS2N5GPLXM3JJZLIFFUDO,2026-06-09T15:03:18
CI_193_2021,8.05294337748,-2.80784938594,2021,U,DI6MJGUAV43AQ674CBTLLVNE,2026-06-09T15:03:18
CI_194_2021,8.02795669804,-2.79269785107,2021,U,O7AWXGKNOWX6RBKOCS7PTCBP,2026-06-09T15:03:18
CI_195_2021,8.01859232027,-2.79571912144,2021,U,WIGHUS5FKSC7JKZJVIPSMT2L,2026-06-09T15:03:20
CI_196_2021,8.05153141504,-2.80887810736,2021,U,6S3LFZCKLVUNNVIT5VTHF7HA,2026-06-09T15:03:20
CI_197_2021,7.97488425492,-2.74309478496,2021,R,VB2CTKX5XSRXTPXUT6B4U33N,2026-06-09T15:03:21
CI_198_2021,8.39273969308,-2.99946143692,2021,U,AXOGJ3CCKAHUGWJICW5X2JPZ,2026-06-09T15:03:21
CI_199_2021,8.30722280007,-3.09326482599,2021,R,UMAJGZYJ2RC47TAEWM76IKPV,2026-06-09T15:03:22
CI_200_2021,8.53143383501,-3.06986883912,2021,R,E52UCWP3HEXA6YI3D2XHRZCF,2026-06-09T15:03:22
CI_201_2021,8.16897184539,-2.82287735118,2021,R,NGMD6FINQOIBCY4TOP6NDURS,2026-06-09T15:03:23
CI_202_2021,7.99037476893,-3.07740656112,2021,U,23VJDUX4ALU7B7INAOI5JH2T,2026-06-09T15:03:23
CI_203_2021,8.6585543609,-2.74637913945,2021,R,RTN4FA74S7Y3R4WGZYQFFRFG,2026-06-09T15:03:23
CI_204_2021,7.98094008274,-3.1334984995,2021,R,PMNYSNVQUFI6IWDCYY5EMT4O,2026-06-09T15:03:24
CI_205_2021,7.81518144111,-3.16358738982,2021,U,KVZLV5PPAFR34TM5YV2UCEMV,2026-06-09T15:03:25
CI_206_2021,7.82033451995,-3.17116280772,2021,U,HHXURXFDKU63AUMZYV465MKM,2026-06-09T15:03:25
CI_207_2021,7.84394395096,-3.06523794783,2021,R,UJNBTSXHSBM5LI2YJUS2W3II,2026-06-09T15:03:25
CI_208_2021,7.22732889948,-2.96176070453,2021,R,BM5QJKOYEHVADMWUBGWLL2RU,2026-06-09T15:03:26
CI_209_2021,7.48580888652,-3.25479029411,2021,U,6T6IVHQ3XAF4EESDEXN2P3ME,2026-06-09T15:03:26
CI_210_2021,7.47815429679,-3.34503145466,2021,R,UKOQUF2U35B3MD2JKPB3HKZ4,2026-06-09T15:03:26
CI_211_2021,7.26778627915,-3.16771752933,2021,R,D5UTVSXXXFHJPC7C2OCHIU2S,2026-06-09T15:03:27
CI_212_2021,7.9808660988,-3.88975164393,2021,R,6VE5QYSLFPOKSPOLL4D4LKRM,2026-06-09T15:03:27
CI_213_2021,7.70211188741,-2.97927935917,2021,U,XIQ7R4ZHZ2BBK57N77H6WTVJ,2026-06-09T15:03:28
CI_214_2021,7.68788869637,-3.01076249755,2021,R,MSSZ2L37O7D5XVDOPNR4OSB3,2026-06-09T15:03:28
CI_215_2021,7.42663992191,-3.15253666656,2021,R,66VUV6QWCHM6VBXCDGY5FPQL,2026-06-09T15:03:28
CI_216_2021,5.11327497646,-6.8534915132,2021,R,CEBMOW5A543QBT6VNSOZNMPQ,2026-06-09T15:03:29
CI_217_2021,4.95123343448,-7.04625417385,2021,U,3YABRHUU5IJCSZOJZV25NIQD,2026-06-09T15:03:29
CI_218_2021,4.88176081014,-6.92873972603,2021,R,U3VIVH6T6FCGUKQWN36A742S,2026-06-09T15:03:30
CI_219_2021,5.09466291906,-6.42637173813,2021,R,WC4TFYATDMEMRDYKWJJCGT6W,2026-06-09T15:03:30
CI_220_2021,4.64367018946,-6.9644931634,2021,R,YQQ665NFJQVXXYBZUMYQERPD,2026-06-09T15:03:31
CI_221_2021,4.64164665414,-7.24243878412,2021,R,DGNVJYYHRBRGFGQVUUHJDMII,2026-06-09T15:03:31
CI_222_2021,4.80085545036,-6.63003308716,2021,U,7FPDRZUK3KGGC6ECFAMYPRAU,2026-06-09T15:03:31
CI_223_2021,4.73758204676,-6.64824846463,2021,U,IBUHCXPOJW7J2WMTFNN3MQYH,2026-06-09T15:03:32
CI_224_2021,4.77522781605,-6.65706165951,2021,U,3QHYWIR7WC34E54BTKVG7QOJ,2026-06-09T15:03:32
CI_225_2021,4.75583891175,-6.67045464476,2021,U,3ALVYOJW76IIPMKJOEZRRSCK,2026-06-09T15:03:32
CI_226_2021,4.78072323756,-6.67308386542,2021,U,GBTKOETG5LBVEE26WYEYX2LP,2026-06-09T15:03:32
CI_227_2021,4.79500299649,-6.65142944545,2021,U,E6PUW6AZJDJGBDXNDWVXV3FG,2026-06-09T15:03:33
CI_228_2021,4.80712995922,-6.72255301617,2021,R,CLSHIKLLEBLQIWWV6ED4OWM3,2026-06-09T15:03:33
CI_229_2021,4.92558799886,-6.78520673562,2021,R,EKLDKENYXS6ESDN456M73I34,2026-06-09T15:03:34
CI_230_2021,5.4928767169,-7.33491170339,2021,R,E5QCXM4MLRNPHB4FGG4436J7,2026-06-09T15:03:34
CI_231_2021,4.99401397687,-7.45920050784,2021,R,UEMCKIXZJPEVMIO5VDRKARI7,2026-06-09T15:03:35
CI_232_2021,4.4320594513,-7.35708297786,2021,U,FOSY6QRLPFZ2LGORDMUBOMGM,2026-06-09T15:03:35
CI_233_2021,4.73862152477,-7.31364091104,2021,R,JWDYTFMBEXXG5Q7TICUQRI4F,2026-06-09T15:03:35
CI_234_2021,9.39435527527,-7.63717172602,2021,R,ZEJUSHTGLGX3FCY74SPHD33I,2026-06-09T15:03:36
CI_235_2021,8.97862092715,-7.54794660963,2021,R,6NPEWR3B2N5YDYYBAK4MC227,2026-06-09T15:03:36
CI_236_2021,8.97775488429,-7.23321791889,2021,U,RGMEFSTPDFBHT2MIWT4JJ2EG,2026-06-09T15:03:37
CI_237_2021,9.13417726343,-7.38617421326,2021,R,BNVE3HGMMS2KPR2U7SED33Z6,2026-06-09T15:03:37
CI_238_2021,9.47670157103,-7.55079487669,2021,U,AEHCNYX6LHQ2CSWGWYVLK32F,2026-06-09T15:03:37
CI_239_2021,9.49974150501,-7.56730189554,2021,U,INWDIWR32TSP2JRDKYTTOGNK,2026-06-09T15:03:38
CI_240_2021,9.4858874554,-7.55407703187,2021,U,AKQYRTE5XR4VLV4SUA77VL4S,2026-06-09T15:03:38
CI_241_2021,9.51795530854,-7.5401273093,2021,U,K75TOXAV5HWHC7OHVAJSHR43,2026-06-09T15:03:38
CI_242_2021,9.51713375582,-7.567409663,2021,U,CHAOWNJDHVAML3JRGALPFMEQ,2026-06-09T15:03:39
CI_243_2021,9.50513365489,-7.57883815148,2021,U,TXNLACAGF6IIJ4N5HARQTVAN,2026-06-09T15:03:39
CI_244_2021,9.5112677721,-7.57127107564,2021,U,6DMWM5VKQZ4UOP4HBGBVZONO,2026-06-09T15:03:40
CI_245_2021,9.59416397525,-7.61484340521,2021,R,5SPY57KT7BVSQ5Z3H24LJODI,2026-06-09T15:03:40
CI_246_2021,9.54798530993,-7.31934634235,2021,U,WY2QLT7VTDJPO7XGTAWJ6L7C,2026-06-09T15:03:41
CI_247_2021,9.88101098522,-6.78030709761,2021,R,XTZHB5IE6264QGXYHZPMKIRK,2026-06-09T15:03:41
CI_248_2021,9.62007335697,-6.949681436,2021,U,EISYIUMAY4FENNIMJ3M6XDU2,2026-06-09T15:03:42
CI_249_2021,9.43393216898,-7.06830878422,2021,R,NA4YN23JURMBR6COPRRFZLA7,2026-06-09T15:03:42
CI_250_2021,9.81106064643,-7.1780302555,2021,R,CKPZ45KX3N7ULISFYWCUS55J,2026-06-09T15:03:42
CI_251_2021,9.8470683844,-7.61671964917,2021,R,XQWII24FMPMLLEYQRM6WMVM4,2026-06-09T15:03:43
CI_252_2021,9.52077873393,-7.9645820813,2021,U,N22NRD2HWBL3WTZTWKBCP4JQ,2026-06-09T15:03:43
CI_253_2021,9.87171109696,-8.01090355373,2021,R,UOE4RWFQCLO37N4JJU4U35ZQ,2026-06-09T15:03:43
CI_254_2021,9.1407711398,-6.9036521541,2021,R,I4DMHI2XV4ERUAETYBKKCXNH,2026-06-09T15:03:44
CI_255_2021,9.35783216996,-7.12863148704,2021,U,KZBT5UCU7ZTBR5EG2PMXYRZT,2026-06-09T15:03:44
CI_256_2021,9.2903361934,-6.99529594042,2021,R,7NU2RYIVD6NLSCOMT3NR3NML,2026-06-09T15:03:45
CI_257_2021,6.85891450299,-4.53920849629,2021,R,NVEV3D437DUI5IT42RZILYGO,2026-06-09T15:03:45
CI_258_2021,6.64510607399,-4.71092840478,2021,U,MHVHCCAAUA35STMWLY443KQY,2026-06-09T15:03:46
CI_259_2021,6.64467208516,-4.69656291691,2021,U,VWZ55MCHBIIB7HLLLTPVFDIH,2026-06-09T15:03:46
CI_260_2021,6.87245135461,-4.41311458671,2021,R,GPYYSJYN5FZE3GO7FHTNZLGK,2026-06-09T15:03:47
CI_261_2021,7.11281326975,-4.55444526984,2021,R,CEWBEANAJCC54JZSSSI4YNRQ,2026-06-09T15:03:47
CI_262_2021,7.12858236287,-4.35689950975,2021,R,MWAC37T6ZYBK4LL6MSCCESNG,2026-06-09T15:03:47
CI_263_2021,7.35334266506,-4.68674390012,2021,U,KNDPOYKHHI4UE37WKQ33MQ6W,2026-06-09T15:03:48
CI_264_2021,6.92083521885,-6.03463217136,2021,U,KNSZNSP7HGIDTEKZAZTZHB3O,2026-06-09T15:03:50
CI_265_2021,7.04312805518,-6.03254577642,2021,U,AVTICQ4V66JEAZG6QV6PRNQP,2026-06-09T15:03:50
CI_266_2021,7.00007759483,-5.76006671245,2021,U,EG6R3PTLSCV7CA4OKHPJQPS4,2026-06-09T15:03:51
CI_267_2021,6.98926682941,-5.73479159954,2021,U,TKLMBDIAVODCYQZWMMPKTSZI,2026-06-09T15:03:51
CI_268_2021,6.97096373386,-5.65779753047,2021,R,DRI3MYUWZLFC24TW6BPBEQ3R,2026-06-09T15:03:51
CI_269_2021,6.76457957573,-5.72632864758,2021,R,N263ODEER3WSDOF52IKDJST5,2026-06-09T15:03:52
CI_270_2021,7.26411902937,-5.84366180614,2021,R,6G35VIOBW7MYQWTDIRGPG4H5,2026-06-09T15:03:52
CI_271_2021,6.68559203285,-5.52161618453,2021,R,3NQODZANBTHSXIELW564I54H,2026-06-09T15:03:53
CI_272_2021,6.62554434396,-6.04207562356,2021,U,KX5PGBWNFSY2VXADQ4XUFIBO,2026-06-09T15:03:53
CI_273_2021,6.61862932736,-5.92634314758,2021,U,B2S42YXJLEPLLLVXQQJM5SNW,2026-06-09T15:03:53
CI_274_2021,6.71760697698,-5.83553805645,2021,R,BBZFKSLGC3Y2AKZ5FZUCT66L,2026-06-09T15:03:54
CI_275_2021,7.31253020631,-6.20739965035,2021,U,3QQQCIAHJAQZGY63CJTM5N5M,2026-06-09T15:03:54
CI_276_2021,7.38177635241,-6.18976100622,2021,R,A3TZOWE5KPNSRV54AZYL73OM,2026-06-09T15:03:55
CI_277_2021,7.37765182602,-6.24510515287,2021,R,OOAMAOFKTUWA3FRUYTDXHQA3,2026-06-09T15:03:55
CI_278_2021,7.55121965237,-5.99862158411,2021,R,2DB2EJRA3EEZ7PCWWJPAYCFW,2026-06-09T15:03:56
CI_279_2021,5.48162165486,-3.20572057386,2021,U,J6S3RZYHHJWZPXCDS4DRCMHO,2026-06-09T15:03:56
CI_280_2021,5.4684401445,-3.22572118793,2021,U,UTI4357NFADSAIFPK5TIQAP7,2026-06-09T15:03:57
CI_281_2021,5.46913389672,-3.28025185591,2021,R,GQKIFP7XR4YIADS5AQADIGB5,2026-06-09T15:03:57
CI_282_2021,5.41359473634,-3.3711483059,2021,R,HK5RQHGDX74RVOWDYLWIQIV6,2026-06-09T15:03:57
CI_283_2021,5.40615121423,-3.31777159487,2021,R,3B6CEDP3XGNECHUDJOH6B6VY,2026-06-09T15:03:58
CI_284_2021,5.98729282726,-3.20199219485,2021,R,ZEA4JHRCCKWY3ERNEFCIHKCG,2026-06-09T15:03:58
CI_285_2021,5.40107701735,-2.96171179958,2021,R,ZO4WMFK2FSYJ7MF2P4OCKWKY,2026-06-09T15:03:59
CI_286_2021,5.3966141181,-3.01988181858,2021,U,YRGXYJ5WH4G44XAGGVUDDB5A,2026-06-09T15:03:59
CI_287_2021,5.64152071763,-2.9897998026,2021,R,XJA7XX7OB6IVKXBTYLXHLNN2,2026-06-09T15:03:59
CI_288_2021,5.27063652313,-3.29817427705,2021,U,WQMIHMGWEB5FZ4GWL74CM3EB,2026-06-09T15:04:00
CI_289_2021,5.1602529178,-3.46740271602,2021,R,ZN7PDSW42DFYQ26YC375MRLF,2026-06-09T15:04:00
CI_290_2021,5.39086915746,-3.55826911381,2021,R,CDPJ43CSRDJG2IPNVLU5SHAH,2026-06-09T15:04:01
CI_291_2021,5.285500085,-3.59632819818,2021,U,CW3CRJU57WMHA5ZBYSO7UV6G,2026-06-09T15:04:01
CI_292_2021,5.27037325037,-3.59553876702,2021,U,6H7R36QK4OY46P5OE7XLDHND,2026-06-09T15:04:01
CI_293_2021,5.23324185932,-3.63514695693,2021,R,HW6FVJF5DH4ANSQ3HBCFFT5T,2026-06-09T15:04:02
CI_294_2021,5.22407726168,-3.71912457616,2021,U,VSRKT45ZMWQJ5KGZUKKNCBNM,2026-06-09T15:04:02
CI_295_2021,5.21786442192,-3.7434540927,2021,U,JR7L7TNNBEYAXXPOGVL57EHT,2026-06-09T15:04:03
CI_296_2021,5.19351041812,-3.7308163824,2021,U,SZ4FC7S2SFPYGFMFMDAQX6DF,2026-06-09T15:04:03
CI_297_2021,5.26314064208,-3.80391610058,2021,R,CLSMU44SSPJBBVODFBDNIZB3,2026-06-09T15:04:04
CI_298_2021,5.1631159058,-3.09750531617,2021,R,FYJ4BNQVMQPQZLED2O54B5X7,2026-06-09T15:04:04
CI_299_2021,8.20384202572,-6.611879415,2021,U,KC2FSTZYOA3J2KYR6NLNVGE2,2026-06-09T15:04:04
CI_300_2021,8.11258189945,-6.47022758093,2021,R,HQQVCOJJLBXWYM45WLA4D2S2,2026-06-09T15:04:05
CI_301_2021,7.87628373156,-6.54767662699,2021,R,6SSQXYQU5B7WEGEPUI5XCISA,2026-06-09T15:04:05
CI_302_2021,7.94077660402,-6.67026732624,2021,U,NLEMYN4TGH2PWRUMCVPPDDLD,2026-06-09T15:04:05
CI_303_2021,7.951185088,-6.68395181908,2021,U,PWTFBN4LMYREIJ6TTQCD3HVX,2026-06-09T15:04:06
CI_304_2021,7.9746983858,-6.67183325303,2021,U,OVZUIHSOOLHIA75BEYYELHPO,2026-06-09T15:04:06
CI_305_2021,7.88298679088,-6.67260178524,2021,R,MVYSCRI5XSOZ7TJYXK3RVFZF,2026-06-09T15:04:07
CI_306_2021,8.17638922996,-6.87461251614,2021,R,G5TUO62RGBZKZ2XM5KK6EYG2,2026-06-09T15:04:07
CI_307_2021,8.26839645708,-6.78059858322,2021,R,Y52TJFSWDJK4MTSEU5TEOYFI,2026-06-09T15:04:07
CI_308_2021,8.7008705427,-6.625679979,2021,U,GB3LBNTNZVRG26WCGVREELGJ,2026-06-09T15:04:08
CI_309_2021,8.46466517172,-6.64684016136,2021,R,ICGFF3A424A5E76R4FHE27WW,2026-06-09T15:04:08
CI_310_2021,8.95234204245,-6.78738831747,2021,U,DZSBRBRNN7FVSOS5FLGL2IL7,2026-06-09T15:04:08
CI_311_2021,8.98214326191,-6.86308025088,2021,R,KFEVGTRZ7IP4ZSKXFTFO3D5O,2026-06-09T15:04:09
CI_312_2021,5.83846492044,-5.35416227702,2021,U,Y5GVQEY3IHQ4PGI6SXIUAZHK,2026-06-09T15:04:09
CI_313_2021,5.85999233221,-5.36489702427,2021,U,ENYTUQSFGKCZEVIHZQQ3HH37,2026-06-09T15:04:09
CI_314_2021,5.83609449561,-5.3502135077,2021,U,NCNTUAT5KPFXVFTIFBR3DJQC,2026-06-09T15:04:10
CI_315_2021,5.83279067005,-5.3701773359,2021,U,AP7MU26N4WQIMMARXBDKWLTC,2026-06-09T15:04:10
CI_316_2021,5.95419218601,-5.30950819304,2021,R,RDTIUMKXKTBB2NSEJ73LKL2C,2026-06-09T15:04:10
CI_317_2021,5.61481968584,-5.30676027445,2021,R,PBHWM52QFSTQMZ2XT3V4KRJY,2026-06-09T15:04:11
CI_318_2021,6.20168929757,-5.27558423828,2021,U,X73EBDPOWIPIJABMLH2N64ML,2026-06-09T15:04:11
CI_319_2021,5.86690144243,-5.35171678507,2021,R,C3IYFUH6X2DTFIFBEHCH6H7X,2026-06-09T15:04:12
CI_320_2021,5.87995426169,-5.16236008766,2021,U,EPMQTFGXFP3BZCMYRAGJ2IV7,2026-06-09T15:04:12
CI_321_2021,5.93380558505,-5.02771021342,2021,R,VFBX22MQXH6FDUHHTWHYXQ2P,2026-06-09T15:04:12
CI_322_2021,6.08465099487,-5.04546233974,2021,R,LJWO6BTUQDK5AEKYE43NZF2V,2026-06-09T15:04:13
CI_323_2021,5.66288606913,-5.57518700482,2021,R,CWLPFJHB5ORZWRD7SRYEVKJN,2026-06-09T15:04:13
CI_324_2021,5.84509783694,-5.67412022746,2021,U,34AQIPOKI7FGFZOS6TGRDT7A,2026-06-09T15:04:14
CI_325_2021,5.90630263506,-5.78108384407,2021,R,3ZJX242PPQKH2RNYHDY46NX2,2026-06-09T15:04:14
CI_326_2021,5.91640920442,-5.56855031671,2021,R,3FRB57GM5DNJYPUUHXNULKVI,2026-06-09T15:04:14
CI_327_2021,5.6968008346,-5.83951737595,2021,R,6SXBWCF33UK33JWWHJCCJJDX,2026-06-09T15:04:15
CI_328_2021,6.05887060353,-5.68335118508,2021,U,2DEWT2JA5WQYJYHVHTASLRE7,2026-06-09T15:04:15
CI_329_2021,5.58209874706,-5.38233118328,2021,R,24FRLL4ULJE3XOC57IEEJF2Z,2026-06-09T15:04:15
CI_330_2021,5.59351450617,-5.26050125726,2021,R,DN6CTZFANIGMGVI42TMLKWSQ,2026-06-09T15:04:16
CI_331_2021,5.37000226611,-5.23725843092,2021,R,P2LTOI2LRMFKC632LIUE7RTA,2026-06-09T15:04:16
CI_332_2021,5.26916207698,-5.10477572108,2021,U,2BHDDIKJ4JX4PSJ3EACDCG54,2026-06-09T15:04:17
CI_333_2021,6.07807564543,-4.39116533715,2021,R,MZR5L4YLIGV67LE7TQBVY75U,2026-06-09T15:04:17
CI_334_2021,5.93434890143,-4.21443908594,2021,U,QQ7NHGTABE22D7BYZG4B3KWN,2026-06-09T15:04:17
CI_335_2021,5.93362279552,-4.20063021848,2021,U,C2PFLPHZ3BTR5FN3BIKXC4I3,2026-06-09T15:04:18
CI_336_2021,5.98202477432,-4.45379028449,2021,R,HF57EZJGLTKVRBTYTUVR37QI,2026-06-09T15:04:18
CI_337_2021,5.63168362664,-4.0830287499,2021,U,CO5QBMHA32HC5LU63UXWK6KV,2026-06-09T15:04:19
CI_338_2021,6.03137541145,-4.11330982688,2021,R,LGHJ4EWJA4T4NYEPUXZ77HMQ,2026-06-09T15:04:19
CI_339_2021,6.08419365212,-4.38938964705,2021,R,XHLZ4AFQO5N53NJAFIAH3PEI,2026-06-09T15:04:19
CI_340_2021,6.06147403473,-4.7137840799,2021,U,7BAB5PTOY5ZVUSTF4TF76SOK,2026-06-09T15:04:20
CI_341_2021,6.02923695796,-4.71143239755,2021,R,GXGE6J6G2ST5T63JWGNHW7XG,2026-06-09T15:04:20
CI_342_2021,5.86128769669,-4.74918467262,2021,U,SVIJMJR2WMX43BUDW456VJIC,2026-06-09T15:04:21
CI_343_2021,5.9365083446,-4.71861408147,2021,R,DUZ7U65XJOUIVVPGBWZLNY4D,2026-06-09T15:04:21
CI_344_2021,5.933857169,-4.89510666862,2021,R,IIDIHT7VUXXEVH2GHKWLCWD4,2026-06-09T15:04:21
CI_345_2021,5.72558930389,-4.49528839,2021,R,TRYEQDXIPHMA6KBEAIK7RWYA,2026-06-09T15:04:22
CI_346_2021,5.68320750204,-4.57204488506,2021,U,DSURWG3MOAMWDKI3PKSAAX2E,2026-06-09T15:04:22
CI_347_2021,5.66303623991,-4.57037700558,2021,U,MHENASLP7VQ3CPMIHUJWXOWF,2026-06-09T15:04:22
CI_348_2021,6.17836686642,-4.88877268328,2021,R,RDNATQJLGHSGJKPBJ6N6YLUY,2026-06-09T15:04:23
CI_349_2021,6.24414468067,-5.20186962444,2021,R,XLSNRBNQPQFR7A3G3OFCUE56,2026-06-09T15:04:23
CI_350_2021,6.52256818979,-6.02657501893,2021,R,B563XVYVKE6S4F36YPSLA2HJ,2026-06-09T15:04:24
CI_351_2021,5.90629470692,-6.00154572777,2021,R,U3D4IOOFJ663ODTK7WNNFECS,2026-06-09T15:04:24
CI_352_2021,5.80459755347,-6.02747096614,2021,R,PUECHPNFESPVBBKNORYKKP3D,2026-06-09T15:04:25
CI_353_2021,6.13367252774,-5.97213559764,2021,U,5NDSFVVB3Q36OLVEGYRAPXJA,2026-06-09T15:04:25
CI_354_2021,6.14125879387,-5.96307355771,2021,U,XSJTVFVB576N52IBS5WQZSNN,2026-06-09T15:04:25
CI_355_2021,6.1460120383,-5.95520450528,2021,U,RGOMXINSST7VPHWYVPJ2CVXE,2026-06-09T15:04:26
CI_356_2021,6.12211368712,-5.92157277141,2021,U,FBFDNH2DVTWVY6VVBAUP3IXU,2026-06-09T15:04:26
CI_357_2021,6.11192578335,-6.15665559291,2021,R,AMDYFWHJ7MWGHECD4VYCYFGZ,2026-06-09T15:04:27
CI_358_2021,6.00642422583,-6.31417643743,2021,U,Y6VLF4TAH7L66EOECYOHJVQR,2026-06-09T15:04:27
CI_359_2021,6.31448596471,-6.16375703846,2021,R,P3MPBEL6ZGDJNNQNEPJHDO5F,2026-06-09T15:04:28
CI_360_2021,6.29988580141,-5.939572381,2021,U,JMFRZS25XUQMM56JQB3RWWX3,2026-06-09T15:04:28
CI_361_2021,6.27485312065,-5.98902873941,2021,R,VGCMXR73MCLDDFN4Q3TCUR6P,2026-06-09T15:04:28
CI_362_2021,6.47359726197,-5.82256612149,2021,R,XZ324DI62SGDI4TVWO6VNBVA,2026-06-09T15:04:29
CI_363_2021,6.2835641825,-5.5906484786,2021,U,6WVVPWI6CSAYAXWBJMXEXHVQ,2026-06-09T15:04:29
CI_364_2021,6.46812333291,-5.67578528148,2021,R,DTTQXVQNU6SZD4IJ7PCPJ6T5,2026-06-09T15:04:30
CI_365_2021,6.39746234433,-5.39093485565,2021,U,X2U235A2P6IMTQ7BYFNXRL6R,2026-06-09T15:04:30
CI_366_2021,6.43975393161,-5.60604018424,2021,R,SGBZCJF2MY2FW4OFNJRI3W4S,2026-06-09T15:04:30
CI_367_2021,6.38811589296,-5.66477641174,2021,R,RYPTZUCGFINFUBGXZHGDMWEK,2026-06-09T15:04:31
CI_368_2021,6.56201167117,-7.78188362088,2021,U,GA4LYVDAU7MV3VZQFPSK3NFT,2026-06-09T15:04:32
CI_369_2021,6.53631507946,-7.50810711775,2021,U,DEH5RTWZKPKTEJEW3ZGY34BT,2026-06-09T15:04:32
CI_370_2021,6.636992286,-7.48790758199,2021,R,KYNAMANKZCQ3KW63IIYJGIZL,2026-06-09T15:04:32
CI_371_2021,6.3007809018,-7.44772240746,2021,R,F4WTHGN7RCUNZKDCWOHEWZZ6,2026-06-09T15:04:33
CI_372_2021,6.62356918156,-8.37730596,2021,R,J2FQBJZFKJAT24N77QY5BONH,2026-06-09T15:04:33
CI_373_2021,6.55593907643,-7.99668957135,2021,U,SA6TA7QPFAUPSLOCRU2VU4AD,2026-06-09T15:04:34
CI_374_2021,6.45449499673,-8.12087936679,2021,U,4S77EYOHTI5UJGGJQ5OQRKNO,2026-06-09T15:04:34
CI_375_2021,6.61270946716,-8.12086705242,2021,R,R4FNMUAFXH2T3ZHBRTUAWSZR,2026-06-09T15:04:34
CI_376_2021,5.897683758,-7.45589526993,2021,U,5KIXTJKAWDZ7BOI4C2J4OS5A,2026-06-09T15:04:35
CI_377_2021,5.68358855743,-7.37305656383,2021,R,DFWBLZTKYVBCEOH2IJODKBB2,2026-06-09T15:04:35
CI_378_2021,8.43808295469,-7.29974942129,2021,R,AWSTTB4BKOZNI4XEJCHDPX4C,2026-06-09T15:04:36
CI_379_2021,8.27961929249,-7.67774380157,2021,U,CI2OO6B2H7SQU7LXXLLKOD3T,2026-06-09T15:04:36
CI_380_2021,8.87009669352,-7.77595395868,2021,U,BCYVCLJQDLN4CKAPUJRUKSJ2,2026-06-09T15:04:37
CI_381_2021,8.80042783739,-7.84189021101,2021,R,ECKSO5NHMLKU47GDLNHOX3HN,2026-06-09T15:04:37
CI_382_2021,9.02919378269,-7.83509551378,2021,R,V4VAPRO7DNR32VS3IAUR637Y,2026-06-09T15:04:37
CI_383_2021,8.22344372037,-7.91601617072,2021,R,QWUMDRKNWBZU63XFT65XXXNH,2026-06-09T15:04:38
CI_384_2021,9.51968124948,-6.48608163698,2021,U,FVDFMQ7YYD6ZRDINTYMQOBR4,2026-06-09T15:04:38
CI_385_2021,9.50848982639,-6.53671670265,2021,R,HEKWRWJSVUNRRA6QMQFYZKRD,2026-06-09T15:04:39
CI_386_2021,9.62507273582,-6.16295575426,2021,R,LWJFW6D43USIPJ2FHVCFBSOH,2026-06-09T15:04:39
CI_387_2021,10.3532267778,-6.24856041238,2021,U,2AE3IPVJ6D2FS3ZZHFRYVJ7O,2026-06-09T15:04:39
CI_388_2021,10.6226775415,-6.24874582511,2021,R,ICLIFUCME55TES4NOEDY75SD,2026-06-09T15:04:40
CI_389_2021,10.4757792064,-6.3953935883,2021,U,4XOM7CLQQFQYAGKZWZZHEWXP,2026-06-09T15:04:40
CI_390_2021,10.2130486221,-6.31767909646,2021,R,UWYV2OQINKL42BB6CA52Y7KH,2026-06-09T15:04:41
CI_391_2021,10.1082901919,-6.40974018049,2021,R,C6BXOJFYPZ65LMK6X6HCKENJ,2026-06-09T15:04:41
CI_392_2021,6.4795644188,-5.20770559091,2021,R,2ILO6X3ECQ2GPLZEWHZN2W2J,2026-06-09T15:04:41
CI_393_2021,6.565613115,-5.02854689961,2021,U,M6HSWGUPUJCNOLNIZXPRZB7G,2026-06-09T15:04:42
CI_394_2021,6.5755745141,-5.0041176076,2021,U,CWHV2IKC4WDKSJETJAW4SCD7,2026-06-09T15:04:42
CI_395_2021,6.56966173588,-5.08547590306,2021,R,WGMOKSFN6FFMZIGTIKRYMD43,2026-06-09T15:04:43
CI_396_2021,7.15184904184,-5.36045908633,2021,R,3FYKJ6SGMQYH4YYO6EWHQMVZ,2026-06-09T15:04:43
CI_397_2021,7.15503139579,-5.21180325155,2021,U,3ETQFRXREB7ESGKV5SIO4GRS,2026-06-09T15:04:44
CI_398_2021,7.04234739027,-4.89511329837,2021,R,RKK32JS5DZ7ODKZQ464X5HNT,2026-06-09T15:04:44
CI_399_2021,7.43093958885,-5.0217762101,2021,R,NYXXN2IO3KNYBU2RBBPHR4RX,2026-06-09T15:04:44
CI_400_2021,7.42293148534,-4.76600293888,2021,U,2S7QJ635HARKJSR4YOWRTO7H,2026-06-09T15:04:44
CI_401_2021,6.38534699758,-5.1295660473,2021,R,TGSYXQT5AQSHZMHZXICGNJZ5,2026-06-09T15:04:45
CI_402_2021,8.22258544117,-5.66420778348,2021,U,JOCGHVJEOQSVAVP6Z4P2J5TX,2026-06-09T15:04:45
CI_403_2021,8.22839197388,-5.56818146809,2021,R,INU6L4QBPUE564UOGXSZSDWE,2026-06-09T15:04:46
CI_404_2021,8.05175569222,-6.19693794701,2021,U,LOI4I6ZT3HULCPERIJIPA4YM,2026-06-09T15:04:46
CI_405_2021,8.14558387226,-6.14905437973,2021,R,3O7XODYXY33VVKAJGVNW7J3E,2026-06-09T15:04:46
CI_406_2021,8.46352161192,-5.93575468437,2021,R,MJKAWLV6SGPXFMS3WSI44G52,2026-06-09T15:04:47
CI_407_2021,8.4001641578,-6.1040455894,2021,R,ZBVOUBFTT2CVKPRUQLAZB64G,2026-06-09T15:04:47
CI_408_2021,8.18400548756,-5.72277321497,2021,U,EMZ5O526NQGCLGDVX4WLIDSR,2026-06-09T15:04:47
CI_409_2021,8.04405189939,-5.76677478126,2021,R,EAIFH4TKJM2WIEVDSB2BKQAQ,2026-06-09T15:04:48
CI_410_2021,7.7336508421,-6.10925330523,2021,R,DLVDVQAPXV6K62LYX7VQBOUO,2026-06-09T15:04:48
CI_411_2021,7.82174174542,-5.82225679322,2021,R,SQYKSS2YHPWVZVO3PWCS7K4G,2026-06-09T15:04:49
CI_412_2021,8.94699450677,-6.25925283374,2021,U,W3LIE5PQOYQX33RXBPKIQEWR,2026-06-09T15:04:49
CI_413_2021,8.91528111677,-6.51529100001,2021,R,Y3BOLWECNMYQ2PA6YGQNBYAX,2026-06-09T15:04:49
CI_414_2021,8.76351543995,-6.25050950466,2021,U,XAHKWPVTFFLMEKVN4V5HIWH3,2026-06-09T15:04:50
CI_415_2021,8.68031988814,-6.06562151468,2021,R,FDBJUIDLHE4URA3KOSEUFVWH,2026-06-09T15:04:50
CI_416_2021,9.55124797192,-3.1557887153,2021,R,LSM2L3KSB5A6EKSFGHZNKO4M,2026-06-09T15:04:50
CI_417_2021,9.26059892387,-3.00072194567,2021,U,QOBDILD7W2HCHYTB7KLHAQSJ,2026-06-09T15:04:51
CI_418_2021,9.27043384047,-2.995587717,2021,U,TX3XIMME5MMQ5MXQUMKILZQB,2026-06-09T15:04:52
CI_419_2021,9.4080627031,-2.87682395759,2021,R,JX2AEVDTMKU6J7OF5X4LEMBP,2026-06-09T15:04:52
CI_420_2021,8.98713964186,-3.12390543996,2021,R,GKP6TELIRU2YXGIBJAULOIT5,2026-06-09T15:04:52
CI_421_2021,8.62082899676,-3.75764096356,2021,R,WVAVQUB65QMFH4LZT4OGF3AW,2026-06-09T15:04:53
CI_422_2021,9.70630199704,-3.0377423824,2021,R,C626I36S4RFPB5FIH6572ZQZ,2026-06-09T15:04:53
CI_423_2021,9.81950103101,-3.36042528885,2021,U,MJJDDOGYGZA63NNSHEOQ3PMI,2026-06-09T15:04:53
CI_424_2021,9.78547185027,-3.20264574043,2021,R,JFZYFQJN3G3C3KSL4UWJ3BDU,2026-06-09T15:04:54
CI_425_2021,9.57126490009,-3.57562966265,2021,R,T3DWPFV44I6EQ424YTRGIGBW,2026-06-09T15:04:54
CI_426_2021,10.0613332778,-7.95064691442,2021,R,4OXRYXNYZKV4RSWRDQPL6MDS,2026-06-09T15:04:55
CI_427_2021,10.2311408675,-7.48200406324,2021,U,OS27JGYYFPVIT4UHYL7V7YX2,2026-06-09T15:04:55
CI_428_2021,10.2400859507,-7.37785025851,2021,R,C7E7CNMSF6SY5ST5RD2G42JR,2026-06-09T15:04:55
CI_429_2021,9.97562380469,-7.12217538831,2021,R,OJF6KKA4HXITL7TLLRHYVTMT,2026-06-09T15:04:56
CI_430_2021,10.133607345,-7.02055791279,2021,R,62UOOSX4M3JOCLE577LCR3QP,2026-06-09T15:04:56
CI_431_2021,9.81365736831,-7.50927942606,2021,U,IFJORT5UHX6JHGXZLE467LHE,2026-06-09T15:04:56
CI_432_2021,9.8499994814,-7.38119431451,2021,R,SHZ4LFFHCS2IH5CFY4S5LO3O,2026-06-09T15:04:57
CI_433_2021,10.3133752102,-6.93588816776,2021,R,SX4GCAGCZ7B6OYBA24HTTCIT,2026-06-09T15:04:57
CI_434_2021,10.1570667699,-6.95396504127,2021,R,RMOIKHZYQYK5VRVKGNFY6HE3,2026-06-09T15:04:57
CI_435_2021,5.17439593175,-6.06880634757,2021,R,YPH6V3LB6SG5775KTNV6VKC4,2026-06-09T15:04:58
CI_436_2021,5.22339425796,-6.37190089548,2021,R,OKDU7JB53ENTWSB5DXXU3P2W,2026-06-09T15:04:58
CI_437_2021,5.36441491282,-5.91061556238,2021,R,OL67IWTZR3UM3VNWRUVW4DWI,2026-06-09T15:04:58
CI_438_2021,4.9464772773,-6.11666343111,2021,U,VU32JIVDFHEZO25OJZBS2LYW,2026-06-09T15:04:59
CI_439_2021,5.03755368801,-6.21256277633,2021,R,D22L2FEG6C4L5HDCSU6FVDDE,2026-06-09T15:04:59
CI_440_2021,5.11103941602,-5.58534302592,2021,U,ZR766OU4VFPF7KFJY54HYDNO,2026-06-09T15:05:00
CI_441_2021,5.07280169559,-5.73709539359,2021,R,WRI3XUMUONZO3Z5TRDFUP6KA,2026-06-09T15:05:00
CI_442_2021,5.55838043132,-5.00531845736,2021,U,BSBA2GM3OIAMW6S26F4WCQNO,2026-06-09T15:05:00
CI_443_2021,5.12160801893,-5.36528753917,2021,R,W55GCAZ2B2CPYBIQU6QOWFS7,2026-06-09T15:05:01
CI_444_2021,5.19375321883,-5.22430115712,2021,R,YX47N7PNDWZMYTMJ5PDPQHIK,2026-06-09T15:05:01
CI_445_2021,5.32535447582,-4.36714401438,2021,U,W427ZNSP4LBUSD3BUC2QVGRQ,2026-06-09T15:05:02
CI_446_2021,5.3279469361,-4.35954727872,2021,U,36PNZMHOH6K3REVWHJ6TJ4ON,2026-06-09T15:05:02
CI_447_2021,5.29504280264,-4.49964228183,2021,R,PI737U2WSMJMJCW3YW3YEJSZ,2026-06-09T15:05:02
CI_448_2021,5.32669194168,-4.63657528409,2021,R,LDHNJPCLCSAKU5543VAOVDIW,2026-06-09T15:05:02
CI_449_2021,5.21587262268,-4.42667487776,2021,U,MVOS5RPZQK646MRKDU4IT6CP,2026-06-09T15:05:03
CI_450_2021,5.22289430529,-4.49573717679,2021,R,YKZ4ZUI6BAV6VO2NTZIXNA4U,2026-06-09T15:05:04
CI_451_2021,7.02403035975,-7.4809992425,2021,U,U5CA3JCFZFAP2ECIGRRC4GKF,2026-06-09T15:05:04
CI_452_2021,7.12637835841,-7.36216243514,2021,R,CH3HA624NYUQAF7JF4EFXGLV,2026-06-09T15:05:04
CI_453_2021,6.90250603319,-7.62681891602,2021,U,EZFC7ME4BOPKREPZGELS5GIB,2026-06-09T15:05:05
CI_454_2021,6.93523115861,-7.73442101594,2021,R,3HUSPFRC3PUUZLANM6C3NEO3,2026-06-09T15:05:05
CI_455_2021,7.00133538976,-7.74594527299,2021,R,H7SHGICQ2YT3FHSIZUP3NS2I,2026-06-09T15:05:05
CI_456_2021,6.73265684935,-7.36218879926,2021,U,MZIKONZF7L3HJCV2ONUSTZ7D,2026-06-09T15:05:06
CI_457_2021,6.74775057801,-7.35568297833,2021,U,UJR5QLGX73IQC3PV65RQWMG2,2026-06-09T15:05:06
CI_458_2021,6.7851664945,-7.52929797816,2021,R,WOLXB3ROMK5MHCB4SS7L3JF2,2026-06-09T15:05:07
CI_459_2021,6.48880885824,-7.15256371525,2021,U,RZZR3JH2ABSJXT5YBA3QVKCY,2026-06-09T15:05:07
CI_460_2021,6.5229171225,-7.2066221084,2021,R,QQC7ORSWMQTC5MJBVL4B5KWU,2026-06-09T15:05:07
CI_461_2021,6.67017908296,-7.21039445804,2021,R,B3IJRQNM3X2GN5SDFB4KEY5T,2026-06-09T15:05:08
CI_462_2021,7.28030314418,-7.09537987116,2021,R,3RSNZ3CFPQNT2FBR7W6RBPUB,2026-06-09T15:05:08
CI_463_2021,7.22673748524,-7.39297136302,2021,R,52SWG67BIFYUJUVZG37EGVH6,2026-06-09T15:05:08
CI_464_2021,7.37297037328,-7.37855484866,2021,U,U27YLXLKYDNUEVREAU4KTPQK,2026-06-09T15:05:09
CI_465_2021,7.36204560557,-7.47081362244,2021,R,HBOSKGYYI3IKUN7M6ZORONAM,2026-06-09T15:05:09
CI_466_2021,8.34440137575,-4.65002980873,2021,R,2Y3N4QPXZ4WNTJ6ETXSH32RL,2026-06-09T15:05:10
CI_467_2021,8.37026408424,-4.43413777198,2021,U,U3TSTNP7FAYHRM2H6PH6MWQJ,2026-06-09T15:05:10
CI_468_2021,8.1246387197,-4.39284841316,2021,R,32O7MVKKRQOWE24STE2LINBF,2026-06-09T15:05:10
CI_469_2021,8.42694949181,-4.67105225855,2021,R,IAT26VDIDHS6NFMOKWXLZ2GZ,2026-06-09T15:05:11
CI_470_2021,8.52312476334,-4.48365542168,2021,R,4JYCOIFO6MVF7DX3TSEQLPVC,2026-06-09T15:05:11
CI_471_2021,8.22130889075,-5.1210159514,2021,U,LZRIJE244H7TNTS4FMKAZZZW,2026-06-09T15:05:11
CI_472_2021,8.21214978942,-5.30543962882,2021,R,UVUSDQ64O3BWFM2YIVVWEN6I,2026-06-09T15:05:12
CI_473_2021,8.14118075214,-5.1283440517,2021,U,KCSNMANICL6CCQITI4F6TEGR,2026-06-09T15:05:12
CI_474_2021,8.63896445107,-5.14123053759,2021,R,PDCHQJ2C7WKSXYRXNSMZXYGF,2026-06-09T15:05:12
CI_475_2021,8.65533675113,-5.28157460334,2021,U,L5FBYN2LGCMKZCG2FIQPM2DW,2026-06-09T15:05:13
CI_476_2021,8.6036162648,-5.42621594999,2021,R,DKL6S5KHQ75J4IAOMXMZ37IL,2026-06-09T15:05:13
CI_477_2021,8.67449387691,-5.66708209028,2021,R,ZG7S2OCF3APZQFVBG4U4XMXV,2026-06-09T15:05:13
CI_478_2021,7.07169124563,-3.96092126631,2021,U,NR773PEZZDU4ULOZZ3KNXX6U,2026-06-09T15:05:14
CI_479_2021,7.02242446551,-3.90454193342,2021,U,UK4EZMJLWIBNAEIME7HAOK75,2026-06-09T15:05:14
CI_480_2021,7.09916932154,-4.00771004351,2021,R,4ANX6JVNOOGU3GQ5TVVNTBA3,2026-06-09T15:05:15
CI_481_2021,7.28561966931,-3.99644280628,2021,R,Y2KTKIQAC5KO3LQOVOPZ3OMN,2026-06-09T15:05:15
CI_482_2021,7.6810266978,-4.22397701173,2021,R,474LCSM2MEZQRMANVCXZT4AA,2026-06-09T15:05:16
CI_483_2021,7.44514384523,-4.33808144369,2021,U,DGXM6UIDGQEZHHL7LXH7JSEE,2026-06-09T15:05:16
CI_484_2021,7.45587945998,-4.17766635202,2021,R,GFRHXE546C543SE5VV44IPV7,2026-06-09T15:05:16
CI_485_2021,7.55208412734,-3.92174184542,2021,R,VJ4I56SYM4N5CNQ7JGGVW6YK,2026-06-09T15:05:17
CI_486_2021,7.76103793169,-3.97456175648,2021,R,BTG3LEPFMUFNRWLFKWTURBDX,2026-06-09T15:05:17
CI_487_2021,6.1241529263,-3.85852038494,2021,U,YDEEIO3RD4ZX5UKY2C3B2L3N,2026-06-09T15:05:17
CI_488_2021,6.11839100558,-3.849387143,2021,U,HQBSJ7BEWDTKGE6ERSMAPV7J,2026-06-09T15:05:18
CI_489_2021,6.17586024819,-3.90747847912,2021,R,7IU4TACQV5GFQ4J7KWVUE7LH,2026-06-09T15:05:18
CI_490_2021,6.05542065045,-3.96867570303,2021,R,DOOA5ZJETTNYGOLOURXUHV7H,2026-06-09T15:05:19
CI_491_2021,5.80980795945,-3.95325865517,2021,U,VWGL53ATBA24WQKCICSNQMUA,2026-06-09T15:05:19
CI_492_2021,5.4818317554,-3.67641916718,2021,R,NL27AWXEIVOGAYWK3B4ADJOY,2026-06-09T15:05:19
CI_493_2021,5.67527800033,-3.76486162011,2021,U,CLBQK7ETDL77N63WFH4ONKER,2026-06-09T15:05:20
CI_494_2021,5.59722400249,-3.84906511078,2021,R,X6EEXL67MXBELFEZ6IRQ4MTV,2026-06-09T15:05:20
CI_495_2021,6.21658259409,-4.00526410536,2021,R,6KTFJXGVUIUHQ2TE27MGMAIE,2026-06-09T15:05:21
CI_496_2021,6.3827268403,-3.86333956709,2021,U,3Z7VAUXDDINFLN63YKE3PLXC,2026-06-09T15:05:21
CI_497_2021,6.59036268318,-3.75487759822,2021,R,LYXX4HMBMKNIC37EFG32ZFVQ,2026-06-09T15:05:21
CI_498_2021,6.18186757906,-3.65459775791,2021,U,MTR3Z2GNMJ6QCHPLYDEXYCFN,2026-06-09T15:05:22
CI_499_2021,6.17444563713,-3.5957962557,2021,R,KFQWE7NKW4DB3WL626ALSW6B,2026-06-09T15:05:22
CI_500_2021,6.23604164237,-6.56930517157,2021,R,HUMJENZ7NIHQ6E5JKWRGZAIH,2026-06-09T15:05:22
CI_501_2021,6.00895559988,-6.3601130223,2021,U,PKQL26IFVLZHANYTXMZTW6CU,2026-06-09T15:05:23
CI_502_2021,5.9390010981,-6.51501551886,2021,R,3AZWHACUF2Z4Y4TRYDEPYX3O,2026-06-09T15:05:23
CI_503_2021,5.87324882514,-6.49504959864,2021,R,FJRGHNEAA7ELIPWVPMEJB6Z3,2026-06-09T15:05:23
CI_504_2021,5.67931170588,-6.33487913427,2021,R,BIWWT2LYA2S6JPJQ4VFSXBPH,2026-06-09T15:05:24
CI_505_2021,5.78658240136,-6.58778709385,2021,U,GBTP2MECGSGZO3CPCXWJO6LS,2026-06-09T15:05:24
CI_506_2021,5.77044719454,-6.59700163893,2021,U,U7L6UHQKFWEU5Y7BCSG2S4PG,2026-06-09T15:05:24
CI_507_2021,5.78760635639,-6.61064818539,2021,U,4H3E4X35V4XS52N3G3YRWO5E,2026-06-09T15:05:25
CI_508_2021,5.92651302543,-6.70537915127,2021,R,BNPHFP4Z5JFLFEBH5R7SPNUO,2026-06-09T15:05:25
CI_509_2021,5.36636872514,-6.03635004595,2021,R,FU73H62C2H43JFBKUYZ4YLLD,2026-06-09T15:05:26
CI_510_2021,5.69957332565,-6.06786369618,2021,U,AN7BCVQZAUKXUZZ4KL4A2DGZ,2026-06-09T15:05:26
CI_511_2021,6.18098152014,-7.06264445299,2021,R,AULGLSV6XCOPKKVBRJI5PS2R,2026-06-09T15:05:26
CI_512_2021,5.91087318475,-6.78256780651,2021,R,2QVKEITLYXVQZIJOCZJEUL35,2026-06-09T15:05:27
CI_513_2021,5.81114746044,-6.81034364742,2021,R,VQWUVFGWUZFMMGCBDUUHKMOK,2026-06-09T15:05:27
CI_514_2021,5.40766405209,-6.54978518128,2021,U,GLMA2K7F4MKGMON5ZS23ITEV,2026-06-09T15:05:27
CI_515_2021,5.41013044941,-6.56206845629,2021,U,UY4VUPRJLJYYODCYQME66GXE,2026-06-09T15:05:28
CI_516_2021,5.3339660011,-6.51261937855,2021,R,KQ4G5MZ6HWR4WLOMRUO424PZ,2026-06-09T15:05:28
CI_517_2021,5.5492178082,-6.93514876935,2021,R,XSYOTWVDNT2NKBPMGAXIRNXP,2026-06-09T15:05:28
CI_518_2021,9.60695174388,-5.18600585105,2021,U,W3I4IJAH6A3YOHYA7IH64QSE,2026-06-09T15:05:29
CI_519_2021,9.576813368,-5.21045641672,2021,U,O6SM44MBMZQZHHWN4E7MFRWV,2026-06-09T15:05:29
CI_520_2021,9.71839966643,-5.08290301615,2021,R,6R7MCXM6KAUXN57WZBCHVJET,2026-06-09T15:05:30
CI_521_2021,9.73338992477,-5.15240204233,2021,R,X5CLUTPNEX7KYD2SUPSTJC7K,2026-06-09T15:05:30
CI_522_2021,10.1193778908,-5.29981948532,2021,R,DX32BGDCFLCBS2NW5PWQN6OV,2026-06-09T15:05:30
CI_523_2021,10.0743165884,-5.23309455551,2021,U,MSJYZ36C3U37QNXKTI2PMNHD,2026-06-09T15:05:31
CI_524_2021,10.1223214089,-5.07338372782,2021,R,HYQEBTMTQ2IPLIGCA2Z34PHO,2026-06-09T15:05:31
CI_525_2021,9.96973313675,-5.16295228282,2021,U,HGP3JDARPQRHPDP7QY4PH25X,2026-06-09T15:05:32
CI_526_2021,10.1075641116,-5.2592330093,2021,R,ZXFCB6IZDPGMC2GMKFV5FPZ5,2026-06-09T15:05:32
CI_527_2021,8.95460815864,-4.40999816154,2021,R,6R255IDT5E5EXDICRAOISZW5,2026-06-09T15:05:32
CI_528_2021,9.44242039899,-4.71609780649,2021,U,KIPH4VHIQ2UYMD5QPCGGJL2N,2026-06-09T15:05:33
CI_529_2021,9.58646513632,-4.76775574308,2021,R,U6DBKV6BER7SV5TMNQPU2QXQ,2026-06-09T15:05:33
CI_530_2021,6.7684152679,-4.0853135652,2021,U,RQPIWTFVGJ5BUVTRCNIEMK4W,2026-06-09T15:05:33
CI_531_2021,6.72707995934,-4.24020068183,2021,R,USOCYEDJCNFYB2W6K6VDV3S6,2026-06-09T15:05:34
CI_532_2021,6.66226492067,-4.2185366243,2021,U,FOKP3MGWNK23JAKWN4YFN7HA,2026-06-09T15:05:34
CI_533_2021,6.69425001881,-4.32548759835,2021,R,NBRSGQ7CTIR6JOEQX74O4CE2,2026-06-09T15:05:35
CI_534_2021,6.68802446088,-3.97673679805,2021,U,HS6DV6K75NDUXUAZAID4NV4S,2026-06-09T15:05:35
CI_535_2021,6.69092554168,-4.13217781568,2021,U,4F3MTE5Z5PER4C2BNZEFEYLW,2026-06-09T15:05:35
CI_536_2021,6.62922396611,-4.04709956766,2021,R,OKQSXMN2ULOSNWK475YBX6PS,2026-06-09T15:05:36
CI_537_2021,6.47239471013,-4.36083180836,2021,U,A7ZHU3FCCBREAQN3RSGJJKXQ,2026-06-09T15:05:36
CI_538_2021,6.43093580478,-4.35159349485,2021,R,G3N7KCG2KS4NB6SSLWQ6BJUZ,2026-06-09T15:05:36
CI_539_2021,6.34549197983,-4.32056390067,2021,R,HHSG227ZGSZVUTYXYX2PNXLV,2026-06-09T15:05:37
CM_1_2011,10.34002,15.266488,2011,U,VBFPN6KI5K42NN4QJVFAD5JB,2026-06-09T15:05:37
CM_2_2011,4.081516,9.762119,2011,U,TCUPAYPHM4K4BUU2OQRLRQAU,2026-06-09T15:05:37
CM_3_2011,5.958239,10.186587,2011,U,P62RMD5MNFVJ4UKUVVWAQC4P,2026-06-09T15:05:38
CM_4_2011,5.967302,10.15011,2011,U,HGIXI4XYQHICOELA63QKKVOU,2026-06-09T15:05:38
CM_5_2011,5.155473,10.18257,2011,U,EMYHM2LNG5IUK4BPMTNFFMDI,2026-06-09T15:05:38
CM_6_2011,5.74975,9.31189,2011,U,AZ7ZRMTEPYHK5IAYNAO5XMVR,2026-06-09T15:05:39
CM_7_2011,12.417951,14.402291,2011,R,3EKQELOZOQNJKWSI7WLZ4F6U,2026-06-09T15:05:39
CM_8_2011,5.581799,10.434224,2011,R,P5235YVQBSV6IGRCQTZW2XEM,2026-06-09T15:05:39
CM_9_2011,5.961311,10.159098,2011,U,WOE2GLKBKFLRXACSDAFBXX5W,2026-06-09T15:05:40
CM_10_2011,9.018322,14.276428,2011,R,JMCBGRGVKHBTNBZX3AFRNPOM,2026-06-09T15:05:40
CM_11_2011,4.549818,9.44929,2011,R,4PR7QBC6XGHNY4KAY64QMT4C,2026-06-09T15:05:40
CM_12_2011,2.692656,10.097065,2011,R,3TSG7OWGFQ5VW3YPAXVFMF3J,2026-06-09T15:05:41
CM_13_2011,5.737911,10.89179,2011,U,PZVQX52DZXWVP55EN4CIPBGK,2026-06-09T15:05:41
CM_14_2011,5.100264,9.860473,2011,U,PCF2BNTRU4MTYGHAVX4R2WMC,2026-06-09T15:05:41
CM_15_2011,5.015885,9.965324,2011,U,4S4EEA3BJQJXUHARHTPACYDY,2026-06-09T15:05:42
CM_16_2011,6.490726,10.693513,2011,R,WSRTRW3H7QCCMJLDGSG7PGCD,2026-06-09T15:05:42
CM_17_2011,12.058689,15.023402,2011,U,JPDW6FPVNVQA65JP7UGW3ZEZ,2026-06-09T15:05:43
CM_18_2011,9.173604,13.712565,2011,R,2QRKJT52J6XNACDEATISK2E4,2026-06-09T15:05:43
CM_19_2011,10.809177,13.862571,2011,R,JYGVVZJHWSNQDXVXUTPDMFN3,2026-06-09T15:05:43
CM_20_2011,8.173162,14.927375,2011,R,QGTVIINNWR727U6JY3PT4CG5,2026-06-09T15:05:44
CM_21_2011,4.02954,11.387712,2011,U,4CD6KK2B4SBGLXAMRSQ37IHB,2026-06-09T15:05:44
CM_22_2011,5.494717,10.406034,2011,U,WTFEM2T2EKZNRVVSQ7X5JPZM,2026-06-09T15:05:44
CM_23_2011,3.947826,11.543237,2011,R,IFL376QSKBLRFOJOJDVPWI2M,2026-06-09T15:05:45
CM_24_2011,6.090601,10.098243,2011,R,LAY6ND7FXKNNQRJREESUWEGY,2026-06-09T15:05:45
CM_25_2011,4.632416,9.45155,2011,U,QBFVGKAJ64ZGHQ66GHAJJJ66,2026-06-09T15:05:46
CM_26_2011,5.702245,9.991017,2011,R,ADWPVVUKDZ6MW5FY7TDGQFRQ,2026-06-09T15:05:46
CM_27_2011,4.005414,9.712729,2011,U,EEZV7DU2S54NDAA7XHTFFTF4,2026-06-09T15:05:47
CM_28_2011,2.949635,9.919198,2011,U,ADBUBEX5EISMCWXVHDSFV7TA,2026-06-09T15:05:47
CM_29_2011,3.998869,9.746604,2011,U,7IW6FJFG36S34WQL5V52PGD3,2026-06-09T15:05:47
CM_30_2011,4.96972,8.888407,2011,U,QHDCNRQGVL4RZL2G2WNBNUYO,2026-06-09T15:05:48
CM_31_2011,5.505787,14.363278,2011,R,T3GGAIW6B5YMNAIEGN5XQUWJ,2026-06-09T15:05:48
CM_32_2011,4.014122,9.735863,2011,U,G5ZGRZ6TGJ3PLNR62LIPRXRU,2026-06-09T15:05:48
CM_33_2011,5.50616,10.291775,2011,R,XMPSSCXDDRNT2YVUWMLVW2A2,2026-06-09T15:05:49
CM_34_2011,5.58923,10.164923,2011,R,LDOMFBJJDLMUSJJQ5OMCXOY6,2026-06-09T15:05:49
CM_35_2011,2.935245,9.910339,2011,U,HBXFU2M4PCSOAT7ULT5N7OVE,2026-06-09T15:05:50
CM_36_2011,5.87119,13.323666,2011,R,7MGP2IW2SF55Q52QJSQWPBPI,2026-06-09T15:05:50
CM_37_2011,3.84928,11.469406,2011,U,YL57QQVHFGQYKKILQ3L6FM7P,2026-06-09T15:05:50
CM_39_2011,5.454752,10.071593,2011,U,4LC47TC5TF7W657MD6XQ7TWO,2026-06-09T15:05:51
CM_40_2011,6.087083,10.601954,2011,R,OQFYIL2FOYYEDEL4PA3PLPXZ,2026-06-09T15:05:51
CM_41_2011,4.862323,9.823747,2011,U,AM3MS24ZWNPLXNQA4OXJPZ6R,2026-06-09T15:05:52
CM_42_2011,9.546565,13.768098,2011,R,JOY24Z2OMPZ2LZ6BIEWL7A6L,2026-06-09T15:05:52
CM_43_2011,11.037994,14.142585,2011,U,OSSB4YE6BLWNM6LNRGXWZ3R3,2026-06-09T15:05:52
CM_44_2011,7.357438,12.642977,2011,U,PFRZP5DUBQX3AWI4UNBJ4LE6,2026-06-09T15:05:53
CM_45_2011,5.129839,10.503079,2011,U,YNRTX4KDAD5N4FBQLQBJKV3D,2026-06-09T15:05:53
CM_46_2011,10.14444,14.047888,2011,R,IP7ZW2AUTCHYTZEIQFWADFT5,2026-06-09T15:05:54
CM_47_2011,11.014008,14.071579,2011,R,FCML2RHAXDTLN2R5F6DQD62S,2026-06-09T15:05:54
CM_48_2011,7.283848,13.598923,2011,U,IHS7FPZID2JCFCJE7B4D3S2P,2026-06-09T15:05:54
CM_49_2011,9.698617,13.970495,2011,R,OL2XDL3MTBU7RYI6MI3KGRPR,2026-06-09T15:05:55
CM_50_2011,3.822701,10.105513,2011,U,HGANWXY3LX2QZJJAXUDGLLBO,2026-06-09T15:05:55
CM_51_2011,3.434708,12.444125,2011,U,XZLFBFUQPM3II3AIDZSFJJSI,2026-06-09T15:05:56
CM_52_2011,10.873318,14.06573,2011,R,CL6K5GOHWNKS3DOUUG6ZACJX,2026-06-09T15:05:56
CM_53_2011,6.358924,10.372609,2011,R,FUJDZTV7AWJPTGFKUFGJKT6P,2026-06-09T15:05:56
CM_54_2011,3.780513,10.113632,2011,U,XASMO7QHJ4XCMKUPXZUZHPAV,2026-06-09T15:05:57
CM_55_2011,3.861135,11.440346,2011,U,I3CKF5HRMGRCG52P2ZFR3CRP,2026-06-09T15:05:57
CM_56_2011,4.071636,9.659611,2011,U,OIVMGOV4DZ6SW4CHARRUYH5Y,2026-06-09T15:05:57
CM_57_2011,5.249283,9.79333,2011,R,WCVWMGZ2CEEN3FOYWWK73IXK,2026-06-09T15:05:58
CM_58_2011,5.435846,10.041159,2011,U,U4XASPMYDRYCVOYS2P5MS3AJ,2026-06-09T15:05:58
CM_59_2011,4.037937,9.710777,2011,U,LVM5RXRMENXASRYMIWGCXEKK,2026-06-09T15:05:58
CM_60_2011,9.933613,13.937396,2011,U,FOZAFZNQD7KSEBWOV2VMG6CT,2026-06-09T15:05:59
CM_61_2011,10.621827,13.985997,2011,R,EO3MDAZHUDXTQW6MDSIQXKYX,2026-06-09T15:06:00
CM_62_2011,2.036942,15.203841,2011,U,EKJ2TV3RYATJNSA7KLLDXF6X,2026-06-09T15:06:00
CM_63_2011,9.357121,13.419225,2011,U,LPNWQBNYHYL4S7HTBENADMT7,2026-06-09T15:06:00
CM_64_2011,11.211127,15.031549,2011,R,ABMYH6JYVHOI4FEKPGXUVIHD,2026-06-09T15:06:01
CM_65_2011,4.06,9.714476,2011,U,WO5HZ3UWLWWIXG4LSZZQWAGY,2026-06-09T15:06:01
CM_66_2011,10.741651,14.107587,2011,R,KQTN5R43QXFJPBF5ZGNLZZBM,2026-06-09T15:06:02
CM_67_2011,6.81934,10.752173,2011,U,TTRFBVKL76JYAGWGSPYMCYYV,2026-06-09T15:06:02
CM_68_2011,4.152175,9.271613,2011,U,ZXDZEMWONECURSLKRNV7LICK,2026-06-09T15:06:02
CM_69_2011,10.731148,14.5011,2011,R,F3VO2SLWMCHZUCZXH4QNWYVX,2026-06-09T15:06:03
CM_70_2011,4.671782,9.455939,2011,U,KZH7WCGUQVWCZ2CGUIOUHJQU,2026-06-09T15:06:03
CM_71_2011,4.316456,9.436418,2011,R,DPPS5JZS76J57WB26PGYU3WS,2026-06-09T15:06:03
CM_72_2011,4.291233,9.424681,2011,U,5Y3W3AW4RWBFFB3KBM5P2LKG,2026-06-09T15:06:04
CM_73_2011,4.029643,9.740229,2011,U,NAB3PPIINUXLZY3NESWNQSEH,2026-06-09T15:06:04
CM_74_2011,3.679508,11.52521,2011,R,2X37IE4YCO4PY3EBRPJGOAF4,2026-06-09T15:06:04
CM_75_2011,5.616482,10.253074,2011,R,2E4WCO6EGTJIGQI32RFOD4TM,2026-06-09T15:06:05
CM_76_2011,3.993097,9.770241,2011,U,6OICO5GZDWBP3JLTXZ7ZRAIB,2026-06-09T15:06:05
CM_77_2011,3.884908,11.523992,2011,U,2OVIKOKOSDJBSEE6T2A7Q6PJ,2026-06-09T15:06:05
CM_78_2011,10.291681,15.033533,2011,R,4DBZH7BS6LQV5QTHDNURO7WN,2026-06-09T15:06:06
CM_79_2011,6.036746,10.615354,2011,R,H7SD2HOYACAVYNYGMQCBM4DE,2026-06-09T15:06:06
CM_80_2011,4.021661,9.765739,2011,U,BVP2YGGC4JQ772GPBHHTBPPB,2026-06-09T15:06:07
CM_81_2011,4.760111,9.177541,2011,R,OPA45VDAS5N7CQ374RMT4J3P,2026-06-09T15:06:07
CM_82_2011,10.706599,15.067193,2011,R,R6Y4DOBDKO57S2NUWQ4HJJIJ,2026-06-09T15:06:07
CM_83_2011,4.017568,9.724761,2011,U,OCAJJREZYSDDQXHPZWGUXZVB,2026-06-09T15:06:08
CM_84_2011,4.251086,11.442713,2011,R,5MYS6HJTDATWIFBPDWPJBAND,2026-06-09T15:06:08
CM_85_2011,5.776796,10.81256,2011,R,WG42FZ5TO23CMKOOUKEKEBB5,2026-06-09T15:06:08
CM_86_2011,3.878603,11.503015,2011,U,FI6IJ76MLL7MVV5GYGN3O7N7,2026-06-09T15:06:09
CM_87_2011,6.208449,10.677761,2011,U,FNI4XT54YINFPJ4FBHNILH4C,2026-06-09T15:06:10
CM_88_2011,3.385042,15.05342,2011,R,N3GEBWTF2GCJPBFMVRMX7LNB,2026-06-09T15:06:10
CM_89_2011,3.561881,13.416977,2011,U,OOOBJFRSKBFZUL26LTEDJ42U,2026-06-09T15:06:11
CM_90_2011,5.759511,10.642964,2011,R,4RGYWTN37QPDHIJVXTMHTLAX,2026-06-09T15:06:11
CM_91_2011,4.011617,9.714581,2011,U,MLHHF6DKJZUBKR47TKISYNV2,2026-06-09T15:06:11
CM_92_2011,7.060517,13.766,2011,R,RLOYQ7DFGX4HHSV7VL3PH4PC,2026-06-09T15:06:12
CM_93_2011,3.84389,10.11724,2011,R,VWFDYNKSOUZNHWQUZ7EKFUN6,2026-06-09T15:06:12
CM_94_2011,4.241184,14.030344,2011,R,DWNYCEQ66WUOVN6R6GS4DIIR,2026-06-09T15:06:12
CM_95_2011,4.510887,9.153801,2011,R,CUBVF26STNOEYJFKD65ZTIFC,2026-06-09T15:06:13
CM_96_2011,3.886034,11.526768,2011,U,OLKNRHKQ3A2ZTR6PVAOWRMR3,2026-06-09T15:06:13
CM_97_2011,4.063088,9.73242,2011,U,YWEIVC4CEI6QVUFQIFI2GLUA,2026-06-09T15:06:13
CM_98_2011,9.290277,13.884838,2011,R,O5XJC6P7DNPCYSMHFEWUHAGQ,2026-06-09T15:06:14
CM_99_2011,6.498947,10.40116,2011,R,PCX2MQQJ4YL6NPKSOVZTWC3N,2026-06-09T15:06:14
CM_100_2011,10.249972,14.790981,2011,R,2WPPD3QJD3JPKRX6UJ4MUDSL,2026-06-09T15:06:15
CM_101_2011,5.337585,14.071097,2011,R,6OUVFXEFA4L23FGT3TEQLQ44,2026-06-09T15:06:15
CM_102_2011,7.545582,13.786484,2011,R,FDNHAZEZVJAHYOKQTNGU2YYR,2026-06-09T15:06:15
CM_103_2011,3.822046,11.522191,2011,U,PQHAGFWCVXZGYPQCSYZ3GTQN,2026-06-09T15:06:16
CM_104_2011,4.743144,11.19947,2011,U,XOLBON3X6OHNEDE2S63726DP,2026-06-09T15:06:16
CM_105_2011,3.864856,10.520364,2011,U,67L2VXY2LGLWRBTAHF7NN7A3,2026-06-09T15:06:16
CM_106_2011,5.528058,10.218359,2011,R,OABLVBBPJBXYNNB72FSGWCQG,2026-06-09T15:06:17
CM_107_2011,4.988331,9.931653,2011,U,HJZWAGEAH7SERDYU3EHZH3HW,2026-06-09T15:06:17
CM_108_2011,4.847395,9.820931,2011,U,ZLRFNKJ6MPQJCNU6B4WM3VXD,2026-06-09T15:06:17
CM_109_2011,4.575627,9.659244,2011,U,VBBCFTND5QKT7FOUUFEAN42U,2026-06-09T15:06:18
CM_110_2011,4.657728,9.724545,2011,U,BKSECE6L52TTKLYHORUPOV3Y,2026-06-09T15:06:18
CM_111_2011,4.011075,9.747127,2011,U,OEXQ2NJQ5X6L6WOOFNZXIVXR,2026-06-09T15:06:18
CM_112_2011,3.869957,11.5552,2011,U,YZ3FXWI5EBWVCQXEEVBRSQTP,2026-06-09T15:06:19
CM_113_2011,4.059004,9.737653,2011,U,A6EB3PYTKTY4PLKHSXQCWKG2,2026-06-09T15:06:19
CM_114_2011,2.944358,11.986984,2011,U,ZN6EHCKJNLR77LTQ6NX7ROJU,2026-06-09T15:06:19
CM_115_2011,7.275368,13.5656,2011,U,V7F4XOTVRLQE3YQIP57RIOM2,2026-06-09T15:06:20
CM_116_2011,4.026553,9.722659,2011,U,OR3CBODYRG5NFTWQ46PJVCOK,2026-06-09T15:06:20
CM_117_2011,5.776023,11.054503,2011,R,XW2SKC5XTFPIDJ45TUBRNHM4,2026-06-09T15:06:21
CM_118_2011,10.491522,14.631216,2011,R,GUL6VNSQEW7MUUDJDFIHHNAF,2026-06-09T15:06:21
CM_119_2011,7.32673,13.580262,2011,U,C5EHBQ225XUXSINPQ6V7J5QZ,2026-06-09T15:06:22
CM_120_2011,4.996375,9.786454,2011,R,QXCZ2LX23RH262CNHLFE7XWB,2026-06-09T15:06:23
CM_121_2011,4.01717,9.794843,2011,U,ZEVZJAQYJ3B26Y3NRSYZDIIS,2026-06-09T15:06:23
CM_122_2011,4.427943,14.354173,2011,U,HE7OHGNJICS22FSKREQ5KCLS,2026-06-09T15:06:23
CM_123_2011,4.674391,9.34632,2011,R,DOC44YQNBXATYUI5UPACZGUW,2026-06-09T15:06:24
CM_124_2011,3.865258,11.477092,2011,U,RMSCZG4IMJKFGKGJGE5TBGOQ,2026-06-09T15:06:24
CM_125_2011,4.044159,9.70729,2011,U,UZC65SPRKBJYTYR7E5QXU4LB,2026-06-09T15:06:25
CM_126_2011,5.057804,9.072138,2011,R,XLLHH4YPZJK72W5QYRZZCLKZ,2026-06-09T15:06:25
CM_127_2011,4.521236,9.228527,2011,R,Z7VYTOVKM6HMQE2RWI3G3GK2,2026-06-09T15:06:26
CM_128_2011,3.875945,11.517526,2011,U,YD5CUP6IWMQ47BENKC4JJQ2M,2026-06-09T15:06:26
CM_129_2011,6.857187,11.604446,2011,R,YEDFHE32CRHRZHPAKGG47NBF,2026-06-09T15:06:27
CM_130_2011,6.67313,11.714901,2011,R,IWEU3PUV3TTMHYKYDEKZYHSE,2026-06-09T15:06:27
CM_131_2011,10.762043,14.328673,2011,R,OK6GEMRZ735FN7DDGLKS5MQK,2026-06-09T15:06:27
CM_132_2011,3.885738,11.540546,2011,U,ZTOZAKAFIBF6UFWLDEOBUB4I,2026-06-09T15:06:28
CM_133_2011,3.088613,14.076922,2011,U,5AZA5X2VNDNGWNPDY23KRPI7,2026-06-09T15:06:28
CM_134_2011,4.061446,9.714067,2011,U,OZHJNE43NIX3NGKFCPNRNZWZ,2026-06-09T15:06:29
CM_135_2011,6.297939,10.552934,2011,R,BDDMRDFFOXZPETJFCSE7PIDD,2026-06-09T15:06:29
CM_136_2011,9.261365,13.583455,2011,R,6KPC7RRB3HLXP5R7QDUSXBIT,2026-06-09T15:06:30
CM_137_2011,3.840174,11.492708,2011,U,GYRQAMEPVPQY3IVSRN5GZ5DI,2026-06-09T15:06:30
CM_138_2011,7.947051,15.226749,2011,R,CXKE743W64FDEJFFWOUVVK72,2026-06-09T15:06:30
CM_139_2011,6.966985,14.510315,2011,R,57SPVOBNUOAYTUHUSFQO5PHJ,2026-06-09T15:06:31
CM_140_2011,2.774909,11.206105,2011,R,ZR5M3CE5EUCTCAKJI2R2VBHO,2026-06-09T15:06:31
CM_141_2011,4.055324,9.781427,2011,U,GCNWR43C7BOL2FEUD2RALE2O,2026-06-09T15:06:31
CM_142_2011,5.534521,10.387034,2011,R,HJTWTJ7X2VHBVQLIZOTUA6G2,2026-06-09T15:06:32
CM_143_2011,2.870573,10.021189,2011,R,VKTVO4Z63QX5SLAZVEWQPIY5,2026-06-09T15:06:32
CM_144_2011,5.623283,9.866981,2011,R,NRHERHOS7AIX3ABKOE6QLNIM,2026-06-09T15:06:32
CM_145_2011,5.844199,10.203512,2011,R,W2GK6QCMLEPTLCXXCDRJKDFE,2026-06-09T15:06:33
CM_146_2011,4.061635,9.728101,2011,U,5Y2VJ5JNTAFKHIOIOZPS56OE,2026-06-09T15:06:33
CM_147_2011,9.997827,15.428368,2011,U,JUHZWJZQK5KXPJUGP6HCGMYH,2026-06-09T15:06:34
CM_148_2011,5.440539,9.977459,2011,R,HOYYCCXEO5IK5JGBAWT2QGMK,2026-06-09T15:06:34
CM_149_2011,7.317084,13.576719,2011,U,65N7XT45ZVQMXTZ473AB3BMU,2026-06-09T15:06:34
CM_150_2011,2.989298,11.016289,2011,R,5535OCVU5OJNYHE3EEPQJSXK,2026-06-09T15:06:35
CM_151_2011,7.317504,13.575123,2011,U,5MXIRFXHH74BRKKVBX6QXFPW,2026-06-09T15:06:35
CM_152_2011,6.103778,9.283179,2011,R,TJL6JG7SPDBIXH36TIMZZL2U,2026-06-09T15:06:35
CM_153_2011,6.518585,14.28334,2011,U,BSSEBR2FBPB6WXKLBNRWTEXO,2026-06-09T15:06:36
CM_154_2011,10.093055,13.930404,2011,R,VODRSTSTYOGKJEEZKELEUFBR,2026-06-09T15:06:36
CM_155_2011,5.716735,10.893053,2011,U,MLJYYTU4FPN6NGVCDQN2VF6D,2026-06-09T15:06:37
CM_156_2011,3.861624,11.561645,2011,U,ARRJD7NPVWW2CIH6C3TJGXBU,2026-06-09T15:06:37
CM_157_2011,3.833196,11.484564,2011,U,YD4IZAHOKEDPALOT4XJWFVFE,2026-06-09T15:06:38
CM_158_2011,7.258973,13.936353,2011,R,BRPGVMC23ZBBTUTXKXNLUHA2,2026-06-09T15:06:38
CM_159_2011,5.524373,9.945071,2011,U,7QZYOKDRUT4TDQAZMREKJYRE,2026-06-09T15:06:39
CM_160_2011,4.568363,13.045817,2011,R,CRHMHM6MKFDJZSKCUD7UKEBC,2026-06-09T15:06:39
CM_161_2011,4.514482,10.869934,2011,R,3LU4FOK5UJLDE5DJ5FJWMXXH,2026-06-09T15:06:39
CM_162_2011,4.820313,9.48629,2011,R,FYKVLBAYWGIO3FNT3JE3AX73,2026-06-09T15:06:40
CM_163_2011,4.874359,10.796687,2011,U,3IWLQQA5RY22OQ2XW3KBH62E,2026-06-09T15:06:40
CM_164_2011,10.580982,14.30653,2011,U,3LIXVXG7VCPGASHRFIL6AXQ2,2026-06-09T15:06:41
CM_165_2011,5.977874,10.392925,2011,R,ZA77XTHD5G4KDXXKW4HGLKR3,2026-06-09T15:06:41
CM_166_2011,5.614703,10.22475,2011,R,3G23NZTPHGWG5GQJ4WQLQ545,2026-06-09T15:06:42
CM_167_2011,8.660733,14.161535,2011,U,7LIW4OWDIOXNQRVTCRD62WYC,2026-06-09T15:06:42
CM_168_2011,5.320031,10.459159,2011,U,74VT6RDP4LSOGXZJKJIGRFKG,2026-06-09T15:06:42
CM_169_2011,2.89394,10.895241,2011,R,7PH4PUI4SSQAZVOLDKTY3KKU,2026-06-09T15:06:43
CM_170_2011,4.636079,9.570273,2011,R,VEPJ37ZQNSPWGHTPGDEXLUK6,2026-06-09T15:06:43
CM_171_2011,4.091275,9.664159,2011,U,GY3REPTOU6UMJFX3NX43EAIK,2026-06-09T15:06:44
CM_172_2011,10.798706,13.877861,2011,R,ODHZGM5V4RAGEDQAEWK25RVC,2026-06-09T15:06:44
CM_173_2011,3.409986,10.054733,2011,R,HK7RYBRX5BP7NLPPRYAXSI2B,2026-06-09T15:06:44
CM_174_2011,8.081109,12.26242,2011,R,BGPM4O452MGAJN6WOC77VCUK,2026-06-09T15:06:44
CM_175_2011,5.994688,10.448968,2011,U,O4S7UPTT4WT5RM5SBA7IQWKZ,2026-06-09T15:06:45
CM_176_2011,3.830992,11.504141,2011,U,B46GV23XR7WAH4GJGOEMOUKK,2026-06-09T15:06:45
CM_177_2011,9.017718,13.186994,2011,R,32SZSFAGI2BGLMU3ZHSEZ3PI,2026-06-09T15:06:45
CM_178_2011,4.157407,9.609468,2011,U,SG5LLXUB37VVL5O3JEBLF7UL,2026-06-09T15:06:46
CM_179_2011,3.999871,9.72685,2011,U,DRYY3LGRRTC3TQFGYZ3QP7PS,2026-06-09T15:06:46
CM_180_2011,3.736303,10.006727,2011,R,7PMEN4IA2ISBTKYGCNEIXC4M,2026-06-09T15:06:46
CM_181_2011,4.812704,11.387596,2011,R,G5EVMPFCMRUQPOSUQDO3LZXN,2026-06-09T15:06:47
CM_182_2011,3.509985,15.047808,2011,U,IC3PX7PJZA6BNUXBXRH4PYXI,2026-06-09T15:06:47
CM_183_2011,2.916093,11.152199,2011,U,ZRR7EJNEFOE2AQ3XHV3PK7S4,2026-06-09T15:06:48
CM_184_2011,3.882376,11.542123,2011,U,2EJTKLKN4XT7KGLRF5UFXYNI,2026-06-09T15:06:49
CM_185_2011,5.953785,10.197039,2011,R,TML2UKVEBDHZIW5OUNE2J5NS,2026-06-09T15:06:49
CM_186_2011,3.159369,13.635934,2011,R,LNAQFMWUREG5K4VIUA5VK64L,2026-06-09T15:06:50
CM_187_2011,10.386774,14.433443,2011,U,CBZBP5LKRO3NQF3F6JCLTHIS,2026-06-09T15:06:50
CM_188_2011,5.353173,10.43471,2011,R,QIJKB4J6BAMTSLSM4UPO6XYL,2026-06-09T15:06:50
CM_189_2011,4.559856,13.700273,2011,R,V3YLF6XU6CZDVNUB62OZSZ2W,2026-06-09T15:06:51
CM_190_2011,5.034021,10.233619,2011,R,3T5WCIQQBT6HFQBWFWEXP5T7,2026-06-09T15:06:52
CM_191_2011,5.535154,12.316631,2011,U,NMRRXRLH6TGL6GOJOA6A4JEK,2026-06-09T15:06:52
CM_192_2011,2.970002,11.391474,2011,R,TZ4XRXVD4CTLUKJWQTPKNL2K,2026-06-09T15:06:53
CM_193_2011,9.690337,13.394058,2011,U,6NOZ2GGD3TJFMNGMT72EHKC4,2026-06-09T15:06:53
CM_194_2011,10.936418,13.877775,2011,R,WD7DZDT6IU36KIIAPTNMIALM,2026-06-09T15:06:54
CM_195_2011,4.368387,9.629549,2011,U,VN75CEXFO3FNJUH65H7BWUXS,2026-06-09T15:06:54
CM_196_2011,3.216928,12.189522,2011,R,HTYMXYI4YDGCGH65G6ALCWVE,2026-06-09T15:06:54
CM_197_2011,9.291616,13.394602,2011,U,ZNW56B5ABBOD56TYTET2L4H5,2026-06-09T15:06:55
CM_198_2011,3.537074,11.010036,2011,U,U3UF3CUDFUZB2PXNMGRJPKYF,2026-06-09T15:06:55
CM_199_2011,5.783378,10.043858,2011,R,N4JWBA6CUA7RAECE567ZNHFW,2026-06-09T15:06:55
CM_200_2011,4.030951,9.741623,2011,U,UAHSX35UPNUH63KO4Q74D5TZ,2026-06-09T15:06:56
CM_201_2011,6.757132,11.80935,2011,U,SIBL75H7BR5WSDQ5YGQFMAAZ,2026-06-09T15:06:56
CM_202_2011,7.309178,13.232316,2011,R,EEQUJLXLNANJCTOQIRCRCK5N,2026-06-09T15:06:57
CM_203_2011,7.405963,13.036668,2011,R,QF637GS2IQ4EO3QNEA5RV4KM,2026-06-09T15:06:57
CM_204_2011,4.033828,9.721374,2011,U,TI3EU3AY5QJLWGWC2HJOH6FX,2026-06-09T15:06:57
CM_205_2011,9.941182,13.932832,2011,U,UACLZODKKMVLLXAVAELSJKZM,2026-06-09T15:06:58
CM_206_2011,5.501645,10.64092,2011,U,AUEMHXZ2OWJUUG3AVJXWMTHR,2026-06-09T15:06:58
CM_207_2011,6.456742,12.629512,2011,U,YLRMS5KW6SOBLTAP5XJAQI4U,2026-06-09T15:06:58
CM_208_2011,10.014977,15.623226,2011,R,GHJPNPWRXWBXP4FHJI3FA6YL,2026-06-09T15:06:59
CM_209_2011,4.584123,13.68953,2011,U,23SFZMKXFHACKULIRSF6YX3G,2026-06-09T15:06:59
CM_210_2011,3.786541,12.252434,2011,U,6RZN2J5B7D5JDWWEJHLN2ZQT,2026-06-09T15:07:00
CM_211_2011,4.845112,14.590873,2011,R,5Y7OKWXVR6P3UQ2TK6NAX46C,2026-06-09T15:07:00
CM_212_2011,4.418091,14.359946,2011,U,6TD3HIRZ74XZLNU4M6OVEQG5,2026-06-09T15:07:00
CM_213_2011,3.777331,15.170976,2011,R,Z2IG5VZK7ACEN7VM7SRV4572,2026-06-09T15:07:01
CM_214_2011,4.47123,12.55772,2011,R,IHZMGMK7AZ5JJEYRWOSOCOUR,2026-06-09T15:07:01
CM_215_2011,5.115546,9.781391,2011,U,PRHFEA6EYOXULSRLTMXVZ7AG,2026-06-09T15:07:01
CM_216_2011,10.714709,13.646822,2011,R,ITQMLDFMG5UQJYAAWX3I64Q6,2026-06-09T15:07:02
CM_217_2011,3.81656,11.499679,2011,U,6YEBOZVJTWW2RNQXASHEAF3I,2026-06-09T15:07:02
CM_218_2011,3.864225,11.505082,2011,U,ICT6PZWB7AYNP32I4NSMZIKI,2026-06-09T15:07:02
CM_219_2011,4.572298,9.581273,2011,U,6OYI3A4SHXHTA35JVBOI3WLU,2026-06-09T15:07:03
CM_220_2011,4.110997,11.559901,2011,R,GXWLKVVUVBG2SFXKYFNRD67H,2026-06-09T15:07:03
CM_221_2011,4.484742,9.5651,2011,U,J7IR2WCUNK6CIV44ZHD4PP7N,2026-06-09T15:07:04
CM_222_2011,2.913604,11.148967,2011,U,E33MB6PAJDD5QRHLEGDLRURY,2026-06-09T15:07:04
CM_223_2011,4.023947,9.707351,2011,U,QTHZXDHFVGJOSKLN4OJYPI73,2026-06-09T15:07:05
CM_224_2011,8.566452,13.09733,2011,R,Y5DTY5LW536K4YZ6HO2DKD5C,2026-06-09T15:07:05
CM_225_2011,6.056517,10.460516,2011,R,Y3CUTKE56KNXILN5QLG7LPP5,2026-06-09T15:07:05
CM_226_2011,4.574726,13.675288,2011,U,YL3626P4PQOIKESGTPMLZKUO,2026-06-09T15:07:06
CM_227_2011,6.564006,12.996895,2011,R,NDGNJLMPQXG7BZ2EU4VG3KUT,2026-06-09T15:07:06
CM_228_2011,3.657174,10.777755,2011,U,EO43LXHLLEPUYNR75XAI7V5J,2026-06-09T15:07:06
CM_229_2011,3.452346,15.429731,2011,R,TMDZGFW4BCMNAHL6QR5RHFHF,2026-06-09T15:07:07
CM_230_2011,7.829461,13.598267,2011,R,6NP2LBE5JVOHUMD52UP5TTXO,2026-06-09T15:07:07
CM_231_2011,3.640593,11.373106,2011,R,EMVRX5VYRVDGHOPFKRCVU6DZ,2026-06-09T15:07:08
CM_232_2011,4.081967,9.778926,2011,U,XCC5IMRUB5DWBRW3JHCRYPLQ,2026-06-09T15:07:08
CM_233_2011,7.439076,13.568063,2011,R,H62TYAFRHSKZKUPQZVBO6X3H,2026-06-09T15:07:09
CM_234_2011,9.279892,13.19988,2011,R,ZAWIVIJDGJ4OTDAHJ2VMXQUF,2026-06-09T15:07:09
CM_235_2011,3.812749,11.516469,2011,U,QKFORI3FR42FT6E6C3HDMZ4M,2026-06-09T15:07:09
CM_236_2011,4.036608,9.720163,2011,U,NSK4K33TW7XPGIZA5VSENQTF,2026-06-09T15:07:10
CM_237_2011,4.654221,9.691304,2011,U,NVFOCUOJBJWZNUMJDBLMNNCA,2026-06-09T15:07:10
CM_238_2011,3.84243,11.481301,2011,U,27ZV4VGKOCBHYEA2HAD5WCZY,2026-06-09T15:07:11
CM_239_2011,3.879276,11.550993,2011,U,3JPF4URK5QRUQW7BSCT4S22R,2026-06-09T15:07:11
CM_240_2011,3.319261,11.958983,2011,R,2RNXXX37CWKAOW4VJRPEDOHZ,2026-06-09T15:07:12
CM_241_2011,5.517111,10.618409,2011,R,WJNTU55JAS7OGPEVOIWDW4VN,2026-06-09T15:07:12
CM_242_2011,4.509972,12.116927,2011,U,QYPOXYCHUB7LADCVBAO3PCMZ,2026-06-09T15:07:12
CM_243_2011,8.6733,14.864679,2011,R,ZBLU425KJGBUVIC3DDPKGPFW,2026-06-09T15:07:13
CM_244_2011,4.307282,12.136026,2011,R,2QUGKB7V2O2FZFN77XMVOZ7N,2026-06-09T15:07:13
CM_245_2011,4.044736,9.711106,2011,U,S5OJEMIRJD7BOLO5WFGNJMCT,2026-06-09T15:07:14
CM_246_2011,6.33065,10.73986,2011,R,JZHBSPBKOJQUEMPZ4S6XWEKW,2026-06-09T15:07:14
CM_247_2011,4.438831,11.884867,2011,U,IMT7VU5GGRDLS5IE5DV62REQ,2026-06-09T15:07:14
CM_248_2011,4.2063,14.144966,2011,R,U25EJEZK2GT6A2VQNS65TDU2,2026-06-09T15:07:15
CM_249_2011,2.525231,10.947838,2011,R,3OUD5PVKPZKECC5A5SLXR7YL,2026-06-09T15:07:15
CM_250_2011,4.05456,9.724277,2011,U,FXRJ7YRPB7PRC7BZJKD6IRGD,2026-06-09T15:07:16
CM_251_2011,4.319734,13.090241,2011,R,W7HAHW2QY65EBP7YXOL35FA6,2026-06-09T15:07:16
CM_252_2011,4.152309,11.458073,2011,R,GQSRBJKJXS7Z52K6Z6XKBJ3J,2026-06-09T15:07:16
CM_253_2011,5.474343,10.41403,2011,U,32AFS32GJYUDJKXLDOSWGCJG,2026-06-09T15:07:17
CM_254_2011,3.879591,11.507327,2011,U,2NHLE5SXMEALI77M3H6UVRQY,2026-06-09T15:07:17
CM_255_2011,4.920881,13.304256,2011,U,NG3DSWJPGOXNHQIMCIEELTNL,2026-06-09T15:07:17
CM_256_2011,4.065492,9.720965,2011,U,SK24PAOX226NUYOXIK35B3JP,2026-06-09T15:07:18
CM_257_2011,5.749984,9.364579,2011,R,3KMIWG2VCM6OP3BL4ILWFE3M,2026-06-09T15:07:18
CM_258_2011,5.6434,10.262165,2011,U,COL7EKOWYL7P7DZZR4UMJIHW,2026-06-09T15:07:19
CM_259_2011,4.948354,9.936374,2011,U,LWAVZLTTXQDQDXQESPPRVO74,2026-06-09T15:07:19
CM_260_2011,4.035155,9.730645,2011,U,2BFKFRJ4BLPGGUJV3VK2GZP3,2026-06-09T15:07:19
CM_261_2011,7.333735,13.610819,2011,U,LUNNDM2YF3CQ2ZBITPP7GJWO,2026-06-09T15:07:20
CM_262_2011,10.613461,14.363291,2011,U,MVAVUQDJMP262TJPCXGOTMUZ,2026-06-09T15:07:20
CM_263_2011,11.845891,14.952245,2011,R,SL3N2MTH2F2MCJT2IQQKQOHC,2026-06-09T15:07:21
CM_264_2011,3.658375,10.606514,2011,R,HG4C4KBAB2RMCHXACJPL3YYH,2026-06-09T15:07:21
CM_265_2011,6.309587,13.50632,2011,U,5LX6HDDOUDOWEF2HYGV4EEKA,2026-06-09T15:07:21
CM_266_2011,5.46734,10.397416,2011,U,TEDF3VEFPSIMK4DYHADWGDYR,2026-06-09T15:07:22
CM_267_2011,6.081456,10.128383,2011,U,QKFR6UBQXFCZNYG5VJIPKHJO,2026-06-09T15:07:22
CM_268_2011,3.831759,11.508837,2011,U,ZNNUAGFPC3CXSRLFUXGKVVDT,2026-06-09T15:07:23
CM_269_2011,3.877458,11.502972,2011,U,74JHQICUGP2JFYE3RZVHYO46,2026-06-09T15:07:23
CM_270_2011,4.628321,9.426771,2011,U,7G7BTP555BOARZWRBREKB7OI,2026-06-09T15:07:23
CM_271_2011,10.488887,14.231057,2011,R,3ZUNUQOCQMVCL5EA4W4SGNY7,2026-06-09T15:07:24
CM_272_2011,11.242376,14.141619,2011,R,A7Z62KQTJHTIVNZ3DO7KTZ7T,2026-06-09T15:07:24
CM_273_2011,7.307112,13.58124,2011,U,NTX2F6QCVKKFMYIKQILFNXPT,2026-06-09T15:07:24
CM_274_2011,4.939549,9.917579,2011,U,JKTIR7I5SOYFCQZ35O364ONV,2026-06-09T15:07:25
CM_275_2011,3.876935,11.503621,2011,U,G4Q7NIHTXY3Y7QVOEAQI6JGQ,2026-06-09T15:07:26
CM_276_2011,3.835948,11.515346,2011,U,SC4VCSPNM43NJQ7JBON6DUGJ,2026-06-09T15:07:26
CM_277_2011,4.468787,9.969139,2011,U,2JWTYHMOHM3JIWYEH5UICQET,2026-06-09T15:07:27
CM_278_2011,4.96474,9.970072,2011,R,OG7CA43VXQQAY5QBPNHFGKDR,2026-06-09T15:07:27
CM_279_2011,2.665785,12.796742,2011,R,Z7BZKLUM6QDZTDRHZL37BCEH,2026-06-09T15:07:27
CM_280_2011,10.64804,13.639579,2011,R,TBH2QDJV3AMH5HHBMNMVVJWS,2026-06-09T15:07:27
CM_281_2011,6.804268,12.165718,2011,R,3VVB563X7M3D5PNUX6YR6YFJ,2026-06-09T15:07:28
CM_282_2011,4.628798,9.437725,2011,U,H5AKFFEWFF6INGF7QHON35ZI,2026-06-09T15:07:28
CM_283_2011,2.736025,10.109926,2011,R,C63JSHCDNG7PSL4BCAI57HC3,2026-06-09T15:07:29
CM_284_2011,6.060619,11.404612,2011,R,BTP6RUZD4BPD3RIWPMPQDUJT,2026-06-09T15:07:29
CM_285_2011,8.85574,14.245909,2011,R,M7VKG2LMYE36C3F427GNTLM7,2026-06-09T15:07:29
CM_286_2011,3.878931,11.513026,2011,U,J3UKGQLWZMA7UNDWHAB23NFC,2026-06-09T15:07:30
CM_287_2011,3.058979,12.058538,2011,R,LEARCXVMPHMXOLE6SYOW6SDO,2026-06-09T15:07:30
CM_288_2011,4.017793,9.21719,2011,U,7GQOIDMSJQGF4STYWZ4RGJTB,2026-06-09T15:07:30
CM_289_2011,6.705689,14.898958,2011,R,TCIF6A4UYCV3FD3T2BLIFHDW,2026-06-09T15:07:31
CM_290_2011,9.030631,13.652911,2011,U,T5DRQSAFD53ZBIBYBVRWPPDC,2026-06-09T15:07:32
CM_291_2011,4.054371,9.769253,2011,U,EO5DPLJAGANRXFJ24X4HGZKJ,2026-06-09T15:07:32
CM_292_2011,5.451233,10.303393,2011,R,LUAL2FLYQZTXRAJD44Y2JVSF,2026-06-09T15:07:33
CM_293_2011,5.974314,10.147118,2011,U,VZI6J55I7GBW4OFW627DCDJE,2026-06-09T15:07:33
CM_294_2011,10.364462,15.243105,2011,R,SLYAE32KOZJDZGSHNYXVMZZT,2026-06-09T15:07:33
CM_295_2011,3.526409,12.452549,2011,R,5KG4TTDPWRE7O7UW3KXZ7LQI,2026-06-09T15:07:34
CM_296_2011,3.966798,13.207453,2011,R,RZCIOV75HBQDLKGU3X3UNMYH,2026-06-09T15:07:34
CM_297_2011,8.543424,12.627422,2011,R,GKCFBNONISV3IDFWCKQ3ZT4Z,2026-06-09T15:07:34
CM_298_2011,9.077011,13.698458,2011,R,3GPTPQDOFXY3LGIIPON3EVR3,2026-06-09T15:07:35
CM_299_2011,4.443899,9.141673,2011,R,JIIUPWDZL6Q76ANP3V5F2A5X,2026-06-09T15:07:35
CM_300_2011,2.829877,10.579444,2011,R,PKR3PGQC75W7PIXCB6VITNS6,2026-06-09T15:07:35
CM_301_2011,7.070166,11.966808,2011,R,5AEXOGAJDGW6PMYM2S42GDUB,2026-06-09T15:07:36
CM_302_2011,4.087553,9.732037,2011,U,HHKYHAZSJOIR37447YH7AFRJ,2026-06-09T15:07:36
CM_303_2011,6.375471,10.193971,2011,R,T47HXYAVDRWMGFJGQM4P3HBU,2026-06-09T15:07:37
CM_304_2011,4.962582,9.716044,2011,R,4GFH5656JLVZCI3CIQNF5X2N,2026-06-09T15:07:37
CM_305_2011,9.437952,13.000007,2011,R,7PHLUBCPYIU3AZDZLWWTMVYU,2026-06-09T15:07:37
CM_306_2011,4.171444,9.305461,2011,R,CSFTF3ENETX3SCBDFSMT6ZWH,2026-06-09T15:07:38
CM_307_2011,9.982643,14.095986,2011,R,VRODODARUV66BVEPV3LAL7XC,2026-06-09T15:07:38
CM_308_2011,4.0347,9.770935,2011,U,SPRYNXBS73FXUJDWJKVMPEOC,2026-06-09T15:07:39
CM_309_2011,6.202571,10.389546,2011,R,6QR3LAVVTDAGMB5SFAYRLZLN,2026-06-09T15:07:39
CM_310_2011,4.041977,9.747198,2011,U,24O3IE5GEAJQ7EC72G5GRTJF,2026-06-09T15:07:40
CM_311_2011,4.010691,9.722178,2011,U,4ZOCG6VVX4CAE4JET7GGWOMD,2026-06-09T15:07:40
CM_312_2011,6.371087,11.29363,2011,R,VHXAN7CXCFSWSCOIGYVBGJGY,2026-06-09T15:07:40
CM_313_2011,6.478875,10.680343,2011,R,U5EIIXETJAHYXRRRQYK325SE,2026-06-09T15:07:41
CM_314_2011,3.838057,11.462902,2011,U,XBJJMI65J35K2GL5X7TLASZY,2026-06-09T15:07:41
CM_315_2011,5.484587,10.409791,2011,U,IPQ77XLUFT5QXGTO3H5XJHO5,2026-06-09T15:07:41
CM_316_2011,3.857413,11.534289,2011,U,CTPSEJHRGK3GX5WNBSVQC7A6,2026-06-09T15:07:42
CM_317_2011,4.952901,10.707667,2011,U,LUUXYGR6KBMVNXIOKWAGXOWB,2026-06-09T15:07:42
CM_318_2011,10.513728,15.074013,2011,R,VO75FGWR7YPBH36DBJ4Q3A4Q,2026-06-09T15:07:43
CM_319_2011,10.865911,13.888723,2011,U,PD6NQXF256XSQBGECFX46YRX,2026-06-09T15:07:43
CM_320_2011,3.25403,11.879753,2011,U,7DXJJKCTHYOAPBHYY6MTPQZG,2026-06-09T15:07:43
CM_321_2011,2.257745,11.361365,2011,R,X7AW5YMML4NCYIYDCCP6O2UU,2026-06-09T15:07:44
CM_322_2011,4.060179,9.66176,2011,U,NDVQTRLS3PZ3LUQ2POHIB6M7,2026-06-09T15:07:44
CM_323_2011,10.814398,14.999656,2011,R,IU5YB4WRRIT44JTVKTL432FX,2026-06-09T15:07:45
CM_324_2011,4.351515,11.231437,2011,R,FFWNKM2K3GXPNZOUH7K6PGP5,2026-06-09T15:07:45
CM_325_2011,4.329507,11.284695,2011,U,TDYYQC7BIO6WIOCLKDQRKI3R,2026-06-09T15:07:45
CM_326_2011,9.629948,13.804109,2011,R,S5EVRN47A2BTHGA4FMEBYV6A,2026-06-09T15:07:46
CM_327_2011,6.114567,10.301936,2011,R,7JDTYO5TZBRKNM344MGNS75H,2026-06-09T15:07:46
CM_328_2011,6.448447,9.711504,2011,R,3RLIK4XSQVVIWGBVU2FVERIM,2026-06-09T15:07:46
CM_329_2011,4.681766,8.930872,2011,R,HT4SJH7OZMJFGUGHKSIQJKFK,2026-06-09T15:07:47
CM_330_2011,4.068552,9.374896,2011,U,3FBWNI32PFDZZ6V2MCBZTDMB,2026-06-09T15:07:47
CM_331_2011,8.468391,13.241632,2011,U,7H5CPGEWRL3HISHXLHZXPM3K,2026-06-09T15:07:48
CM_332_2011,3.94033,10.95236,2011,R,YFLZFAIT3CWHB5IBTVQQCTBC,2026-06-09T15:07:48
CM_333_2011,2.931843,9.905364,2011,U,54KYR27QFKX5G7P7DFJ4IQDX,2026-06-09T15:07:48
CM_334_2011,3.808536,11.484979,2011,U,CKASCTXZL5EAL7SARRBH7WVH,2026-06-09T15:07:49
CM_335_2011,4.773566,11.274389,2011,R,BCWK5B67MSWUFP6GRSXF6QOW,2026-06-09T15:07:49
CM_336_2011,4.10494,9.752044,2011,U,I5FX2E3V34ZUIUSOFGGJ4N2A,2026-06-09T15:07:49
CM_337_2011,3.83792,11.530151,2011,U,CU3X66TAPWBQYHAYKYF7PCOW,2026-06-09T15:07:50
CM_338_2011,5.481097,9.895668,2011,R,5ROAZGKKXFREIKYG6GYELWSE,2026-06-09T15:07:50
CM_339_2011,3.96335,9.791667,2011,U,WHN2VDNDQTG7KPEP7O3C4DQI,2026-06-09T15:07:51
CM_340_2011,3.842103,11.550369,2011,U,ERICK52YWVH7A34YQRVAYR2Z,2026-06-09T15:07:51
CM_341_2011,4.709088,9.730045,2011,U,DJDN73SJ542OCMXZAJJP34W5,2026-06-09T15:07:52
CM_342_2011,5.642842,10.753351,2011,U,L6YTGAA5WUVSL47BGO7ZNCL3,2026-06-09T15:07:52
CM_343_2011,2.937617,12.038647,2011,R,LCK7JGYHR5TJ2GJHAQSWNZMW,2026-06-09T15:07:53
CM_344_2011,5.481777,10.443259,2011,U,HF7I3A4WKD3KURFU7BFFYNBW,2026-06-09T15:07:53
CM_345_2011,3.857721,11.557012,2011,U,DH3QOMODD364TXZ4ZYSCKYRM,2026-06-09T15:07:53
CM_346_2011,9.976664,13.654421,2011,R,KIKNSY4VLZ63DFAVLYRWRMZD,2026-06-09T15:07:54
CM_347_2011,5.982165,10.179701,2011,U,DYXCEVXSTNUGCJQSQSPJYECP,2026-06-09T15:07:54
CM_348_2011,4.002575,9.760617,2011,U,TYRSFW24E4RF3SE7BQVABLW3,2026-06-09T15:07:54
CM_349_2011,4.09093,9.658306,2011,U,DLWQ2LZQZJSHLXOXBA5NCAIK,2026-06-09T15:07:55
CM_350_2011,2.951387,9.919462,2011,U,5UD7ZOBBTVNOXOGR7EZWLG2A,2026-06-09T15:07:55
CM_351_2011,5.628773,9.30359,2011,R,32HMYZUL6ES7T57T3PP6CA4D,2026-06-09T15:07:56
CM_352_2011,5.45273,10.067342,2011,U,Z67SM5IMMJVFR2YJ3YP6YM4Q,2026-06-09T15:07:56
CM_353_2011,7.326987,13.572641,2011,U,QRBJN6HEI27YF7MC3T6QXLES,2026-06-09T15:07:57
CM_354_2011,10.622916,14.365107,2011,U,BISOCK45HYISL63S6UNNC255,2026-06-09T15:07:57
CM_355_2011,4.128394,9.521622,2011,R,24PYN6LH2YNKBJRCL6ZZMLC3,2026-06-09T15:07:58
CM_356_2011,5.271543,10.320425,2011,R,ILO3DHSIEE5ZWH6BILIWY7OM,2026-06-09T15:07:58
CM_357_2011,10.475187,13.653724,2011,R,NX7P7AJRFMOX7R7FMID5F373,2026-06-09T15:07:58
CM_358_2011,3.531861,11.520129,2011,U,PTDA64PMZDJXE7HWM642EJGO,2026-06-09T15:07:59
CM_359_2011,3.360244,10.194703,2011,R,VBIGN7GJZ7VNO4JXOOE6WTOT,2026-06-09T15:07:59
CM_360_2011,10.756214,14.784521,2011,R,33MY6AM6AW476X22INMQ4URQ,2026-06-09T15:07:59
CM_361_2011,4.226496,11.179504,2011,R,J2YL6JVQX5VO6JX4B77CEMBL,2026-06-09T15:08:00
CM_362_2011,4.059276,9.755938,2011,U,22PUZLREEPWFAL2DNLDWSU5U,2026-06-09T15:08:00
CM_363_2011,5.949627,10.13881,2011,U,ZLVA3TY7OMSP7BWXJOM4TFFH,2026-06-09T15:08:00
CM_364_2011,10.970191,14.199593,2011,R,HMNJSSWMPRCVWKAOYKUITBM3,2026-06-09T15:08:01
CM_365_2011,3.87274,11.504156,2011,U,KPQWCQI7EDMLW5WIXGWVCKLY,2026-06-09T15:08:01
CM_366_2011,3.894306,12.598214,2011,R,25RX2RBSKDTEICQBQDDHX6B6,2026-06-09T15:08:01
CM_367_2011,8.524578,13.575201,2011,R,QNR2B5Y3PDCNDNAQ2SWYQUKY,2026-06-09T15:08:02
CM_368_2011,4.094703,9.643986,2011,U,NZ2J6EDCW7GRL2QPGA56X6WN,2026-06-09T15:08:02
CM_369_2011,3.374862,11.11016,2011,R,NWA62VZNLBTF7BTULH76WQ6Z,2026-06-09T15:08:02
CM_370_2011,8.863924,13.710936,2011,R,FYGC66RP6E5HIRXFYG5CXAW2,2026-06-09T15:08:03
CM_371_2011,4.468053,14.512687,2011,R,OXVU5TDG4KMKFRW5WD2KEZCY,2026-06-09T15:08:03
CM_372_2011,3.804964,10.132495,2011,U,FG6KS6IF2MYWM2I33YHKHPIR,2026-06-09T15:08:04
CM_373_2011,2.436196,11.973725,2011,R,YSX6FVRPEHDVR4EEUEPRB2EZ,2026-06-09T15:08:04
CM_374_2011,3.689223,12.177198,2011,R,RCNV5W3ZQ3EZNCL37UQCT3GK,2026-06-09T15:08:04
CM_375_2011,10.50837,14.173538,2011,R,PRVPB47GFMMZZAGUA43SNZE3,2026-06-09T15:08:05
CM_376_2011,4.011492,9.17474,2011,U,UTGYCXMDHFS52WMGEFTGJESX,2026-06-09T15:08:05
CM_377_2011,3.850452,11.531307,2011,U,O4KSAOG6FBHU7VDMAZVFG3W2,2026-06-09T15:08:05
CM_378_2011,9.295194,13.373415,2011,U,AN75FRXRPMI5MIIVLT5J7U52,2026-06-09T15:08:06
CM_379_2011,3.226318,11.013069,2011,R,SRD2EIAXXWCYZSVI64GH6SFX,2026-06-09T15:08:06
CM_380_2011,4.313563,11.399212,2011,R,ZOE3QSN54BTE7FMHPHNNWT6O,2026-06-09T15:08:07
CM_381_2011,5.190929,9.965605,2011,U,5NNHFACKBGL7OAD5DR47ADFS,2026-06-09T15:08:07
CM_382_2011,2.920789,11.965502,2011,U,7VSDJHT4K2MDKR5WWOMQDBTS,2026-06-09T15:08:07
CM_383_2011,9.87163,13.93838,2011,R,QL5VH2Q4TE5PN55AFLTD73WV,2026-06-09T15:08:08
CM_384_2011,4.044763,9.713784,2011,U,JT7G3H7YAXALNPDQXHOYVSD7,2026-06-09T15:08:08
CM_385_2011,5.349222,10.103758,2011,R,PQM5YN5JXTDSEBFXZZ6ERWN6,2026-06-09T15:08:09
CM_386_2011,3.87632,11.552598,2011,U,SJJFO6MIZ67EPC65MHWFJ2DH,2026-06-09T15:08:09
CM_387_2011,5.087893,10.965258,2011,R,MSFZAZCW4IKTG6ARE5HVOKDW,2026-06-09T15:08:09
CM_388_2011,3.76922,10.116464,2011,U,J5FFQRB6QGGELUBKHVGA47N2,2026-06-09T15:08:10
CM_389_2011,4.710434,9.730012,2011,U,JHPBEHIO5F7P6CXT3YX2MOSB,2026-06-09T15:08:10
CM_390_2011,5.624478,10.257172,2011,U,HZJL6WEBMDJFJHDTOI3N3T4D,2026-06-09T15:08:10
CM_391_2011,3.845201,11.571599,2011,U,FAQFSIQSKXRV75OMGBGCY7BQ,2026-06-09T15:08:11
CM_392_2011,4.138948,12.814922,2011,R,K6UCPYL2ITEKW2S7O4LBTMSW,2026-06-09T15:08:11
CM_393_2011,10.203457,14.858851,2011,R,T7UMGS64XWBUYO24L4DZRFJC,2026-06-09T15:08:11
CM_394_2011,9.302886,13.376849,2011,U,BV2XGUTJTRABLQ3COICQWF5Z,2026-06-09T15:08:12
CM_395_2011,9.004147,13.691136,2011,R,G2V5SUWN6LD4W3HWFCTIE3GA,2026-06-09T15:08:12
CM_396_2011,4.01056,9.740145,2011,U,Y3ISZO2VJOGSPGQS7ESJINXR,2026-06-09T15:08:13
CM_397_2011,3.836356,11.517447,2011,U,7EORKBSKP4MPEN7XESU5EHOC,2026-06-09T15:08:13
CM_398_2011,4.566482,13.668114,2011,U,43BB6XEWABW5DPNSIVTJWDWA,2026-06-09T15:08:13
CM_399_2011,4.938735,9.935213,2011,U,T3NXVVY3ZSVLSU5GCZWPCM76,2026-06-09T15:08:14
CM_400_2011,3.51149,11.502588,2011,U,HOWGTXRWB5B2AAA7IEZDK3A5,2026-06-09T15:08:14
CM_401_2011,12.0847,15.00646,2011,U,7WXWCR5P4VEDWJIWLHU25YT3,2026-06-09T15:08:14
CM_402_2011,3.88188,11.544821,2011,U,WCTRQKVOQ3RZYWILQFLFKW65,2026-06-09T15:08:15
CM_403_2011,2.386698,9.870102,2011,R,QG52WVQNGSZ2LVT7PGFEKVQB,2026-06-09T15:08:15
CM_404_2011,9.975124,13.969062,2011,R,EZOKYBO5EEZ57HQ4EL3TSEJZ,2026-06-09T15:08:15
CM_405_2011,3.614861,11.46636,2011,R,5PDFM6DUTRTD5FK2VTOAZH7O,2026-06-09T15:08:16
CM_406_2011,4.676846,14.439604,2011,R,O52SL2OAHK5LTLRUS2GCM5X2,2026-06-09T15:08:16
CM_407_2011,7.708955,14.656901,2011,R,BZKVTQM5MCFS2E6ASRNF3NX4,2026-06-09T15:08:17
CM_408_2011,6.394725,11.63955,2011,R,DZFTGTMEUXZVQHJC25YC52JG,2026-06-09T15:08:17
CM_409_2011,3.841742,11.486813,2011,U,JVISKMRJ4SA435A2DJA7PKDI,2026-06-09T15:08:17
CM_410_2011,10.302777,13.682324,2011,R,2SS4GZ3SVLCGIJA6WPP4ITO3,2026-06-09T15:08:18
CM_411_2011,5.471683,9.90221,2011,R,3PJNBUFMKUPLAYGGH3CNZG3L,2026-06-09T15:08:18
CM_412_2011,6.930166,10.693675,2011,R,GIWEXIVNIPKHLDZL7LUDGONT,2026-06-09T15:08:19
CM_413_2011,4.151292,11.14263,2011,R,ILF4Q5D6XTDEQVPYMZTHBSN6,2026-06-09T15:08:19
CM_414_2011,6.422381,10.828112,2011,R,AEUSIQQO4N3SOW73JOP4IQNU,2026-06-09T15:08:20
CM_415_2011,2.397609,11.273999,2011,U,SVQ3VAO2S2TN67JAOU2AJS4S,2026-06-09T15:08:20
CM_416_2011,3.961412,11.603963,2011,U,FNMP4JHRR4ZOKKC7FVHCYYKW,2026-06-09T15:08:20
CM_417_2011,4.07931,9.683365,2011,U,VLWLHFUGKWI5PKPO4CJ344BR,2026-06-09T15:08:21
CM_418_2011,6.724879,14.6408,2011,R,2EBBQW32XURMXKGTALPROMAL,2026-06-09T15:08:21
CM_419_2011,4.04472,9.732475,2011,U,YKACRT2RBU65QMXXRLG4YPM2,2026-06-09T15:08:21
CM_420_2011,5.647084,10.353454,2011,R,STXMLKAZ5QNEETTXVBHUDE2N,2026-06-09T15:08:22
CM_421_2011,3.56444,11.12038,2011,R,C2YAT3TZKQSFGIMZMOHD57VV,2026-06-09T15:08:22
CM_422_2011,5.173533,10.503017,2011,R,YHPXPDEEOKMTALQAMCIQLRBX,2026-06-09T15:08:22
CM_423_2011,4.400003,9.275178,2011,R,LVWFE4U7POLZKMG2X2SQKCS2,2026-06-09T15:08:23
CM_424_2011,6.34338,9.931043,2011,R,CNYSBY6C2VBL77ICBZNK46WM,2026-06-09T15:08:23
CM_425_2011,5.483783,10.422458,2011,U,IIACDSHFPNH7UFNCSTLF5XSG,2026-06-09T15:08:24
CM_426_2011,4.061839,9.740918,2011,U,VYUMEBNGHHWTDVGIQLJD43WX,2026-06-09T15:08:24
CM_427_2011,5.468309,10.435974,2011,U,OJ4W7FLFJLZDT35DSHIKLDGS,2026-06-09T15:08:24
CM_428_2011,10.068209,14.932895,2011,U,HH5FAPHDVK6MO5BTECOW2ZWS,2026-06-09T15:08:25
CM_429_2011,4.968337,9.940907,2011,U,6XLYOJ4EMQ2FRFBD3M266IIO,2026-06-09T15:08:25
CM_430_2011,3.878147,11.464569,2011,U,42MTZO4AVPZU4UJCDQKUKWCU,2026-06-09T15:08:25
CM_431_2011,3.737556,12.392496,2011,R,25F7MZ7F2PLDAPQO4GEH5Y73,2026-06-09T15:08:26
CM_432_2011,3.915387,11.511872,2011,U,QAHXS76YCMGRGNMJ7F3QGSCT,2026-06-09T15:08:26
CM_433_2011,3.968962,11.607948,2011,U,I2M2Q2IE2HZYINSCWYYXRZR6,2026-06-09T15:08:26
CM_434_2011,4.113133,11.77774,2011,R,XNC6SNSBRHWDZUAXMHHM27N4,2026-06-09T15:08:27
CM_435_2011,7.056181,14.437737,2011,U,7RFAUYWRX3KWD5G2FP3OSBFV,2026-06-09T15:08:27
CM_436_2011,10.885142,14.028531,2011,R,Z7FMVUGUIM2ZTXZKGITCKNZH,2026-06-09T15:08:28
CM_437_2011,6.313563,14.078488,2011,R,3AQTUFXIPZVUCVNACJEVXWCU,2026-06-09T15:08:28
CM_438_2011,5.032908,10.138676,2011,R,DD5KLE65UP7W527O7ZCSERZL,2026-06-09T15:08:29
CM_439_2011,3.898833,11.528617,2011,U,7I4GVVLBF27CST7TCQLV5DSI,2026-06-09T15:08:29
CM_440_2011,7.289659,15.186415,2011,R,NVC5LJYTI6PP6BJBE23BRXJB,2026-06-09T15:08:29
CM_441_2011,4.052879,9.724279,2011,U,D5NLW6HDXB64JP7MIW2HVAUD,2026-06-09T15:08:30
CM_442_2011,4.900209,9.266657,2011,U,IMGU5VC2BPPGRDJAQ2FKX3YB,2026-06-09T15:08:30
CM_443_2011,4.023236,9.726405,2011,U,HKCDVCMEOSMLW6SG45RA5ZSO,2026-06-09T15:08:30
CM_444_2011,3.993825,12.118156,2011,R,P3IW6FKPX4SQ2CCD5OAZFE5W,2026-06-09T15:08:31
CM_445_2011,5.703715,11.151459,2011,U,LOYM3OXQKQ2V56FY6AEHBXGV,2026-06-09T15:08:31
CM_446_2011,9.235484,13.391281,2011,R,B4BK3K4QZ5RWSU57YFAJOIIH,2026-06-09T15:08:32
CM_448_2011,6.667958,11.078231,2011,R,2ZE4CQHUZ3NXEWHCU7V46VSE,2026-06-09T15:08:32
CM_449_2011,4.889619,14.538736,2011,U,I6KPTRZA33BB4MOQ6ALXLQG4,2026-06-09T15:08:32
CM_450_2011,9.710438,13.829633,2011,R,ULQU7LCHZAWDTH7MX5ZZWHWY,2026-06-09T15:08:33
CM_451_2011,4.180986,11.545154,2011,U,PK4U4HA55AREGHWSG4MQ7TUX,2026-06-09T15:08:33
CM_452_2011,10.224583,14.447289,2011,R,HOY7K5WUKEQFGRDQS7IHFSOI,2026-06-09T15:08:33
CM_453_2011,6.888994,14.757486,2011,R,UIHZM6OXZNJ6NBREDU445HMX,2026-06-09T15:08:34
CM_454_2011,9.982159,13.444448,2011,R,YQSVD7Z2BBGI22DVPYHQO5CK,2026-06-09T15:08:34
CM_455_2011,5.586736,14.406729,2011,R,PQQTHZWP6DBRNOFHJ5A3BNAJ,2026-06-09T15:08:34
CM_456_2011,6.174273,10.713608,2011,U,DQRX3MHTACJH5DTZAQPQNLPB,2026-06-09T15:08:35
CM_457_2011,4.018934,9.212954,2011,U,FEXSLUN3MQLWXVEORAMG2LGM,2026-06-09T15:08:35
CM_458_2011,3.870326,11.492215,2011,U,FH5GR426OBRAT4QL5KBU2AJJ,2026-06-09T15:08:36
CM_459_2011,3.79651,10.135369,2011,U,MOUVHXAY4ULUWBUOFOYUKXL7,2026-06-09T15:08:36
CM_460_2011,2.708754,13.156443,2011,R,KKP64BXBJMEPO2CAYNGH7JRS,2026-06-09T15:08:36
CM_461_2011,6.214853,10.645057,2011,U,SWOSZQ3MJBC54ZPKSOHLEF26,2026-06-09T15:08:37
CM_462_2011,4.195203,10.97889,2011,R,6W24JCU6PYYBF635FESILA7H,2026-06-09T15:08:37
CM_463_2011,2.438254,11.247517,2011,R,DLSRKW5NT7KNYYZUOB5W5CYA,2026-06-09T15:08:38
CM_464_2011,3.875805,11.562145,2011,U,VIQ4YROCH5LQQNCWMCKDHWPL,2026-06-09T15:08:38
CM_465_2011,3.849354,11.497964,2011,U,IAPP2OFRVI2SL5JAZXPL6EYP,2026-06-09T15:08:38
CM_466_2011,3.844975,11.504938,2011,U,3WWBLHC2U5TQL34G52MJOGYV,2026-06-09T15:08:39
CM_467_2011,5.824671,9.894542,2011,U,BBE7LNYTP3QQZVNCL6JWD4LO,2026-06-09T15:08:39
CM_468_2011,4.054671,9.769058,2011,U,G3V3FPYPQMQHQB3GTQMZDL4C,2026-06-09T15:08:39
CM_469_2011,4.439361,14.238485,2011,R,U5D2N3X2ARBKJDZ5GUL7FSH6,2026-06-09T15:08:40
CM_470_2011,10.61841,14.335509,2011,U,FNC4OLCI34R6TQPHY5ASHPDJ,2026-06-09T15:08:40
CM_471_2011,3.942363,11.438364,2011,R,CNHVKMBVIEOQYJPA3HE6PW3Q,2026-06-09T15:08:41
CM_472_2011,10.259764,13.853515,2011,R,SQJHKW3R2F2WOBEBJMAKHV34,2026-06-09T15:08:41
CM_473_2011,9.003229,13.066128,2011,R,32OB7PRXX7SKML5MSLXS255S,2026-06-09T15:08:41
CM_474_2011,6.746987,11.811087,2011,U,MUOMUYQ35YSCXSFQL4GTDL27,2026-06-09T15:08:42
CM_475_2011,9.312278,13.390182,2011,U,I26OEJUUVGSGBVU5H6EBLEHH,2026-06-09T15:08:42
CM_476_2011,5.141638,10.009405,2011,U,55T5AQPJZSBLDPJTT3T4F3KC,2026-06-09T15:08:42
CM_477_2011,3.862786,11.532817,2011,U,QACMHU2ES5YTDNTZVGH5TCCG,2026-06-09T15:08:43
CM_478_2011,6.405342,10.076031,2011,U,7WABLJROUOVUL2II77ZWYOIS,2026-06-09T15:08:43
CM_479_2011,5.775774,10.150504,2011,U,2BSBS2ORNJOSS3DNTJ375JBF,2026-06-09T15:08:43
CM_480_2011,5.389206,10.300027,2011,R,HMJ3WXFJZIQVALS4UTC5ESHV,2026-06-09T15:08:44
CM_481_2011,4.086591,14.908435,2011,R,S3ZKTX6WS7F2AX2P5LTNRRGI,2026-06-09T15:08:44
CM_482_2011,3.862781,11.507332,2011,U,M4XWJOKKSHNUYGE4QEKYEMOS,2026-06-09T15:08:45
CM_483_2011,5.505014,10.638913,2011,R,XCQKOAZ6AJKPF3XPVKQBG3QN,2026-06-09T15:08:45
CM_484_2011,4.090744,9.319045,2011,U,LM7WARH5OLD7N5S7DIRLIDGZ,2026-06-09T15:08:45
CM_485_2011,6.175443,10.501764,2011,R,DNFDSKGHJ2X7IFWJ226VPYW6,2026-06-09T15:08:46
CM_486_2011,2.377698,9.838936,2011,U,5HMBQZGPGSNXZY6KQGD7P54B,2026-06-09T15:08:46
CM_487_2011,4.739814,10.84995,2011,R,F6HHYYJU6DKQS7E4JS3J4MYJ,2026-06-09T15:08:46
CM_488_2011,5.485804,10.371841,2011,U,ZWGQ77UVEG3S7G6YUDOZW5I6,2026-06-09T15:08:47
CM_489_2011,5.004856,9.660166,2011,R,NN6RE76DQ2VEAH2KTNTSPCW2,2026-06-09T15:08:47
CM_490_2011,2.925841,14.001411,2011,R,W6BKHAKVGUD4WMZO3PXK27EF,2026-06-09T15:08:47
CM_491_2011,6.273383,11.567133,2011,R,KVYR2SGI6L7I6QXDBYQZGTIM,2026-06-09T15:08:48
CM_492_2011,3.865497,11.451836,2011,U,VOEGAFHMNCFAJ5WTXXUV3JAF,2026-06-09T15:08:48
CM_493_2011,3.873648,11.486577,2011,U,2YT5YPVC2UVJBPVKZ6N6HKYX,2026-06-09T15:08:49
CM_494_2011,9.034704,13.52217,2011,U,5CH4QNMTPCFYNBNJ74CZGAC7,2026-06-09T15:08:49
CM_495_2011,6.218572,10.302703,2011,U,BND7TW2TJROA5XMJ44BRTTQJ,2026-06-09T15:08:49
CM_496_2011,4.814462,11.88909,2011,R,3MWXC7IVDNBBWOQQH7U4VYXL,2026-06-09T15:08:50
CM_497_2011,7.299333,13.574356,2011,U,NXUVJYMNTKRW6FBC5SQS5ZXW,2026-06-09T15:08:50
CM_498_2011,4.01419,9.72513,2011,U,MNN2CZA3HSWK55UNULIG3ARM,2026-06-09T15:08:50
CM_499_2011,4.655768,11.386312,2011,R,OITTSBBLETXW5MFDHZOZIKSU,2026-06-09T15:08:51
CM_500_2011,6.436079,10.745213,2011,R,LS7BVFRTOL573A3HB6A5DFWA,2026-06-09T15:08:51
CM_501_2011,6.285673,11.0081,2011,R,AECFZYGBAC5HZJPW4GHH7NQV,2026-06-09T15:08:51
CM_502_2011,3.887884,11.529627,2011,U,5MTTYJKSYZQWIQKTXRVDVCRD,2026-06-09T15:08:52
CM_503_2011,6.522633,12.607524,2011,U,W42OJYJYJRV7BDTW2HANCMSI,2026-06-09T15:08:52
CM_504_2011,12.398696,14.251852,2011,R,2S5CNVBNU7Y7OQIRATA4EFOX,2026-06-09T15:08:52
CM_505_2011,4.301112,11.3325,2011,R,6CLNBQ7TXXRPZ5LMUGQL42XP,2026-06-09T15:08:53
CM_506_2011,5.967002,10.625546,2011,R,2HLQODZF4JZRPF3NNERW7POP,2026-06-09T15:08:53
CM_507_2011,4.577771,13.675981,2011,U,F75G4UCEXYRQTZLBF4LXA5CR,2026-06-09T15:08:53
CM_508_2011,4.734141,11.227146,2011,U,77WKIQC36QWXRCASPTOB5DMR,2026-06-09T15:08:54
CM_509_2011,10.428753,14.605258,2011,R,MGWLFXJSNHS646YZLHJYJAXZ,2026-06-09T15:08:54
CM_510_2011,5.617971,10.672326,2011,R,3M5OGFPFMJACQV2OMKO63FKN,2026-06-09T15:08:55
CM_511_2011,3.585368,11.738086,2011,R,ME4IPD5GHG22LGF6QCHH2OJC,2026-06-09T15:08:55
CM_512_2011,4.717494,13.63815,2011,R,ALQ3UON2BZ245JYJ762QJS45,2026-06-09T15:08:55
CM_513_2011,3.962492,9.297872,2011,R,6AKK5XUNIQEVQR7K32CBSHDJ,2026-06-09T15:08:56
CM_514_2011,2.664609,15.313324,2011,R,S7NJCPN3LX4YYZ32EYQDZANB,2026-06-09T15:08:56
CM_515_2011,2.902653,11.230893,2011,R,XTSKNGWCSCBNVJEZOA62NTT7,2026-06-09T15:08:56
CM_516_2011,4.579493,13.699907,2011,U,J4T7GXQ3RA3QE5BA3CUSGCYR,2026-06-09T15:08:57
CM_517_2011,3.884374,11.526195,2011,U,3MTPZEQHSVNVJY4JJTR7PDCI,2026-06-09T15:08:57
CM_518_2011,6.088712,10.939616,2011,R,TWW6P5APGHTKCZNGNYP35LWY,2026-06-09T15:08:58
CM_519_2011,5.871843,9.921259,2011,R,QJD56CIM5GT6BHS7CPRTEU3J,2026-06-09T15:08:58
CM_520_2011,6.574082,10.346396,2011,R,WJ7RSWGQJLPGIPDATUJ7F7RQ,2026-06-09T15:08:58
CM_521_2011,9.301068,13.399795,2011,U,S4LTQ53H76ZQJCODVRVAWUKW,2026-06-09T15:08:59
CM_522_2011,4.605584,11.260813,2011,U,EJOT43ZIAOFE6JEABJMKG47F,2026-06-09T15:08:59
CM_523_2011,5.318086,9.946193,2011,R,YE3XVL5ZN7RP6P44YVTI3CX2,2026-06-09T15:08:59
CM_524_2011,6.322163,13.456817,2011,R,L6JGX4WYJXRF6RKPNMDXB2EP,2026-06-09T15:09:00
CM_525_2011,8.29947,14.066323,2011,R,FV2DAFNNXIDQBAEAUWS66PYG,2026-06-09T15:09:00
CM_527_2011,6.015121,10.180341,2011,R,YUPTMD2GBCRPHDGTXTZPRWBW,2026-06-09T15:09:00
CM_528_2011,3.134415,11.790387,2011,R,5WF3SGVEKYRMESF3AILISALU,2026-06-09T15:09:01
CM_529_2011,4.192016,9.285163,2011,R,54SYT4HCAAFHNMCALBSEKRY3,2026-06-09T15:09:01
CM_530_2011,6.278698,12.774819,2011,R,ZY6PEGESO2DQHMDBAZCEVRIQ,2026-06-09T15:09:02
CM_531_2011,9.318552,13.409529,2011,U,S2IU57WJQ73XUVIQID6GSSL7,2026-06-09T15:09:02
CM_532_2011,12.233794,14.87524,2011,R,OT3HBVEWTY6ECCGFBIPLL5O3,2026-06-09T15:09:02
CM_533_2011,4.096845,9.349311,2011,U,4CYABARIMRW6MZYIEBOBOPCI,2026-06-09T15:09:03
CM_534_2011,4.571793,13.354946,2011,U,ZDWZ47XRFQFUQFHDURA3PDMZ,2026-06-09T15:09:03
CM_535_2011,4.56026,13.67336,2011,U,DC7FTPDBDD4B2YKYP4OPRRLR,2026-06-09T15:09:04
CM_536_2011,12.344257,14.561736,2011,R,SNJUDQFQ7DOZGA3MUBKLHT4N,2026-06-09T15:09:04
CM_537_2011,3.980337,13.180881,2011,U,H3R4WUP6A3MIJT33JRFSW7W3,2026-06-09T15:09:04
CM_538_2011,5.88297,9.779477,2011,U,KGAR3HGQVLAEXFLBRAJZIODM,2026-06-09T15:09:05
CM_539_2011,5.843434,10.329296,2011,R,5X7LMYH7YYTSZ5ESCMJB2YTI,2026-06-09T15:09:05
CM_540_2011,9.357761,13.416845,2011,U,5EPXNNDKSGFAGJ6BDZ3G76FU,2026-06-09T15:09:05
CM_541_2011,6.939588,12.601483,2011,R,FYMIPPJQXBXKWARUHBK753VS,2026-06-09T15:09:06
CM_542_2011,11.343453,14.384915,2011,R,DW6LK4ZQTAV4DOCPDYUBCDPK,2026-06-09T15:09:06
CM_543_2011,6.577798,10.687389,2011,U,3OUC77PLXA3YIPXELX64P44K,2026-06-09T15:09:06
CM_544_2011,4.241741,9.368289,2011,R,EGBEFH27EZJHMSVLIUNEFAIX,2026-06-09T15:09:07
CM_545_2011,2.933218,11.993297,2011,U,HD5DEQSN4ZEKCIZB7LQTXNQK,2026-06-09T15:09:07
CM_546_2011,9.530228,14.082733,2011,R,PMLNTH5X54L3RKRH7B5OLHGP,2026-06-09T15:09:08
CM_547_2011,8.815421,14.079806,2011,R,PQPS2RYCDNBDQVNXQS3U7IDS,2026-06-09T15:09:08
CM_548_2011,10.596668,14.000492,2011,R,E4RBGBNZAF452IF2JHVYG2N5,2026-06-09T15:09:08
CM_549_2011,2.918546,11.154589,2011,U,YIBDKPRCEZJFKRDSRSPYAHVV,2026-06-09T15:09:09
CM_550_2011,10.724294,13.800713,2011,U,VRNCJVQ3GUX3LLL7MOIMJLBX,2026-06-09T15:09:09
CM_551_2011,6.44806,13.27002,2011,U,3ZQ3FTNHJZRQD3JKEA6CW3P5,2026-06-09T15:09:09
CM_552_2011,10.81632,13.751521,2011,R,BSPPTADXC7WQSG5UIWCVQXJA,2026-06-09T15:09:10
CM_553_2011,2.9168,11.175221,2011,U,AR5PGKS4AH7LDMOKOLL5ECB7,2026-06-09T15:09:10
CM_554_2011,5.713701,10.921113,2011,U,QCTXMFLHZ6RTJZ6WCTIFP2XZ,2026-06-09T15:09:10
CM_555_2011,4.751513,9.375711,2011,R,XOVUQCTYJBXEB2RXJGIBGGBY,2026-06-09T15:09:11
CM_556_2011,4.988906,9.954372,2011,U,F4GMBKSCRCEPJZRKO2QJBSZP,2026-06-09T15:09:11
CM_557_2011,3.507121,11.493712,2011,U,QIJYSTOZULJH4TZ6MYTVLHKO,2026-06-09T15:09:12
CM_558_2011,4.018133,9.698215,2011,U,LGACS45PCXQ4XGKOEPNNCGZ5,2026-06-09T15:09:12
CM_559_2011,4.536639,11.4615,2011,R,ESZK3NQFPN73NGOIUVDDI2Z7,2026-06-09T15:09:12
CM_560_2011,9.485673,13.508812,2011,R,ZJHRIJAISG5BWDULBTICBYIE,2026-06-09T15:09:12
CM_561_2011,4.15913,9.269652,2011,U,UYG72GCJIMSQQ6TDG2MEMGBV,2026-06-09T15:09:13
CM_562_2011,3.720736,12.842358,2011,R,IL5UFDR6KGALRAH6RZ7ATVB4,2026-06-09T15:09:28
CM_563_2011,5.890935,14.541251,2011,U,23HDBPPBJGGGLOA7R5YKW6NI,2026-06-09T15:09:44
CM_564_2011,10.738987,14.431975,2011,R,A6Y2PFPK6W3ZNRHVJBCC2MVC,2026-06-09T15:10:00
CM_565_2011,6.506637,14.28268,2011,U,22M3IVRVQTK2OQNVNBSOOK4P,2026-06-09T15:10:00
CM_566_2011,4.914035,9.861978,2011,R,VZIVOSNMWL5Q2X534FZ2WBZ4,2026-06-09T15:10:46
CM_567_2011,4.536552,13.501977,2011,R,HXB2UJETVCDXUYOOCY73RYNA,2026-06-09T15:10:47
CM_568_2011,12.753787,14.561595,2011,U,RV4MB4I37IKABQTDBKQQZHBD,2026-06-09T15:10:47
CM_569_2011,5.110086,9.941998,2011,U,52K5H7GCBK3Y6JA2MUS2KYMB,2026-06-09T15:10:48
CM_570_2011,5.144422,9.943156,2011,U,NSQQAIQOHCZ3WN6T2SQVOSJM,2026-06-09T15:11:34
CM_571_2011,10.606368,14.344163,2011,U,IK4GYKWVBRK2GYGSCL36YNIN,2026-06-09T15:12:20
CM_572_2011,4.49851,9.56229,2011,U,JZ2DGEOJRNXUHC2M2HXY2UA6,2026-06-09T15:12:35
CM_573_2011,11.009825,14.787259,2011,R,HUW7JHK5GOGFTQVDWDO66BEJ,2026-06-09T15:12:51
CM_574_2011,5.916213,9.784087,2011,R,NWHOXRYTKDXOGPLILQAKAJWM,2026-06-09T15:13:37
CM_575_2011,5.492713,10.121365,2011,R,OO2EJQNN64AAYESUHXPDFFWN,2026-06-09T15:13:53
CM_576_2011,7.721994,15.438769,2011,R,JF3FN277D4TF25R5OJESNTJE,2026-06-09T15:14:09
CM_577_2011,5.334295,10.369538,2011,R,YW43DDNGKBJJPGOK5QHZB3FQ,2026-06-09T15:14:09
CM_578_2011,10.133887,14.734186,2011,R,KFPU2I63R5TJFRNMCDJYHJ45,2026-06-09T15:14:25
CM_579_2011,5.702713,10.413156,2011,R,XUTVZUIVCO76XFW45ZFYQS33,2026-06-09T15:15:11
CM_580_2011,6.054464,9.908082,2011,R,GKEEGYA6C7LYPW2HSSVNOWJO,2026-06-09T15:15:11
CM_1_2022,6.4587,13.278028,2022,U,Z2IGNZISQZLBWUULYXS7CKK6,2026-06-09T15:15:11
CM_2_2022,6.498775,12.588061,2022,U,J7ARBS4C5JRSDWM3NH7M6TW6,2026-06-09T15:15:58
CM_3_2022,7.655794,12.339982,2022,U,K4GEI2CYLS7LFH3W6H33ML7J,2026-06-09T15:16:14
CM_4_2022,6.083875,11.497218,2022,U,3C6GUJ75KFQDUVKX64YOZIZ3,2026-06-09T15:17:00
CM_5_2022,6.750224,11.822724,2022,U,EYIRMDK72ARWDYHDYD7IBHBQ,2026-06-09T15:17:16
CM_6_2022,6.51404,14.29569,2022,U,Z6LNCIFGKBTJD7NS2BIXTSZK,2026-06-09T15:17:16
CM_7_2022,6.503677,14.274194,2022,U,CNJJ5N5WIBQPM6QON3FEBZD3,2026-06-09T15:17:32
CM_8_2022,6.908133,13.049673,2022,U,NOLAD7ANO7AEDEXMDPRJP5UG,2026-06-09T15:17:33
CM_9_2022,7.318036,13.597535,2022,U,UAZOTSLVEXJZN6DEWBTQEIGB,2026-06-09T15:18:19
CM_10_2022,7.309147,13.588622,2022,U,A4EY4H2IYLEPKHTCHT2K6KIE,2026-06-09T15:18:19
CM_11_2022,7.290569,13.567405,2022,U,QUMWSHFLDVYCJBUNAHXYRCTM,2026-06-09T15:18:35
CM_12_2022,7.29127,13.585886,2022,U,GDFUS3CG7S2RRULVHUMY3HP2,2026-06-09T15:18:51
CM_13_2022,7.332892,13.574817,2022,U,MQ6GZCH4ETQK2TM6MPCQD4ZP,2026-06-09T15:19:07
CM_14_2022,7.329383,13.596869,2022,U,L727RO5JN73NWCQARDZRRAKY,2026-06-09T15:19:23
CM_15_2022,7.428398,13.571028,2022,U,TFCGIPQVI5UPQ5ZNSUBLR4IM,2026-06-09T15:20:09
CM_16_2022,6.606984,13.339135,2022,R,BFNAT37X5BTFDJMYMDR2PCWT,2026-06-09T15:20:10
CM_17_2022,6.66608,12.334836,2022,R,WLKKJ5HQ7WJPUKG6DLVVUTYX,2026-06-09T15:20:26
CM_18_2022,7.274361,12.264674,2022,R,WQYTOIEFAPPLV7MPZVS5UWFF,2026-06-09T15:20:41
CM_19_2022,7.858879,12.487096,2022,R,TNJH53G4C2QT43PUK4XP5WNB,2026-06-09T15:20:42
CM_20_2022,7.341971,12.519772,2022,R,WFJ4DUYOTC7D3N2K2STH2QAP,2026-06-09T15:20:58
CM_21_2022,6.453852,11.217542,2022,R,N5IJPAAJCLZVNI5VMQRKEGTR,2026-06-09T15:21:14
CM_22_2022,6.177546,11.561208,2022,R,WTMDS2ST67HIJFK4VU3I5PH4,2026-06-09T15:21:29
CM_23_2022,7.081247,11.982394,2022,R,SAGH7JV2OEM2456MJ7CB53LR,2026-06-09T15:21:45
CM_24_2022,6.784572,11.72722,2022,R,BMI4GUEAM6VCABVCS7GF6U2D,2026-06-09T15:21:46
CM_25_2022,6.393447,13.48096,2022,R,25RNZFFXXLSUAAVFO7LSXTUU,2026-06-09T15:22:01
CM_26_2022,6.744609,14.445275,2022,R,ZBDCA37JHOEN6NE7FXH627LX,2026-06-09T15:22:02
CM_27_2022,6.730651,14.208329,2022,R,LW6E6FKGLWAX4F2VBA56KJ2M,2026-06-09T15:22:17
CM_28_2022,6.37977,14.343493,2022,R,DP43BW4XU26LZ7TAN4JDI2LP,2026-06-09T15:22:18
CM_29_2022,6.32438,14.730272,2022,R,O2X4YX5KCVG6GZUDW5ZBQGV7,2026-06-09T15:22:34
CM_30_2022,7.093642,12.936849,2022,R,UGMUA4UJ25F5UKUOIFGJAKLB,2026-06-09T15:23:20
CM_31_2022,7.713516,13.562014,2022,R,MV23VGU3TYIUHEU4GOVCKERT,2026-06-09T15:23:20
CM_32_2022,7.559177,13.869155,2022,R,NRW2FXTTFRE6BP6EPZNOE7CX,2026-06-09T15:23:36
CM_33_2022,7.535378,14.048142,2022,R,TM4ZVE52D7PGN3NPBG5NVPMC,2026-06-09T15:24:22
CM_34_2022,6.981818,13.502494,2022,R,YRX6YP2O4DMNEYATI6WQZARG,2026-06-09T15:24:38
CM_35_2022,4.653203,12.383504,2022,U,LFKLDPOQ424QJCEZBT4NQRMS,2026-06-09T15:24:54
CM_36_2022,4.504258,12.121783,2022,U,4UQRPJH2BEYF6GU4PX7LQCK3,2026-06-09T15:25:40
CM_37_2022,4.506815,12.136492,2022,U,V5LLSGVJWMK7M6FT4ERDAFP4,2026-06-09T15:25:56
CM_38_2022,4.467485,12.103932,2022,U,H7FCMBUV62EXRZKNKBTYMJSB,2026-06-09T15:26:12
CM_39_2022,4.178598,11.530087,2022,U,ELE3EG7CBJCEW5K76NADQBH5,2026-06-09T15:26:13
CM_40_2022,4.737085,11.236016,2022,U,AHJZCNXRPVXMAMS5PQJ35JEN,2026-06-09T15:29:59
CM_41_2022,4.776474,11.23754,2022,U,64OICIEE6YP7IBZLL3IIDDZA,2026-06-09T15:30:00
CM_42_2022,4.873869,10.809539,2022,U,BNA35GNQAP74YEJNGBT76WWY,2026-06-09T15:30:00
CM_43_2022,5.787108,11.499441,2022,U,IVMBTTOJYAO3NF6FJQYQPLZF,2026-06-09T15:30:17
CM_44_2022,3.873302,11.600349,2022,U,RTXSJ65PRXW4U7B25QWQRIQN,2026-06-09T15:30:17
CM_45_2022,3.827283,11.573099,2022,U,ZLED4BWBZ2RJGQ2OLO2GHYAE,2026-06-09T15:30:33
CM_46_2022,3.981305,11.596968,2022,U,IJP3FMH3Y5ZCFJS7UADCVLEP,2026-06-09T15:31:19
CM_47_2022,3.959388,11.598542,2022,U,37PUBXP2A3CCQZQRTZ64MC36,2026-06-09T15:33:06
CM_48_2022,3.976005,11.550424,2022,U,DEYK2X2LDX2YTPZ7U4MUU3KA,2026-06-09T15:33:06
CM_49_2022,3.634101,10.789749,2022,U,ZYCS5NCQEXYBJYK5AR5B752D,2026-06-09T15:33:07
CM_50_2022,3.780588,12.220817,2022,U,JND4FWMQHBNAEEGT5B3UOLPM,2026-06-09T15:33:24
CM_51_2022,3.53175,11.528752,2022,U,EFB4APBHL4T4K3CR7BIQNZCT,2026-06-09T15:34:10
CM_52_2022,3.505204,11.491088,2022,U,W4NCLP7R36KEXXBI7EQFCOML,2026-06-09T15:34:10
CM_53_2022,4.596689,13.203425,2022,R,DR7DVCQY73JPR25IGID7AV47,2026-06-09T15:34:11
CM_54_2022,4.315549,11.663538,2022,R,NZNJWPJKOTENQYAKCNEH2HWG,2026-06-09T19:18:15
CM_55_2022,4.137182,11.230574,2022,R,OSVG54YBV3HHAZHQ3JKFFH4Z,2026-06-09T19:18:16
CM_56_2022,4.182478,11.59121,2022,R,P6FFARHWSPSGYIW2P3TVRNJA,2026-06-09T19:18:17
CM_57_2022,4.177359,11.453517,2022,R,Q6TDXZYVAAGHQG3YHF3YKBPM,2026-06-09T19:18:17
CM_58_2022,4.39037,11.40444,2022,R,GYUKZWPSRYNG5EFYA2URII2U,2026-06-09T19:18:17
CM_59_2022,4.624427,11.027958,2022,R,CFSHY7OVVN7ZGQEWA7DNOCVV,2026-06-09T19:18:18
CM_60_2022,4.967758,10.988686,2022,R,QD7GXQUVFPFQGCGZ6NFBEXR3,2026-06-09T19:18:18
CM_61_2022,4.677459,11.312832,2022,R,DQASEPRP7CUL7AVUYQLKFVBI,2026-06-09T19:18:19
CM_62_2022,4.771431,11.524697,2022,R,TA6JELFIWY5RIPT5HLCBLGDY,2026-06-09T19:18:19
CM_63_2022,4.919849,11.386007,2022,R,LV5SW7AZ7E6FBF57TULEFWVZ,2026-06-09T19:18:20
CM_64_2022,4.190208,12.063283,2022,R,SWL3C2J27GLEP6F4FU66UKEN,2026-06-09T19:18:21
CM_65_2022,3.749969,11.598644,2022,R,ET3XVVFXQWWA22T5VYYGTIJK,2026-06-09T19:18:21
CM_66_2022,3.896978,11.656139,2022,R,R6TUVEMQATTI5EVKHV3AMCIB,2026-06-09T19:18:22
CM_67_2022,3.703727,11.484747,2022,R,KAO2ZTLYGAMJN4Z6UTXBCVAE,2026-06-09T19:18:23
CM_68_2022,3.718344,11.374822,2022,R,DNWMJVVEVLERMH3DOCCD7RNQ,2026-06-09T19:18:23
CM_69_2022,3.842284,10.829042,2022,R,ER4BUGHE74TL5I4PWCMR5LU6,2026-06-09T19:18:24
CM_70_2022,3.875369,10.905698,2022,R,ZAHFX3SAVGYR6YN3M5HV2FZ6,2026-06-09T19:18:24
CM_71_2022,4.074402,12.250203,2022,R,X6G46UTRWBYOJ4QMRKRO2OCZ,2026-06-09T19:18:24
CM_72_2022,4.350591,12.622457,2022,R,5J76GM6NBM2DOKSF34F6DN6Y,2026-06-09T19:18:25
CM_73_2022,3.400601,11.273528,2022,R,IPXNIOPH5NRX5UTI35HQMU65,2026-06-09T19:18:25
CM_74_2022,4.061845,9.719121,2022,U,3I2ZHPCHLA5XIJZXG2XFUFQ4,2026-06-09T19:18:26
CM_75_2022,4.057967,9.706208,2022,U,JBAWTBDS23QIFJPVDJ4IY2ZI,2026-06-09T19:18:27
CM_76_2022,4.037787,9.71342,2022,U,GPCC4QCQ6Q7YA6UMWHGQ764Z,2026-06-09T19:18:27
CM_77_2022,4.022601,9.688184,2022,U,Z3QI7GI5RS4N4SDGTYKWXG2U,2026-06-09T19:18:28
CM_78_2022,4.045314,9.712145,2022,U,6DNAZJYFVUXMAUMVSCPP3B2K,2026-06-09T19:18:28
CM_79_2022,4.021962,9.720164,2022,U,TNYSFB33KE65LZVTFBDEDU35,2026-06-09T19:18:28
CM_80_2022,4.036805,9.700659,2022,U,2LSI2DC6TCWBH77MNHC2MWMT,2026-06-09T19:18:29
CM_81_2022,3.998056,9.718343,2022,U,H2O5SEC5CPFZBSEA72YWRST6,2026-06-09T19:18:30
CM_82_2022,3.999115,9.728896,2022,U,T4UJB7KLBVR5MVY5ZDURD3K2,2026-06-09T19:18:31
CM_83_2022,4.061566,9.817737,2022,U,BF4MKA7OT2NOQ5JAIJCXQIHK,2026-06-09T19:18:31
CM_84_2022,4.04819,9.777602,2022,U,UZWSEWIMDUBCHGHY4RG3RP7W,2026-06-09T19:18:32
CM_85_2022,4.009463,9.7801,2022,U,E3VCMTJKZCBNC27B75XSD7XB,2026-06-09T19:18:32
CM_86_2022,4.018012,9.752664,2022,U,DWYTCAONQQPN5VCQVOFO5JKS,2026-06-09T19:18:33
CM_87_2022,4.030612,9.780717,2022,U,4PDAR6JQZWJQYNYLIPNABFZX,2026-06-09T19:18:34
CM_88_2022,4.023242,9.787397,2022,U,X3777Y6BC6AD47QA4NQILHC4,2026-06-09T19:18:35
CM_89_2022,4.026766,9.776849,2022,U,5GYE6UMTJYVLYTMERMQIVVTR,2026-06-09T19:18:36
CM_90_2022,4.045251,9.754697,2022,U,GLIPKPOBWESNIOIXZM2AQMH6,2026-06-09T19:18:37
CM_91_2022,4.027111,9.744581,2022,U,24G2FLYUY6IAPZ6QXBAWBGBA,2026-06-09T19:18:38
CM_92_2022,4.019197,9.751286,2022,U,RY6DAYEGHXCWD5H4BQGZXY7V,2026-06-09T19:18:38
CM_93_2022,4.018112,9.723455,2022,U,G67ZIUGU7HKFBN57C3SDITNR,2026-06-09T19:18:39
CM_94_2022,4.008736,9.72694,2022,U,QJLW4YCMWFUT7WVRL2YDROSE,2026-06-09T19:18:39
CM_95_2022,4.01393,9.744702,2022,U,YXM6GA3XXMD4QRS3ESLECVE5,2026-06-09T19:18:39
CM_96_2022,3.993929,9.745077,2022,U,ZFG6Q3IQG6W7ROP66ZAOS7IT,2026-06-09T19:18:40
CM_97_2022,3.984124,9.760501,2022,U,Z4MBDO67QEYJ3YR4CA4OAQIC,2026-06-09T19:18:41
CM_98_2022,3.968166,9.795455,2022,U,IF3ICHU72SLB6DJDPACKB27C,2026-06-09T19:18:42
CM_99_2022,4.121447,9.646679,2022,U,ZKL7KROBC4QAICQIWZAJYIOF,2026-06-09T19:18:43
CM_100_2022,4.108063,9.636072,2022,U,4W7LSJRQ7KFOR7JFHZSJXHXG,2026-06-09T19:18:43
CM_101_2022,4.096947,9.670591,2022,U,F7CJFDGRAYANNCLXNCFKFNBP,2026-06-09T19:18:44
CM_102_2022,4.081242,9.666076,2022,U,NGDKXMOHT3PRL3GTJCT4Q37A,2026-06-09T19:18:45
CM_103_2022,4.076147,9.658273,2022,U,R4VWWP2WLTJGA4CU4RWFA7MJ,2026-06-09T19:18:46
CM_104_2022,4.089469,9.651508,2022,U,ZHYDL4JXUEUW672I5EA2ASDW,2026-06-09T19:18:46
CM_105_2022,4.060096,9.757719,2022,U,YNQ2ZKOKLLOAJPNTSGOPWJXV,2026-06-09T19:18:47
CM_106_2022,4.057307,9.764236,2022,U,W2U2IHYFUNV756Q6ZIJF7AA5,2026-06-09T19:18:47
CM_107_2022,4.04403,9.762342,2022,U,YLSEDHMVRUNZZYORPLEHCLQC,2026-06-09T19:18:48
CM_108_2022,4.099631,9.76523,2022,U,FTP5KDALVMLREBDAH555MXMW,2026-06-09T19:18:49
CM_109_2022,4.076605,9.757478,2022,U,2YOMVDG47HWIZ7FRPB3GYMS2,2026-06-09T19:18:50
CM_110_2022,4.072569,9.725383,2022,U,2P2SDIXUMOA3PEIOSFSCV7VR,2026-06-09T19:18:50
CM_111_2022,4.056389,9.716048,2022,U,5SIVXZ42FQKJPYTUVBC53BJL,2026-06-09T19:18:51
CM_112_2022,4.057202,9.724744,2022,U,Q7W53EVE2MY4BCQERDVB4P7J,2026-06-09T19:18:52
CM_113_2022,4.068882,9.730265,2022,U,VA3RHLLLQK3UVFFAHP7CJ7CA,2026-06-09T19:18:52
CM_114_2022,4.074929,9.725027,2022,U,MMQDM2SCA36JZPKZMPULWZS6,2026-06-09T19:18:53
CM_115_2022,4.071945,9.732913,2022,U,JHYSVTTBTYXVGS3PAIFOKGPC,2026-06-09T19:18:54
CM_116_2022,4.095976,9.744225,2022,U,PMGS7KK3WHA6T46WOTN6RBTO,2026-06-09T19:18:54
CM_117_2022,4.037107,9.550779,2022,U,6WYEAZRFJWWS46FOWNCR56W3,2026-06-09T19:18:55
CM_118_2022,3.508719,15.043212,2022,U,FBELYLZ6WEZT4Q63NSKLYECT,2026-06-09T19:18:55
CM_119_2022,4.389002,13.581192,2022,U,WNBHL4QOU6EWG5M3L7P3VMIX,2026-06-09T19:18:56
CM_120_2022,4.393253,12.922566,2022,U,TGKEMRLXO7N7IOVTT7FIILC3,2026-06-09T19:18:57
CM_121_2022,4.430359,14.36072,2022,U,AKWA4525EQNGBJ6AI23RMSFW,2026-06-09T19:18:57
CM_122_2022,4.170873,15.022298,2022,U,GYYKKNDGOYJRYVA5LYNMAKXR,2026-06-09T19:18:57
CM_123_2022,4.025721,14.941931,2022,U,JFDULIELHNORAOU7FSNWFC4J,2026-06-09T19:18:58
CM_124_2022,5.217404,13.56949,2022,U,SW5CUGWLP3ALBJVLA6DIKTOU,2026-06-09T19:18:59
CM_125_2022,5.211219,13.38297,2022,U,6RDFZ7K6IL5GOE52TFRLM5DR,2026-06-09T19:19:00
CM_127_2022,4.574669,13.665159,2022,U,FNBQ7ZMXNXQL7SUTLQAGEBZS,2026-06-09T19:19:00
CM_128_2022,4.574072,13.651436,2022,U,O467JSQWSO3ZIVTPMECXTILW,2026-06-09T19:19:01
CM_129_2022,4.555632,13.678237,2022,U,MHVUQPPWGI6UTZ7ME3NCPBLK,2026-06-09T19:19:02
CM_130_2022,4.572445,13.684135,2022,U,H6G2GU6G7YYQ4PPXAQP6FRLG,2026-06-09T19:19:02
CM_131_2022,4.573742,13.704505,2022,U,ULQVLVPYLFBOQVNJ6UXA2MXR,2026-06-09T19:19:03
CM_132_2022,4.572153,13.687929,2022,U,2NCQFS5WHVLCJEYGBVB5XHJS,2026-06-09T19:19:03
CM_133_2022,5.894859,14.555301,2022,U,3UUIKGBZOZBOWRW2HYXQ3LCU,2026-06-09T19:19:04
CM_134_2022,5.884265,14.55012,2022,U,LLM5V7VDII5MDSOQCFXHJHPJ,2026-06-09T19:19:04
CM_135_2022,5.177661,14.003779,2022,U,VLDG3VOGFE3XNTKJJDY6FSG6,2026-06-09T19:19:04
CM_136_2022,2.245965,15.386323,2022,R,NOHTLUQ4CFQ6EJ7CZURJ3SLR,2026-06-09T19:19:05
CM_137_2022,3.505281,15.048666,2022,R,PJRDEB3QXGDRGMODLSQCUBYT,2026-06-09T19:19:06
CM_138_2022,3.233206,14.918826,2022,R,IGJUN5OTRWI4Y62OEQNLIXUT,2026-06-09T19:19:07
CM_139_2022,4.015098,12.905845,2022,R,C6MKW34GACM5C26FJORVETCB,2026-06-09T19:19:07
CM_140_2022,4.151958,13.357013,2022,R,EIDWWKYM3XQOKEY5BHRSBXS2,2026-06-09T19:19:07
CM_141_2022,4.210834,12.898102,2022,R,GSMVZNDGHIFVGQS7IQBVZGEB,2026-06-09T19:19:08
CM_142_2022,4.476941,12.950961,2022,R,H3E7ZTIA2I5OBW4HVO4L2FBD,2026-06-09T19:19:08
CM_143_2022,4.540325,14.207818,2022,R,YF5RHGNP6BB5N75ICJLGG34Q,2026-06-09T19:19:09
CM_144_2022,4.382832,14.661766,2022,R,UIV6DMRMB2YN4LDV4DD2CX6X,2026-06-09T19:19:09
CM_145_2022,4.767971,14.578859,2022,R,XSQFFW7ITWID6IEKGGODCV2T,2026-06-09T19:19:10
CM_146_2022,4.181094,14.236615,2022,R,O7QXIVKCXOQ3GLMGVGYPGPIW,2026-06-09T19:19:10
CM_147_2022,4.206047,14.742649,2022,R,7N4PQU7W4VS2L3MX55IGL7XC,2026-06-09T19:19:11
CM_148_2022,5.790339,13.307408,2022,R,JWEQCSR2HUBCOPO4GMFCELPX,2026-06-09T19:19:12
CM_149_2022,6.036052,14.386251,2022,R,I65MUJWG2MVXG5GQHTSBSPC7,2026-06-09T19:19:12
CM_150_2022,4.569397,13.73863,2022,R,IJQIXTB2RIJNJQXM5LAUBJQI,2026-06-09T19:19:12
CM_151_2022,4.313852,14.054563,2022,R,F67POSXWJNQU5766MC2M4DSF,2026-06-09T19:19:13
CM_152_2022,10.528876,14.13828,2022,U,I2KYMOE3AL6SVLKKFK6MUS5E,2026-06-09T19:19:14
CM_153_2022,10.607627,14.350859,2022,U,V4MOFARSMRWRIEX6TMLBAMAS,2026-06-09T19:19:15
CM_154_2022,10.55142,14.229412,2022,U,BEDEBR3UKMGP6UAMDDCO7FX3,2026-06-09T19:19:16
CM_155_2022,10.598841,14.317268,2022,U,SMC3TUVDKOFNGWMQQZEJU2OL,2026-06-09T19:19:16
CM_156_2022,10.61528,14.355345,2022,U,YV24FMNXFRQOCURIKSUSLEQS,2026-06-09T19:19:17
CM_157_2022,10.607934,14.398777,2022,U,NMCHQOF5FLWPIYCQLJ3XXAXO,2026-06-09T19:19:17
CM_158_2022,12.873717,14.292802,2022,U,M6IRTENPVZ64HYW3UFZHIUX4,2026-06-09T19:19:17
CM_159_2022,12.094719,15.02509,2022,U,VPBLRMRYOWVWMB25CZUGBJ3V,2026-06-09T19:19:18
CM_160_2022,12.079473,15.019606,2022,U,V2OVUSQSZSPPBJ36WT7WVQZR,2026-06-09T19:19:19
CM_161_2022,10.022979,15.250575,2022,U,GLBCF53TEOZXC65GVULBAA6B,2026-06-09T19:19:20
CM_162_2022,10.35103,15.217407,2022,U,7M2CPAYGIDUFDD5JPK6IVVRQ,2026-06-09T19:19:20
CM_163_2022,10.096949,14.454943,2022,U,GJV56NEJBQ5Y77NUK5OO6J3V,2026-06-09T19:19:21
CM_165_2022,11.040156,14.126461,2022,U,LMV5YWU3QZ6T7QJBJBJ5W3YY,2026-06-09T19:19:21
CM_166_2022,10.140838,13.456774,2022,U,R5SCZZGHG2VL5C47NBMI7SUZ,2026-06-09T19:19:21
CM_167_2022,10.747258,13.797997,2022,U,AGBQE5NFWCRDO4KNOJQ2N63Y,2026-06-09T19:19:22
CM_168_2022,10.720485,14.67823,2022,R,KM5C436ZCDR7FMWO6OP6PREO,2026-06-09T19:19:23
CM_169_2022,10.916117,14.288835,2022,R,MQVMJO33UAPOWEWJBHP4ECGM,2026-06-09T19:19:23
CM_170_2022,10.797994,14.305637,2022,R,YQM7OMFTLTDPNMDKCCDZXNXU,2026-06-09T19:19:24
CM_171_2022,10.381878,14.084507,2022,R,26DYPDSF456JKCQYQ77N75JW,2026-06-09T19:19:24
CM_172_2022,12.940468,14.502398,2022,R,BIMGTEI5TFDFTGR2GKPMFJST,2026-06-09T19:19:25
CM_173_2022,12.379978,14.386286,2022,R,PNBUDGRUOQEBHB6F2JWFT3G4,2026-06-09T19:19:25
CM_174_2022,12.733831,14.24281,2022,R,3RUVO6SEUCXPMD3CGPG4N5OI,2026-06-09T19:19:25
CM_175_2022,12.537547,14.394986,2022,R,KIQMAP2POVNOPASABRGGD4IV,2026-06-09T19:19:26
CM_176_2022,12.488839,14.709747,2022,R,AIVTL2WAPY5D4VTTQZRBGD6J,2026-06-09T19:19:26
CM_177_2022,12.228472,14.701405,2022,R,SCOFVO5AJMPGA3Q5O4K3K3HB,2026-06-09T19:19:27
CM_178_2022,10.019455,15.013055,2022,R,HJBYX3LJGDSB45AYUSPISGHD,2026-06-09T19:19:28
CM_179_2022,10.136308,15.280532,2022,R,JKA2CW6BAZHLOGPRBDPRUNH3,2026-06-09T19:19:28
CM_180_2022,10.129043,14.989102,2022,R,ZFXW6DJK2UDASTCWE2IFS2HH,2026-06-09T19:19:29
CM_181_2022,10.865596,14.91062,2022,R,OBBL4H3EGA7HKVPTEXOQ5LAS,2026-06-09T19:19:30
CM_182_2022,10.448513,15.185495,2022,R,XQ3TKTWI3XO54Z4JT7IQGR5M,2026-06-09T19:19:30
CM_183_2022,10.047319,14.519181,2022,R,JB2KLIIYF4HKEZXD33R3IY3B,2026-06-09T19:19:31
CM_184_2022,10.011067,14.478778,2022,R,55N7GGNXELGTKGL2PGKQTNT7,2026-06-09T19:19:31
CM_185_2022,10.375715,14.445847,2022,R,IANERAL2E5LXPHMUL3VFEVTO,2026-06-09T19:19:31
CM_186_2022,10.398326,14.769968,2022,R,BK2VARJNWB6PTIPACW2GN27E,2026-06-09T19:19:32
CM_187_2022,10.185387,14.055965,2022,R,IUQVMGPW4KDJN3DRI77ZHDSH,2026-06-09T19:19:33
CM_188_2022,11.188857,13.91819,2022,R,AWYTV47C6FWR4YGPELAGNOM4,2026-06-09T19:19:33
CM_189_2022,10.98515,14.2689,2022,R,ZZKHI2WR4TNBBM5JJUK5WEP3,2026-06-09T19:19:34
CM_190_2022,10.963508,14.127484,2022,R,UD5FNYMOTL5WNOBHA6WFX6LH,2026-06-09T19:19:34
CM_191_2022,10.883601,14.10267,2022,R,5G3KWO356QDIIUPQGCK3YFXI,2026-06-09T19:19:34
CM_192_2022,10.320414,13.938756,2022,R,ERZUHUHG3FI3ID2EFG6FDXLQ,2026-06-09T19:19:35
CM_193_2022,10.827238,13.850837,2022,R,LUK6YB6QWOHTNS44RJOTE3BT,2026-06-09T19:19:36
CM_194_2022,10.890966,13.795476,2022,R,OJKW7XVDIPGRXUYFIULYJBDR,2026-06-09T19:19:36
CM_195_2022,10.461644,13.673203,2022,R,DRUXROBFLRQIPVVHCVGHQIED,2026-06-09T19:19:37
CM_196_2022,10.684757,13.981652,2022,R,2B5VWVDJSIKSMVUSOS3EYNZC,2026-06-09T19:19:37
CM_197_2022,10.544395,14.034484,2022,R,7OOXPX23P6FOUPB6PPSYKEB3,2026-06-09T19:19:38
CM_198_2022,10.762224,13.901882,2022,R,ROKYHGALQ3VZIC2AMDP2O6CN,2026-06-09T19:19:38
CM_199_2022,11.796897,14.974609,2022,R,5IZK2ZVOSNZXNOOBZ53FKEAK,2026-06-09T19:19:38
CM_200_2022,4.179708,9.656016,2022,U,MRZ2WM7AAGFTC5LNOSD45OGW,2026-06-09T19:19:39
CM_201_2022,4.732039,9.714398,2022,U,B5U4K2VNAJI2EIL3UJCHPGL3,2026-06-09T19:19:39
CM_202_2022,4.720054,9.739081,2022,U,QJAOJZZ6M4F5HOUD7HMCNRJI,2026-06-09T19:19:40
CM_203_2022,4.700417,9.706404,2022,U,6CUOIV5Q4QBXUF6LFGLY5PDC,2026-06-09T19:19:40
CM_204_2022,4.838564,9.826708,2022,U,V2D5KVDSO3DSNQRNFSJDZMST,2026-06-09T19:19:40
CM_205_2022,4.512059,9.580942,2022,U,7QD54YX6QFJEZWIDRFHTSBEI,2026-06-09T19:19:41
CM_206_2022,5.139533,9.934108,2022,U,DQ5WB4JBCZNLA2XOCDQEYNTD,2026-06-09T19:19:41
CM_207_2022,5.113739,9.963757,2022,U,3PLNOK63JAA5TH32C72HOXRL,2026-06-09T19:19:42
CM_208_2022,4.644392,9.69656,2022,U,NHAKEHYCBGM3XPDQDVGZ5EZO,2026-06-09T19:19:43
CM_209_2022,4.950216,9.929737,2022,U,MHZSYP6SF7A43Z6L2GW4LAP6,2026-06-09T19:19:43
CM_210_2022,4.94471,9.936393,2022,U,AVRNWNTGJUOTWZGWQUVIIOU2,2026-06-09T19:19:43
CM_211_2022,4.989866,9.923735,2022,U,BRECLID6JUSEH7I54PRE226H,2026-06-09T19:19:44
CM_212_2022,4.975717,9.917879,2022,U,DHUANL4LD36BXMG7XSTM2IBV,2026-06-09T19:19:44
CM_213_2022,4.463277,9.969982,2022,U,WEMUNUA2JIOGNTI7AFLX5AH6,2026-06-09T19:19:45
CM_214_2022,3.803778,10.136227,2022,U,J6OPWP32IMJ7TR5U4DEF6CT5,2026-06-09T19:19:45
CM_215_2022,3.805096,10.134622,2022,U,GCEKCGSR6YJU3WM6VOGPXO2E,2026-06-09T19:19:45
CM_216_2022,3.774644,10.129241,2022,U,QRDXA4TRETY6D32KQGAAY4RM,2026-06-09T19:19:46
CM_217_2022,3.826462,10.115574,2022,U,ZMVO6E6TDW7MK25ZJUHZKNGM,2026-06-09T19:19:46
CM_218_2022,3.763293,10.264052,2022,U,5W4HX5AB4UEE45JKKUKCXS4W,2026-06-09T19:19:46
CM_219_2022,4.96974,10.044453,2022,R,WUWZKLEXY4TIS4JOVUGSFGDI,2026-06-09T19:19:47
CM_221_2022,4.726692,9.793305,2022,R,UYKPW4EPAU5PRFVD2GDC5TLJ,2026-06-09T19:19:47
CM_222_2022,4.751778,9.757737,2022,R,4SMPL4RI343FSICCWPRLPG7W,2026-06-09T19:19:48
CM_223_2022,5.192435,10.002596,2022,R,OR4WN62QMMFST6UCMR5KEMA2,2026-06-09T19:19:48
CM_224_2022,4.910984,9.990241,2022,R,FBG2WGWCD7NJ4X3OBDAHKJ2X,2026-06-09T19:19:49
CM_225_2022,4.972235,10.204262,2022,R,WJSRBXS5OKFKCXVN65Q4IO2T,2026-06-09T19:19:49
CM_226_2022,4.519087,10.013976,2022,R,ZHK2CN26TB5VCV24JQWJDKVP,2026-06-09T19:19:50
CM_227_2022,3.915939,9.862863,2022,R,PPXRPXSBWODLSTTX2IVVXEID,2026-06-09T19:19:50
CM_228_2022,3.735168,10.166959,2022,R,7JYAP4SCMZCQEIUZ2KCDMKSQ,2026-06-09T19:19:51
CM_229_2022,3.470562,10.043198,2022,R,ZUMJGEOD27FOLMVCYMXR7G5G,2026-06-09T19:19:52
CM_230_2022,4.519913,10.888014,2022,R,2ZDZRJ3XQLTO4TTRIMCPH2Y6,2026-06-09T19:19:52
CM_231_2022,4.232716,10.964927,2022,R,6ZFREI7PH3QRYERQGWUFGJLF,2026-06-09T19:19:52
CM_232_2022,9.299606,13.380792,2022,U,O5IZUP2CH45QEGQSLIWPZBV5,2026-06-09T19:19:53
CM_233_2022,9.31272,13.347843,2022,U,5CMFC7UOXVF6U5YVNCHM2ACN,2026-06-09T19:19:53
CM_234_2022,9.324892,13.376485,2022,U,TAYHKUHDWGGXC2QPJMRWLUBC,2026-06-09T19:19:54
CM_235_2022,9.33576,13.393718,2022,U,AKIMMIUVVVBJ6DDHK66MYV74,2026-06-09T19:19:54
CM_236_2022,9.367762,13.415874,2022,U,6BXIYNDH4T7WF676WOKLZSVH,2026-06-09T19:19:54
CM_237_2022,9.38767,13.514782,2022,U,YCYSVE2HT6EXBVCMUSHT2XRR,2026-06-09T19:19:55
CM_238_2022,9.377374,13.505326,2022,U,VB5PM5WAOYL6KY4BMWBROUXA,2026-06-09T19:19:56
CM_239_2022,9.389037,13.49451,2022,U,VYRX56XFIQFZFVLROR6LN7FA,2026-06-09T19:19:57
CM_240_2022,9.752647,13.960156,2022,U,OQICHOQHFLS4VKP46Y6G3MR7,2026-06-09T19:19:57
CM_241_2022,9.939498,13.933794,2022,U,7GO2FDUHRMOHFCXYRJUFPKYY,2026-06-09T19:19:57
CM_242_2022,8.446024,15.011186,2022,U,E7IAKFTFWZ4EHAJAUAA4FPS3,2026-06-09T19:19:58
CM_243_2022,7.535363,15.440868,2022,U,I4OIXCFBBMQUXB2FRFVZ4QYK,2026-06-09T19:19:58
CM_244_2022,9.586833,13.408949,2022,R,NBGNGVEF2SNAGLO4FC5H6JRU,2026-06-09T19:19:58
CM_245_2022,9.257356,13.824542,2022,R,I22PXKPGOUJ4WL2ZM7ZGINIZ,2026-06-09T19:19:59
CM_246_2022,9.549554,14.050655,2022,R,EQ2IWOT62X7U6RW4VEXEMW54,2026-06-09T19:19:59
CM_247_2022,9.386155,13.349656,2022,R,DC57MYJNAVFBEVYQJKUNNKFE,2026-06-09T19:20:00
CM_248_2022,9.189564,13.473241,2022,R,FZZ4XWW3IVQ3RTPT5FKXTV7G,2026-06-09T19:20:00
CM_249_2022,9.111438,13.578632,2022,R,5UDX2BZLVQDZLCS6WSLSPLEO,2026-06-09T19:20:00
CM_250_2022,8.662534,13.49835,2022,R,HRGAI75N6FLV2TNR7DOMTBN6,2026-06-09T19:20:01
CM_251_2022,9.383872,13.446127,2022,R,P7NK3DX65L6BXZZ7F5VPLWPF,2026-06-09T19:20:02
CM_252_2022,9.554323,13.642415,2022,R,TAWVTXDRT7NSUWJ5I5OQUYJY,2026-06-09T19:20:02
CM_253_2022,9.461161,13.538464,2022,R,N6HNHKEC5MWFOTDOGY2ZBRLH,2026-06-09T19:20:02
CM_254_2022,9.338035,13.548377,2022,R,F7WWKVDRLLXWGU7JFQXMEQYP,2026-06-09T19:20:03
CM_255_2022,9.374754,13.627604,2022,R,AWW5HXDM5ZPL3RHOXTRBLHTV,2026-06-09T19:20:03
CM_256_2022,9.455999,13.604616,2022,R,JCAFZD4CWYKZX3KSASMHJHSG,2026-06-09T19:20:04
CM_257_2022,9.492454,13.688048,2022,R,7RX6ACIDZ3WP7E6FKOPZKDQL,2026-06-09T19:20:04
CM_258_2022,9.543757,13.716864,2022,R,LND2MV5DPT5MOLZ4YFADYDXE,2026-06-09T19:20:05
CM_259_2022,9.24334,13.015699,2022,R,QCBJ6YMU632YR4NU6LGRK63K,2026-06-09T19:20:05
CM_260_2022,8.890823,12.864129,2022,R,SPLROPHQHQZ7LMHBQPTSQNMO,2026-06-09T19:20:06
CM_261_2022,8.257961,13.036257,2022,R,GICQ3GEYSUGM7XNUCTFO4ISQ,2026-06-09T19:20:06
CM_262_2022,10.149426,13.977381,2022,R,6EWWEY5CFTOYCJAAQ6SWAU3A,2026-06-09T19:20:07
CM_263_2022,10.03186,13.800229,2022,R,FL66BD5V3A75SIOJGOSEOZPD,2026-06-09T19:20:08
CM_264_2022,9.832025,13.880108,2022,R,SKAWMGADLPKOAYZIVHG5ZKNJ,2026-06-09T19:20:08
CM_265_2022,9.591494,13.855978,2022,R,VKWIUPJE54YIVU6Q3KQOAPBM,2026-06-09T19:20:09
CM_266_2022,10.027355,13.430008,2022,R,EA5XYVZM2VRTLEXWUDJKCQAH,2026-06-09T19:20:09
CM_267_2022,8.220054,14.855956,2022,R,Q2O35PBKM5GN2DXGZVZQAKP5,2026-06-09T19:20:10
CM_268_2022,9.051121,14.113962,2022,R,VI2EIIMEHPCMZY2JD7HUVJFF,2026-06-09T19:20:10
CM_269_2022,8.022294,13.562627,2022,R,EMX3CW6O4LWCPQYKY6F2I2N4,2026-06-09T19:20:11
CM_270_2022,7.843527,15.267563,2022,R,AKBEDFWIRJEWP7ZIPDVBZHNF,2026-06-09T19:20:11
CM_271_2022,7.548313,15.431113,2022,R,WGTV75CAOL5XY2U5QFVZJEES,2026-06-09T19:20:12
CM_272_2022,6.184969,10.353063,2022,U,6BVMDK2T5XDG4VRAUYMV2KOI,2026-06-09T19:20:12
CM_273_2022,6.278554,10.676215,2022,U,EDNSXI7JMQSWI3BF3SC5YVXY,2026-06-09T19:20:12
CM_274_2022,6.222018,10.680883,2022,U,4DZJ7XC5X24RCQ4N5GJ4VJSB,2026-06-09T19:20:12
CM_275_2022,6.18195,10.735343,2022,U,D6VWCJ33L7ICAYQAZ7AL4N7S,2026-06-09T19:20:13
CM_277_2022,6.422291,10.784122,2022,U,KMSL576CJWKR6RDA4CHNNCF5,2026-06-09T19:20:13
CM_278_2022,6.465896,11.051843,2022,U,27P6PLD26NPXXKUVBA254Z32,2026-06-09T19:20:14
CM_279_2022,6.377348,10.076126,2022,U,2UUWU6AXGFFSFNPSJI6WVXFV,2026-06-09T19:20:15
CM_281_2022,5.945337,10.176795,2022,U,CLL7SDFYDO26236KM7IBVXV7,2026-06-09T19:20:16
CM_282_2022,5.97111,10.152431,2022,U,NKFZJK3SSOFOABIVOTZX5FOG,2026-06-09T19:20:16
CM_283_2022,5.972115,10.155306,2022,U,H5VEKQKNXIZWRFMTOWZA35BA,2026-06-09T19:20:17
CM_285_2022,5.949709,10.16758,2022,U,VEWB4KYD76SWF5ZAEC77FZHB,2026-06-09T19:20:18
CM_286_2022,5.832243,10.158121,2022,U,FHFMCIMAUP4BYH2JQDBIFGJL,2026-06-09T19:20:19
CM_287_2022,5.822381,9.88834,2022,U,7F2N2M3X6B5HAZMJRUGRD5BN,2026-06-09T19:20:19
CM_288_2022,6.048353,10.572705,2022,U,QYK7MPMOD2WGIQ442ARD3N6T,2026-06-09T19:20:19
CM_289_2022,5.986629,10.442075,2022,U,BXLQWBFTJPQ5LQKONGSTBZCV,2026-06-09T19:20:20
CM_290_2022,6.171049,10.409297,2022,R,XXT3ZG4X6FHFFWHATHCFKKN5,2026-06-09T19:20:20
CM_292_2022,6.114389,10.69279,2022,R,QJNNX4BYRBRUA4CJMC6H2F4W,2026-06-09T19:20:21
CM_293_2022,6.363849,10.725072,2022,R,OBAI46MSVJJHVSKJOCWLKY5G,2026-06-09T19:20:21
CM_295_2022,6.789176,10.734996,2022,R,5DX7W3IQZ6KCPBREUYLCJT6H,2026-06-09T19:20:21
CM_296_2022,6.480628,10.798394,2022,R,CNMF4JBUL2T2D7EMLKI2XY5A,2026-06-09T19:20:22
CM_297_2022,6.363282,10.894249,2022,R,XRA2ZI6ELERMJYV6E6HY6H7J,2026-06-09T19:20:22
CM_298_2022,6.459171,10.689216,2022,R,DWMQZMA3XKY6BFQE5XQEMQOE,2026-06-09T19:20:22
CM_299_2022,6.660269,10.979967,2022,R,5SVQ2KTAYU475BI4JIFPUJFA,2026-06-09T19:20:23
CM_301_2022,6.515727,11.047756,2022,R,BVX3Z46CYUIX6UTF4NVZPKFI,2026-06-09T19:20:23
CM_302_2022,6.462118,11.179889,2022,R,C3XWMTPKIMZZPOQZXR7CCKNH,2026-06-09T19:20:23
CM_303_2022,6.353558,11.141436,2022,R,TDASW2KCITCBE243HNUX5NYK,2026-06-09T19:20:24
CM_304_2022,6.321488,10.984486,2022,R,BO3BAQD65EX43NMHAENOE5F7,2026-06-09T19:20:24
CM_306_2022,6.153957,10.087485,2022,R,NZ2XMT7DOA3PVIKZVU6YWJLF,2026-06-09T19:20:25
CM_310_2022,6.020576,9.972344,2022,R,TGASDE5ZA6Q3BPHXNNPEOKV3,2026-06-09T19:20:25
CM_311_2022,6.066934,10.479471,2022,R,XNF56JJ6Q6HWFY2LAJBI6TZX,2026-06-09T19:20:26
CM_313_2022,5.647326,10.243761,2022,U,LBWGCCSDJLPGYPSEONTNJVR6,2026-06-09T19:20:26
CM_314_2022,5.616673,10.246911,2022,U,E7MHBHSRE3XALXUYEEPHQJAR,2026-06-09T19:20:27
CM_315_2022,5.157369,10.188749,2022,U,3NWINLUSSTW7G3HE5HIKYQO2,2026-06-09T19:20:27
CM_316_2022,5.391707,10.336983,2022,U,2U43PTNOG736M43UVFGB6K4H,2026-06-09T19:20:27
CM_317_2022,5.370436,10.415915,2022,U,GB2H6GMPSHK245RYXJPSPOUS,2026-06-09T19:20:28
CM_318_2022,5.446242,10.043152,2022,U,Y6PRNPPSQYMAOJDALD2B3EWJ,2026-06-09T19:20:28
CM_319_2022,5.447019,10.046626,2022,U,UNHROAQBDLU7FOFELGK66OBM,2026-06-09T19:20:28
CM_320_2022,5.467894,10.425932,2022,U,G4MWA3KDRBUU5R3A6FR622H4,2026-06-09T19:20:29
CM_321_2022,5.479933,10.428715,2022,U,E5J24QLNUJHMRLJBDR6FZDSB,2026-06-09T19:20:30
CM_322_2022,5.459388,10.417956,2022,U,UKZC2MGCLDGVZL7NMNHKKKK5,2026-06-09T19:20:30
CM_323_2022,5.513095,10.40307,2022,U,H4LDCDRSJPC5VTDKDCSGHXHU,2026-06-09T19:20:30
CM_324_2022,5.494855,10.403803,2022,U,TSP3FVE7KLKAYCZMFDFCF6KL,2026-06-09T19:20:31
CM_325_2022,5.511698,10.426621,2022,U,DZHZ2S47V54HFCJVKEQVQSC2,2026-06-09T19:20:31
CM_326_2022,5.470745,10.404039,2022,U,T6JFRHMLQ67QE5Y2RWEHRGHD,2026-06-09T19:20:31
CM_327_2022,5.484839,10.386717,2022,U,L4TF5F5QXIXZ5N6EMNKEJUGN,2026-06-09T19:20:32
CM_328_2022,5.132114,10.529626,2022,U,KO354RENZQ45YWZKJYACMPNK,2026-06-09T19:20:32
CM_329_2022,5.866425,10.668568,2022,U,RXARN5FE25S7VYD3C2H4UDEP,2026-06-09T19:20:33
CM_330_2022,5.73865,10.880465,2022,U,JX6ULTDPGWIZYXTOLEQ2EVHQ,2026-06-09T19:20:33
CM_331_2022,5.499597,10.630819,2022,U,VGMCN6ITGNYYNEK4JJ25I7HF,2026-06-09T19:20:33
CM_332_2022,5.519574,10.644497,2022,U,AKVVII2D4AKA7BZTWQ2KISOR,2026-06-09T19:20:34
CM_333_2022,5.956596,11.22227,2022,U,VHAV37S6JBXVLP57R7PPN74J,2026-06-09T19:20:34
CM_334_2022,5.744033,10.139727,2022,R,ERU7O3LPWHVMS6QPT4CBIW3X,2026-06-09T19:20:34
CM_335_2022,5.592536,10.215814,2022,R,DGOVQUFUKCDEL3OJLFG3DDHJ,2026-06-09T19:20:35
CM_336_2022,5.698689,10.49182,2022,R,XUJ5W6SMV2IDDAHYXHE56U5I,2026-06-09T19:20:35
CM_337_2022,5.6516,10.232539,2022,R,RS3IQO3ZKFPVPZBLBOPK3VRS,2026-06-09T19:20:35
CM_338_2022,5.58811,10.312015,2022,R,4XIHKXCJM5TVNN5FKBVZ7LDC,2026-06-09T19:20:36
CM_339_2022,5.193559,10.317951,2022,R,YNF7HDUBASBXLIBK5PQYPIUM,2026-06-09T19:20:36
CM_340_2022,5.32139,10.376568,2022,R,TILNHGGST7CXEXFIZB4WFN32,2026-06-09T19:20:36
CM_341_2022,5.334135,10.258243,2022,R,DRWJIPPCV5KEUIO2HU5ZZURZ,2026-06-09T19:20:37
CM_342_2022,5.352643,10.429041,2022,R,USODSTJRT4QZB4N6LF35G23E,2026-06-09T19:20:37
CM_343_2022,5.437225,9.990031,2022,R,2VBNWEXFJ3TGGHLWIOIDJGNZ,2026-06-09T19:20:38
CM_344_2022,5.505225,10.121648,2022,R,JR3QTNRQSEPPZPIGUGL73AY2,2026-06-09T19:20:38
CM_345_2022,5.442868,10.312964,2022,R,CTRIIT7S43B3QFQY23ECF5WU,2026-06-09T19:20:38
CM_346_2022,5.274508,9.992531,2022,R,MKPDTXOVQKKIWEYA5ARXL72F,2026-06-09T19:20:39
CM_347_2022,5.542363,10.473413,2022,R,6BFOT2HXT3LJDCMETV4R2ZY4,2026-06-09T19:20:39
CM_348_2022,5.131602,10.528961,2022,R,GRD5VJZLVSLKXYYBZT56H7T5,2026-06-09T19:20:39
CM_349_2022,5.031259,10.397435,2022,R,TD5PNG766GVXCHGAGRHVFIXL,2026-06-09T19:20:40
CM_350_2022,5.566929,10.677424,2022,R,P65AFE5TICNK7RXWKJC2GHWX,2026-06-09T19:20:41
CM_351_2022,5.647687,10.589154,2022,R,2KCB5JCTY5KINKGFUNPXACSL,2026-06-09T19:20:41
CM_352_2022,5.657581,10.801379,2022,R,SUPD2XJMM3VUYSDX7K6H2LB5,2026-06-09T19:20:41
CM_353_2022,5.76878,11.000205,2022,R,SJE6L4OAKB47KF7R6R6PBNKU,2026-06-09T19:20:42
CM_354_2022,5.432836,11.06767,2022,R,4GAO6VTAWTHK4543GQORV7WO,2026-06-09T19:20:42
CM_355_2022,2.667764,12.68354,2022,U,QZ5GSZHSBAMRXBIDBVCZEGTU,2026-06-09T19:20:43
CM_356_2022,2.953306,11.983125,2022,U,FW2HREKVPVAFAO5HIG5UDRI6,2026-06-09T19:20:43
CM_357_2022,2.912525,11.991468,2022,U,2YM6SQ7KVHGCAATWHACBFAJR,2026-06-09T19:20:43
CM_358_2022,2.941898,11.132143,2022,U,EPOQ2UDM7RCUYSBI47JQ24J7,2026-06-09T19:20:44
CM_359_2022,2.919082,11.142444,2022,U,ZZKI7WCKFE37HLSL3P5EH2W3,2026-06-09T19:20:44
CM_360_2022,2.954669,11.163402,2022,U,EIN3HYDQWUFUHW47XEDH6ODR,2026-06-09T19:20:44
CM_361_2022,2.917464,11.137558,2022,U,BR7ZJ44GAN3FNADKGE5VH5Y3,2026-06-09T19:20:45
CM_362_2022,2.94053,9.919566,2022,U,NNW45O4RIRLK2BQWWRSCIALV,2026-06-09T19:20:46
CM_363_2022,2.973222,9.92003,2022,U,K5BTDA5S2H2IQCEK6X3NM5WW,2026-06-09T19:20:46
CM_364_2022,2.959603,9.927048,2022,U,DFAXMEKESTRS3E46RXWLXG3V,2026-06-09T19:20:46
CM_365_2022,3.215184,10.729666,2022,U,DCNS465USPJUNJPQOUB2YFBY,2026-06-09T19:20:47
CM_366_2022,2.383004,11.256638,2022,U,32SGKDZL74TJQBOZ56YR3WC4,2026-06-09T19:20:47
CM_367_2022,2.197827,11.332371,2022,U,MVIPNZ3H3I4SQBPHGZOXMOV3,2026-06-09T19:20:48
CM_368_2022,3.478586,12.455026,2022,R,FKJVVPI5BQ3RJS3K4PDB43PE,2026-06-09T19:20:48
CM_369_2022,3.271482,12.191225,2022,R,E2KUHOJENQNEE27AHLHGATPN,2026-06-09T19:20:48
CM_370_2022,3.107644,12.202212,2022,R,XI7JYPVTOFPNV4DPR5KYEUBQ,2026-06-09T19:20:49
CM_371_2022,2.974694,12.249191,2022,R,A77RH4RMBTJ74BLQ3QDFUM6Q,2026-06-09T19:20:49
CM_372_2022,2.360256,12.098085,2022,R,BXWU4LTNWVGIFY4XZY3KDYCZ,2026-06-09T19:20:49
CM_373_2022,2.903695,11.922365,2022,R,JI55I7VSZUOQGGTIZK2VR35T,2026-06-09T19:20:50
CM_374_2022,3.006835,11.949029,2022,R,VGX3X747XBO3EBJP2Z4G2P5O,2026-06-09T19:20:51
CM_375_2022,3.345394,11.877501,2022,R,THFKY4MSIXUMBEW2X7POLEQX,2026-06-09T19:20:51
CM_376_2022,3.238208,11.893551,2022,R,B2IBI5VHOCQ5F43P7SYF775S,2026-06-09T19:20:51
CM_377_2022,2.734247,11.497132,2022,R,KKJGEUT7SFP7F7NFYBDTJNUP,2026-06-09T19:20:52
CM_378_2022,2.820486,11.176462,2022,R,VXQGXTMLLWOPZ6G5XBOFMULU,2026-06-09T19:20:52
CM_379_2022,2.749603,11.750138,2022,R,V5IW3EVE5WCTAWEA44QSMTNT,2026-06-09T19:20:53
CM_380_2022,2.775479,10.476775,2022,R,PDXNKTNDS22AIA4KA3UCA2WK,2026-06-09T19:20:53
CM_381_2022,2.933133,9.912052,2022,R,4MTPRAW7JMA5PISCUFPOGP2F,2026-06-09T19:20:53
CM_383_2022,3.021347,10.037184,2022,R,UMUQMQRVUZLZIJJR5C5JQ5LQ,2026-06-09T19:20:54
CM_384_2022,3.329521,10.964741,2022,R,AQFACDVVTYDNIX2MRCDJQKT7,2026-06-09T19:20:54
CM_385_2022,2.712862,10.06183,2022,R,MFUNQCZVU6KS5TPVFU7TQHGX,2026-06-09T19:20:54
CM_386_2022,2.557273,11.00599,2022,R,LWQXAY2BAYJISRDKJLQJWWTV,2026-06-09T19:20:55
CM_387_2022,2.675062,10.814627,2022,R,EQX5XZ5DT3LTSQDT2SJHHGK6,2026-06-09T19:20:55
CM_388_2022,4.137689,9.298708,2022,U,ZESS2OCVA3KV5H2XSN5VXFK5,2026-06-09T19:20:55
CM_389_2022,4.152183,9.303813,2022,U,MTVN2MJTFNIGONUR25LDT6AC,2026-06-09T19:20:55
CM_390_2022,4.15682,9.270041,2022,U,PB3HI5JDWSXIWF26IYX4XSIX,2026-06-09T19:20:56
CM_391_2022,4.023553,9.192873,2022,U,3FDBSR26JY2HBAJOLFE2CGNO,2026-06-09T19:20:56
CM_392_2022,4.023765,9.203915,2022,U,LPJZ75FS66CLTNRRKOVDHU75,2026-06-09T19:20:57
CM_393_2022,4.01857,9.223774,2022,U,AOZQLSNIU7KQSOIVBCDC2LV6,2026-06-09T19:20:57
CM_394_2022,4.013403,9.178234,2022,U,65EOPADT6CTR2VR7HFTAOFMG,2026-06-09T19:20:57
CM_395_2022,4.100596,9.318762,2022,U,2XXWSDVXLQOGZBSQHASDMIDS,2026-06-09T19:20:58
CM_396_2022,4.090193,9.338776,2022,U,SCJFQXMNY6LFYR7AGI4ZSUNP,2026-06-09T19:20:58
CM_397_2022,4.069839,9.35396,2022,U,SHV7PB7KANUIQKGT7AJQY67B,2026-06-09T19:20:58
CM_398_2022,4.06873,9.376548,2022,U,Q2F54G3ECEESRDZEUAML2HYV,2026-06-09T19:20:59
CM_399_2022,4.74493,9.677894,2022,U,CIDAXGWUPXF4KTVSPREVXV4Z,2026-06-09T19:20:59
CM_401_2022,4.935559,9.466869,2022,U,W5WUOKLNBCEDEKPLV5NXDPVP,2026-06-09T19:20:59
CM_402_2022,4.636045,9.430503,2022,U,YYYYTVZWOHHDWO5PKTV5Q7VY,2026-06-09T19:21:00
CM_403_2022,4.61756,9.436392,2022,U,6KR7GNGCM52KQNO7EHJJZ32U,2026-06-09T19:21:00
CM_404_2022,4.634896,9.430353,2022,U,6AS2GNXHVC7AX4XU2DJNGPIU,2026-06-09T19:21:00
CM_405_2022,4.634501,9.45157,2022,U,YZ5YYUS5ARAY6KOUYCQH5MF3,2026-06-09T19:21:01
CM_406_2022,4.623351,9.462583,2022,U,YYOAB2AR3VINPTE2WFHCYFAP,2026-06-09T19:21:01
CM_407_2022,4.975642,8.899048,2022,U,5GACVM4FYIIDI5E46LWQ4QMI,2026-06-09T19:21:02
CM_408_2022,4.106475,9.246116,2022,R,SHBOIAHYG2CM44CKY5NH43DM,2026-06-09T19:21:02
CM_409_2022,4.168669,9.277792,2022,R,GPEQWVJJIRQ7AWFFIYT2JGLY,2026-06-09T19:21:02
CM_410_2022,4.064562,9.237076,2022,R,K3PATYGWBZZ5LMUZQEO3HI5D,2026-06-09T19:21:03
CM_411_2022,4.035998,9.140504,2022,R,Z37WL7TR3VDZN7CEJCLLSOBT,2026-06-09T19:21:03
CM_413_2022,5.130612,9.802866,2022,R,NON2AUAYOPQEQEZL34KCYQZ2,2026-06-09T19:21:03
CM_414_2022,4.806405,9.654699,2022,R,2EU7ZCRRBYAVTZRMGF4ZJ5LF,2026-06-09T19:21:04
CM_415_2022,4.717591,9.567784,2022,R,ILQNEPKPDPH56SX2R3PQ4XL2,2026-06-09T19:21:05
CM_418_2022,5.734604,9.414276,2022,R,6F4HRUYHV5BRRIAOL5FKJCJM,2026-06-09T19:21:05
CM_419_2022,5.702063,9.552387,2022,R,5PIAGOPFPKBYBD3IV6WXDHFU,2026-06-09T19:21:06
CM_426_2022,4.547656,8.502071,2022,R,HK3YOIFL35HFBLNVN3XHEY3X,2026-06-09T19:21:06
CM_428_2022,3.963612,11.522175,2022,U,AKXATMUFZ5OJ4AXVFQP543BZ,2026-06-09T19:21:06
CM_429_2022,3.937853,11.513901,2022,U,WJZGMGDVTQYMASOCAWONP6NR,2026-06-09T19:21:07
CM_430_2022,3.92609,11.534195,2022,U,MTYAS6TBSPK3IPMLVBKGAAMD,2026-06-09T19:21:07
CM_431_2022,3.915937,11.513411,2022,U,4LYASHKOXYBHNRN5NF2XVWQH,2026-06-09T19:21:08
CM_432_2022,3.883719,11.52715,2022,U,FATQ6KVP7N2TMBKLE3URVIKF,2026-06-09T19:21:08
CM_433_2022,3.890584,11.540554,2022,U,R4MH443ANZKAYVY3WEAWRU2X,2026-06-09T19:21:08
CM_434_2022,3.879223,11.5089,2022,U,MTVZQHO2VBF5EE6ODUB5MKME,2026-06-09T19:21:09
CM_435_2022,3.915949,11.492934,2022,U,GEIC6UA7SVSCFWALNAAHA2RD,2026-06-09T19:21:09
CM_436_2022,3.890037,11.492628,2022,U,DRK23GMHZQQ7ES3KCRXGOLAP,2026-06-09T19:21:10
CM_437_2022,3.890471,11.504855,2022,U,6ULH7ZCZ4BBIOB6PUZ36MJBG,2026-06-09T19:21:10
CM_438_2022,3.87276,11.510703,2022,U,RFK3V7T5XRDBZXCCKWRKJGWG,2026-06-09T19:21:11
CM_439_2022,3.851986,11.502035,2022,U,A7EUU2A3W4CFIJXVWNDQIYPZ,2026-06-09T19:21:11
CM_440_2022,3.852341,11.5074,2022,U,LIOPZ5PAM7YAEFP3KZVMJEHU,2026-06-09T19:21:12
CM_441_2022,3.851971,11.491726,2022,U,U2DGJLXQU4HT7AAOTOMQ5YCH,2026-06-09T19:21:13
CM_442_2022,3.831392,11.468787,2022,U,J7RGH2TTKWWWBMPVZXJULUZ2,2026-06-09T19:21:13
CM_443_2022,3.83661,11.502085,2022,U,KZCW7DIEULOQFXTBNJ646EEU,2026-06-09T19:21:13
CM_444_2022,3.814516,11.515232,2022,U,AMYDNKZLTNFVTKB6OVRSUFR5,2026-06-09T19:21:14
CM_445_2022,3.770176,11.521187,2022,U,SCIZT35H3ZICMDRXZPIIQBIJ,2026-06-09T19:21:15
CM_446_2022,3.806014,11.526751,2022,U,5KQIOUXL5XSINEYKHKIEDM7J,2026-06-09T19:21:15
CM_447_2022,3.833452,11.530274,2022,U,OF4NVPEUKWMGEDM6G5VIX2DC,2026-06-09T19:21:15
CM_448_2022,3.82583,11.55084,2022,U,XMIAD44B6IMYDIQYYCINSDGS,2026-06-09T19:21:16
CM_449_2022,3.84861,11.5566,2022,U,OM25NISNPD6B4MGYZRJCENTB,2026-06-09T19:21:16
CM_450_2022,3.845415,11.50076,2022,U,HI6FCGKMJM4F4PL7E2ZCA3UW,2026-06-09T19:21:16
CM_451_2022,3.850822,11.531648,2022,U,LBH5WBZJWLNOFORYYMF5YFI6,2026-06-09T19:21:17
CM_452_2022,3.846229,11.569078,2022,U,GE4CFNPWBTIEHQCFDWI6UAFK,2026-06-09T19:21:17
CM_453_2022,3.869199,11.5572,2022,U,6D7SFXYC4U2HRBFMNR6WAYLT,2026-06-09T19:21:17
CM_454_2022,3.871323,11.544631,2022,U,EACXEAL2SBH5MMLWCVLUJHKU,2026-06-09T19:21:18
CM_455_2022,3.860331,11.524764,2022,U,X2AYW3TYMX4W75ORTWBFEW5C,2026-06-09T19:21:18
CM_456_2022,3.907619,11.571126,2022,U,RVGWLAXKJQCUX2RJMEPVURNY,2026-06-09T19:21:19
CM_457_2022,3.893047,11.561774,2022,U,QWVXWHWNGMA4RNDKKULQU2NO,2026-06-09T19:21:19
CM_458_2022,3.90095,11.563576,2022,U,MCXBAJHNZ7N7DSUY3HDSNPSM,2026-06-09T19:21:19
CM_459_2022,3.88053,11.560523,2022,U,BBV3OLWZJCSG7VTODZ3WKN6O,2026-06-09T19:21:20
CM_460_2022,3.888868,11.542207,2022,U,23C7QWGOVHQHEQACK4WHNAO7,2026-06-09T19:21:20
CM_461_2022,3.864191,11.534928,2022,U,LGI36YLQN2B5UJQ5RULB2QGW,2026-06-09T19:21:20
CM_462_2022,3.868284,11.497931,2022,U,4L7DYFNDD2NTEDEGBCCJHUCX,2026-06-09T19:21:21
CM_463_2022,3.852542,11.493857,2022,U,JI6E3ZXMULI4NHTRGGC2ZS6I,2026-06-09T19:21:21
CM_464_2022,3.856847,11.477672,2022,U,LYB5INDOAKLJAT6CBYL3TTUT,2026-06-09T19:21:21
CM_465_2022,3.84578,11.465103,2022,U,SHJQMEF6T6WQ67UUD3DPPQ5O,2026-06-09T19:21:22
CM_466_2022,3.839903,11.476084,2022,U,PUFSWIZCTMDHXFXVJ4PAHGSQ,2026-06-09T19:21:22
CM_467_2022,3.814554,11.469329,2022,U,ZGOO2K3ORYFSI7LBZBXFCNZO,2026-06-09T19:21:22
CM_468_2022,3.840939,11.482145,2022,U,PXSUX2INJZID72IB2GMHMVEF,2026-06-09T19:21:23
CM_469_2022,3.866377,11.457922,2022,U,HXSCIG3OQWZV3H6FCDU6IVDQ,2026-06-09T19:21:23
CM_470_2022,3.886771,11.446068,2022,U,AC33NUMF2TLIPFNEUWLFAP3F,2026-06-09T19:21:24
ET_1_2010,10.193657,39.345773,2010,R,OVTRNPJ6CCTPP4AC6TDQS3SI,2026-06-09T19:21:24
ET_2_2010,9.02825,38.750949,2010,U,GT757IZOPCTTJUKSX7QIU3Z2,2026-06-09T19:21:24
ET_3_2010,9.332589,42.137039,2010,R,FD2LXB3HSFENYINSPNMNGU4B,2026-06-09T19:21:25
ET_4_2010,9.318443,42.113398,2010,U,C4YVKAQDQTIUS3DBIWU7Z6X3,2026-06-09T19:21:25
ET_5_2010,4.485986,40.036524,2010,R,E7LUOC4GJRFUIIBMZ4IJ3FG5,2026-06-09T19:21:25
ET_6_2010,10.274364,34.932796,2010,R,ZARSZOQ2EIJAPOSRDNW33X2R,2026-06-09T19:21:26
ET_7_2010,8.620598,40.200158,2010,R,J46AFPWHGBH676JFNA4JPI25,2026-06-09T19:21:27
ET_8_2010,5.327592,37.351075,2010,R,BQYGDD2DXY7KBW2ECMKV4GTO,2026-06-09T19:21:27
ET_9_2010,8.907318,38.763376,2010,U,Z2XAZAQLCANOWANK5JDNTSYY,2026-06-09T19:21:27
ET_10_2010,7.740446,38.447627,2010,R,5XDKBQXBFPU5LHKUNGHSOMIU,2026-06-09T19:21:28
ET_12_2010,7.563261,37.817592,2010,R,V2Y4JKO2XJOK7WBGWYENTLPJ,2026-06-09T19:21:28
ET_14_2010,7.151747,37.878806,2010,R,7JVGFMSI7KDADMAFGHB4GATM,2026-06-09T19:21:28
ET_16_2010,6.702506,37.862739,2010,R,ZMJWTSEFPUWTLL74DQXGBP2C,2026-06-09T19:21:29
ET_17_2010,7.600196,39.515461,2010,R,HSLYYHTAITZF2AN3W3EPF36G,2026-06-09T19:21:29
ET_18_2010,10.493381,37.814233,2010,R,IKJWAFTKHCUVILSUM7VKYP5Q,2026-06-09T19:21:29
ET_20_2010,11.426969,38.083217,2010,R,FQVDEGYDC5RWYRXAAPX7EM3A,2026-06-09T19:21:30
ET_21_2010,13.641318,39.898243,2010,R,Q7WBMRJFOBOGRF4EZ2YCCA3H,2026-06-09T19:21:30
ET_22_2010,9.012966,38.775134,2010,U,D2PFRY2ZEO7HJVQABFQDY4UD,2026-06-09T19:21:31
ET_23_2010,9.004771,38.772059,2010,U,4Q3P6IQ5QKXU6HFQGCXRAXWY,2026-06-09T19:21:31
ET_24_2010,9.027383,38.731417,2010,U,E76OPZQCKN5AGDUW64MIBYRU,2026-06-09T19:21:31
ET_25_2010,8.449555,33.9925,2010,R,4X4G72YJVZZLXQQFUKGAZY5S,2026-06-09T19:21:32
ET_26_2010,10.078026,40.604658,2010,R,B5LICBJ6ZNT3SPFH3SUSRETC,2026-06-09T19:21:32
ET_27_2010,7.814408,38.078384,2010,R,EFRGHKY6XSVWAQTH32IJ7KVL,2026-06-09T19:21:33
ET_28_2010,9.329136,42.206522,2010,R,DOEJHIADUCNEQBUWPA4MPJOV,2026-06-09T19:21:33
ET_29_2010,10.432837,36.980803,2010,R,PI5JL75XAGORATN6DM3TPH44,2026-06-09T19:21:33
ET_30_2010,7.43769,35.059032,2010,R,Y2ZBLKVY4AH7D4D354HOSQYN,2026-06-09T19:21:34
ET_33_2010,10.755926,40.176224,2010,R,5MICVTG2WGKN3R5IZQCZNBCC,2026-06-09T19:21:34
ET_34_2010,9.046293,38.736286,2010,U,AR5PXI7MKLNAG65IFIAOT4BE,2026-06-09T19:21:34
ET_35_2010,11.62999,38.270664,2010,R,DTUE5UEC4MEMJINFUHDSYBRU,2026-06-09T19:21:35
ET_36_2010,9.007752,38.7978,2010,U,Z6CKIH5OQIL222QNKQAYZFKT,2026-06-09T19:21:35
ET_37_2010,7.505442,39.073141,2010,R,A2FV5MHCPKHRD2OLMB44Q2NH,2026-06-09T19:21:36
ET_38_2010,9.846862,38.729473,2010,R,2DUZXE25W6AHHSW7TLOMNLZP,2026-06-09T19:21:36
ET_39_2010,11.570609,36.478538,2010,R,A5IJI4LSGSKOZUTKOZPZFCIX,2026-06-09T19:21:37
ET_40_2010,10.27373,34.37693,2010,R,ISRTW4HCYJ5BYOHK2JFY2NAT,2026-06-09T19:21:37
ET_41_2010,9.260024,42.144492,2010,R,JISNRZXP5S2TXM6YJXIGLJQZ,2026-06-09T19:21:37
ET_42_2010,6.893923,38.609049,2010,R,5BTOK7MTDT7RGKC7XB563BGN,2026-06-09T19:21:38
ET_43_2010,10.498989,37.992299,2010,U,3UT6EZNTKHK5FXJ5JM4ITND5,2026-06-09T19:21:38
ET_44_2010,9.609731,41.791886,2010,U,OTZBRGIBBYRTLDIIJNS43QOX,2026-06-09T19:21:39
ET_46_2010,14.075644,38.879544,2010,R,LNEVKY2W7QCPKMZ4Z6Y4WPMN,2026-06-09T19:21:39
ET_47_2010,8.258053,38.072733,2010,R,76RYBO24LSEEFJZZNBWDZWZC,2026-06-09T19:21:39
ET_48_2010,4.592231,42.273173,2010,R,OZS47CV4E4ZOOKR6M23RNTDO,2026-06-09T19:21:40
ET_49_2010,9.202416,43.709546,2010,R,4P62HUMSFMHWKXONOQHVIZ7A,2026-06-09T19:21:40
ET_50_2010,14.297822,39.051472,2010,R,J6UWWGPBRRPQJ6QYWLDU2FZD,2026-06-09T19:21:41
ET_51_2010,9.492382,41.826218,2010,R,NHIUTOIPRGGVASPE4OQVRDOR,2026-06-09T19:21:41
ET_53_2010,9.102768,39.203501,2010,R,QKBNCNRCGAD5CBBJK5GFLUG2,2026-06-09T19:21:42
ET_54_2010,10.611664,36.147199,2010,R,BFFHUJIJGHLCXG25DM4NN3FD,2026-06-09T19:21:42
ET_55_2010,6.664828,38.400606,2010,R,GRVZOR7O4D6JWVKAADFK5TOM,2026-06-09T19:21:42
ET_56_2010,3.536337,39.08943,2010,R,TVEFBX4ETYOJBQGQJDOC2CQT,2026-06-09T19:21:43
ET_58_2010,10.464768,36.169128,2010,R,WRAHXQA7IJ3GKIOGRK3PWFOZ,2026-06-09T19:21:43
ET_59_2010,9.606897,41.84623,2010,U,SV7W4S5P7DPRJCMFYO2CD44P,2026-06-09T19:21:44
ET_60_2010,9.361962,43.455662,2010,R,M4AZE25WLTJ4BPVMWU2UYLUM,2026-06-09T19:21:44
ET_61_2010,9.931243,34.515246,2010,R,OYFHRXDIFJ7ELCQIG7QPPHJG,2026-06-09T19:21:44
ET_62_2010,11.637527,41.601221,2010,R,MT3JKZ73KPAZCBAJOEQGNQOD,2026-06-09T19:21:45
ET_63_2010,8.21933,33.321854,2010,R,G5KU2EYZZ3F5FTYGTNHTLUX7,2026-06-09T19:21:45
ET_64_2010,13.802279,37.611555,2010,R,TE2DZ5H3KJAAH4PV745R22EL,2026-06-09T19:21:45
ET_65_2010,12.188915,40.452641,2010,R,S7MQ5Y4R3TIBHCWAXNXJLH3R,2026-06-09T19:21:46
ET_66_2010,12.891084,40.006136,2010,R,XKA2GJQMORO2CRUTKCSVRNIQ,2026-06-09T19:21:46
ET_67_2010,11.716484,39.843572,2010,R,LT3BQPXHI4CZW2JIRWWJLXBF,2026-06-09T19:21:47
ET_68_2010,11.443945,40.25947,2010,R,RKU2X7XLOZZ67AKQNLP2TAIM,2026-06-09T19:21:47
ET_69_2010,13.429626,39.849897,2010,R,GAQKJWOSCOGQF5QVM75OPEZP,2026-06-09T19:21:48
ET_71_2010,12.502571,39.26718,2010,R,GB2DSY4S3KEJUXH3HM2X24KT,2026-06-09T19:21:48
ET_73_2010,7.055244,38.354715,2010,R,UDEZZUYBVTS4SRHWZ75VP4KJ,2026-06-09T19:21:49
ET_74_2010,9.341788,42.167007,2010,R,5Z4VLNDHXROUOPGWRS6GKG4I,2026-06-09T19:21:49
ET_75_2010,5.839275,38.942301,2010,R,JSTGEOSPPQCK3OI4VZEVTCQF,2026-06-09T19:21:49
ET_76_2010,9.214137,41.624643,2010,R,WAYTD663PN7R6OHY2XXGFLRD,2026-06-09T19:21:50
ET_77_2010,14.01388,37.983065,2010,R,XA3ZYQHA6K334SHZ7HF2B7LH,2026-06-09T19:21:50
ET_78_2010,9.384087,42.047215,2010,R,BFB2EDJABLLV4HFBAWHXPCGH,2026-06-09T19:21:50
ET_79_2010,12.144462,39.974123,2010,U,NWWES244SDWEQZXMWKKA5BZC,2026-06-09T19:21:51
ET_80_2010,9.534667,40.129013,2010,R,IGZUIB2NQJWTNC45ASYBIMDY,2026-06-09T19:21:51
ET_81_2010,6.959233,37.823478,2010,R,LTYLN6NKMMSQPROAZZDZFPQ4,2026-06-09T19:21:52
ET_82_2010,9.046451,38.831653,2010,U,KQQ6DNZ25S5SL3JEGDBOKPE6,2026-06-09T19:21:52
ET_83_2010,9.33506,37.90952,2010,R,GAYAMCNAPZJZFQXRP32VT5YC,2026-06-09T19:21:52
ET_84_2010,11.600675,40.010596,2010,U,4N65SGB52LAOKOVIZKFHFN23,2026-06-09T19:21:53
ET_85_2010,10.086695,40.599995,2010,R,HBFGQYK2PYDAHXPRMY5I3MXV,2026-06-09T19:21:53
ET_86_2010,14.0214,38.632335,2010,R,KKCUGSZZVC6WSQ5YULZPIPOV,2026-06-09T19:21:53
ET_87_2010,9.488172,39.382157,2010,R,NPD4F7ZDTZGDEBVGMFJTUSHR,2026-06-09T19:21:54
ET_88_2010,8.079348,38.461697,2010,R,PGHV4IPPSZWQ45RWZBNO6DYR,2026-06-09T19:21:54
ET_89_2010,11.227634,38.275322,2010,R,N2NXXQ72CDRW5J2AV2QHBVCR,2026-06-09T19:21:55
ET_90_2010,10.553829,37.591523,2010,R,WO7MHFJLWUPWSTXSVZTMZ7WD,2026-06-09T19:21:55
ET_91_2010,11.625263,35.203597,2010,R,WHMWWHDQLCXQLSQFKCXJ6SR2,2026-06-09T19:21:55
ET_92_2010,8.987623,40.158629,2010,U,OZXUNQ6EBOOD6ULMCCXSFYSK,2026-06-09T19:21:56
ET_93_2010,4.024618,39.330929,2010,R,H7RYDJ3B33LP4OFRHVQTK6QK,2026-06-09T19:21:56
ET_94_2010,10.774784,36.295669,2010,R,LWHZX36R3BAD2EVJOVYTC57X,2026-06-09T19:21:56
ET_95_2010,9.492408,41.736424,2010,R,TBVBDCNC72E4IW4GNFN6R2KN,2026-06-09T19:21:57
ET_96_2010,8.964448,38.762645,2010,U,UEFH3ECQEBB56C53WW7DIWJ3,2026-06-09T19:21:57
ET_97_2010,7.806356,37.872994,2010,R,OPKDVJZXNG3645HWRANZMUOT,2026-06-09T19:21:58
ET_99_2010,11.686024,39.956227,2010,R,QNSGLY2Y4YYEGPW75GDLTPDU,2026-06-09T19:21:58
ET_100_2010,10.205226,34.769721,2010,R,VNVBU4NLYQGILTTTF4NMCPR4,2026-06-09T19:21:58
ET_101_2010,9.220725,42.137999,2010,R,BEGPNCYJOQWBJGUK3DANRLJQ,2026-06-09T19:21:59
ET_103_2010,8.986108,38.695201,2010,U,RWGIVUXMLTJWABKYZYUEWXXO,2026-06-09T19:22:00
ET_104_2010,9.990302,38.234579,2010,U,PYSPJHSAVL4H3UGX444TFY6S,2026-06-09T19:22:00
ET_105_2010,6.231033,36.837899,2010,R,DOKLVPCKB7YG3OITOW6F5MMG,2026-06-09T19:22:01
ET_106_2010,12.058446,40.77537,2010,R,IJASLOB5N6LWET6O2F6G6GFD,2026-06-09T19:22:01
ET_107_2010,7.408155,35.203708,2010,R,C3ZZHQAZT7ZPOLG2CKQF2N7Y,2026-06-09T19:22:02
ET_108_2010,8.460928,38.233367,2010,U,TBP4LIHWP7GATOVZ7RALC27J,2026-06-09T19:22:02
ET_110_2010,9.721962,42.330861,2010,R,XGX2YS2PGWBWPGEJAC5OJC5D,2026-06-09T19:22:02
ET_112_2010,10.177735,35.622175,2010,R,45YZBFUYC4Z7CFA2INZ5XESJ,2026-06-09T19:22:03
ET_113_2010,8.954762,36.833821,2010,R,MMSE4KJIXLCQMIB22BKP55Q3,2026-06-09T19:22:03
ET_114_2010,9.295071,42.117219,2010,U,CCLEZ3QOQLYYGGALCMYRJ3C3,2026-06-09T19:22:04
ET_115_2010,11.760042,36.679508,2010,R,GXT2RH2QBOS3T3FPS6YVFWOY,2026-06-09T19:22:04
ET_116_2010,8.270779,34.593822,2010,U,JPE2DQGXK7F3E2TIZHMS7VFR,2026-06-09T19:22:04
ET_117_2010,8.998897,39.531366,2010,R,SFOXDTXUZQLUAHYOZBHJPC7N,2026-06-09T19:22:05
ET_118_2010,10.625209,35.66608,2010,R,YX5MUF6P2LQT7THN7CDETZ6F,2026-06-09T19:22:05
ET_119_2010,10.757323,38.92999,2010,R,L4JXLSGK4BZXIOYG7YEWXOZF,2026-06-09T19:22:05
ET_120_2010,9.349054,42.484599,2010,R,F4H5O4GPDHSO3YJMIFL5EFSR,2026-06-09T19:22:06
ET_121_2010,6.200712,38.24442,2010,R,ODJANORIPKU7CFIZSIVPHY3H,2026-06-09T19:22:06
ET_122_2010,12.814695,36.938889,2010,R,JLOTU75W4W46KFOSOD6ZLQAR,2026-06-09T19:22:07
ET_123_2010,11.779336,38.116287,2010,R,MSSFILXVGKNRLRAOGFAJ5M7O,2026-06-09T19:22:07
ET_124_2010,9.011168,39.007966,2010,R,M4L3AM6TMX2DZ3MQE2PDX2RO,2026-06-09T19:22:07
ET_125_2010,7.708731,35.30352,2010,R,L5OVWIDTBWS75KAPEIBA4YJI,2026-06-09T19:22:08
ET_126_2010,9.273567,42.107358,2010,R,ZW2TU5EKLD4A2TZH5RXILVPS,2026-06-09T19:22:08
ET_128_2010,9.311824,42.146573,2010,U,OYRN3RTHCEP7N4FY3ML3J7Z3,2026-06-09T19:22:08
ET_130_2010,7.19565,37.659933,2010,U,EW3WJA7PNJI2F7ISKGQNJVEO,2026-06-09T19:22:08
ET_131_2010,14.14048,39.151235,2010,R,CS2FC2VNOHECYN2L7FVHF4OV,2026-06-09T19:22:09
ET_132_2010,8.418736,37.51442,2010,R,2HXNDAEQIQHYQHP4UWO3SDS3,2026-06-09T19:22:09
ET_133_2010,12.370305,39.856744,2010,R,TR36ASG6OHUPZVD2J47E5ODZ,2026-06-09T19:22:09
ET_135_2010,6.649326,36.860574,2010,R,TG6W2XMYQBOD5PZBQO3IQKUA,2026-06-09T19:22:10
ET_136_2010,10.588541,35.87395,2010,R,4VVZF2LJGWU3LBZ44RFYE6MW,2026-06-09T19:22:10
ET_137_2010,9.295803,42.108373,2010,U,EHZKC6RKVMYJEMUFI2RN72RN,2026-06-09T19:22:11
ET_138_2010,9.544242,42.033091,2010,R,RBVWECPHY7K7KF3RMVUFCD72,2026-06-09T19:22:11
ET_139_2010,14.090666,38.28026,2010,U,HRJ4OQXZJYEP6NMAU5TBNJOW,2026-06-09T19:22:11
ET_140_2010,9.270422,40.086288,2010,R,L5PONU4J4QXCJ74FWHEP3XSL,2026-06-09T19:22:12
ET_141_2010,9.060501,38.794885,2010,U,ZYODIEGL6OXREIXPUEQIUJPE,2026-06-09T19:22:12
ET_142_2010,10.403004,34.697505,2010,R,KGTFGXAA6ZAK7DHIEH5NWAEG,2026-06-09T19:22:12
ET_143_2010,6.665251,38.165148,2010,R,MI3DABKBCGF5RCGSPYCEALIR,2026-06-09T19:22:13
ET_145_2010,7.207057,39.228723,2010,R,AYIS33TRZ4H6ZJOLMIW546IL,2026-06-09T19:22:13
ET_147_2010,7.166372,38.58894,2010,R,JNHGOOB365VCDIZSIDHOC7JO,2026-06-09T19:22:14
ET_148_2010,14.421851,38.196737,2010,R,NZL6W734XFZZLXJC77Y25ULF,2026-06-09T19:22:14
ET_149_2010,8.28586,38.136867,2010,R,LHNKJOYCARKBR4SKVYOX7DOO,2026-06-09T19:22:14
ET_150_2010,9.305841,42.12293,2010,U,QIPP2RU4M4SZ2N2TENVRTKF2,2026-06-09T19:22:15
ET_151_2010,10.278792,38.142556,2010,R,E2DR4X3QT4CIVOM73E5JGZQE,2026-06-09T19:22:15
ET_152_2010,6.857857,38.290737,2010,R,4LDE2GR3FWJ7QN6D5MN6RJ6K,2026-06-09T19:22:16
ET_154_2010,12.553396,37.444747,2010,U,6JW2ZBOD7UOBGKQ6HGDYSLWK,2026-06-09T19:22:16
ET_156_2010,8.961926,38.729116,2010,U,7ADIUKUXLC4FQST4SKBQ5KLV,2026-06-09T19:22:16
ET_157_2010,10.214614,35.134359,2010,R,6DRBFBPYLJZPA2FPK4OQNGLE,2026-06-09T19:22:16
ET_158_2010,8.340543,33.723724,2010,R,4BUTZKTMC7KN5NIG4EYNFSRJ,2026-06-09T19:22:17
ET_159_2010,9.592528,41.810422,2010,U,DGJ2K4CAJQOXP32DHEIMZB7Q,2026-06-09T19:22:17
ET_160_2010,7.249653,35.236252,2010,R,DOH6XGVT4E2ZMTSJMZ44RASV,2026-06-09T19:22:18
ET_161_2010,8.265826,33.565085,2010,R,UIIPKS6KPBCQQRFLO7S7HZ3V,2026-06-09T19:22:18
ET_162_2010,9.041278,38.757649,2010,U,T2UT6THCMBLXLNEX354YVUL5,2026-06-09T19:22:18
ET_164_2010,11.736771,41.079097,2010,U,4XOC5Y2ICTV7OO5BH74JUCZ3,2026-06-09T19:22:19
ET_166_2010,10.357246,36.207015,2010,R,67TLFD75TWENTTW5R5FHPRCU,2026-06-09T19:22:19
ET_167_2010,9.015758,38.689175,2010,U,OE5OLOTBXMHUSKNODR5JL4EV,2026-06-09T19:22:19
ET_169_2010,9.333878,42.097144,2010,R,734V56Y7EOWUPLVZQQMJ3CBQ,2026-06-09T19:22:20
ET_170_2010,9.58056,41.863475,2010,U,GPD2KGF3VMNSYXSL5O6YHUDS,2026-06-09T19:22:20
ET_171_2010,11.420677,39.127639,2010,R,JDJI4ADJNPZ6S6HKKKKPR4U7,2026-06-09T19:22:21
ET_172_2010,7.198921,38.605778,2010,U,U4MUBYK6673P3BMRYRBB3RZR,2026-06-09T19:22:21
ET_173_2010,8.882464,38.783107,2010,U,V4JNV443HWURQD2SOXMQW7GA,2026-06-09T19:22:21
ET_174_2010,13.197632,37.977752,2010,R,OEZL5GRPE6D4ZLSZEWQ6USIX,2026-06-09T19:22:22
ET_176_2010,6.72886,39.030022,2010,R,A4CVFHBCU5FNQWNJT2EVMBRS,2026-06-09T19:22:22
ET_177_2010,13.932061,39.586817,2010,R,VUXPB3N4NGB75OQPBDQIAEME,2026-06-09T19:22:23
ET_179_2010,9.307275,42.116678,2010,U,CHLEAYIWC6SG75WJQI3V4KG4,2026-06-09T19:22:23
ET_180_2010,13.960116,38.463458,2010,R,R4EVROEUPV75YOUNBHIBMGEB,2026-06-09T19:22:23
ET_181_2010,11.529847,37.852809,2010,R,XPQI5TX6IH2PYV25WG4VO6ER,2026-06-09T19:22:24
ET_182_2010,9.580768,41.838974,2010,U,VRSPLIYYIJDJD4OEMQBH5FRJ,2026-06-09T19:22:24
ET_183_2010,12.7063,36.064267,2010,R,Y3WFSQRN6ZX6FJOTKHPF4Q4J,2026-06-09T19:22:24
ET_184_2010,7.785052,38.342315,2010,R,NG3DQY7IAIDJD4ODHINPLUBJ,2026-06-09T19:22:25
ET_185_2010,8.29376,33.974835,2010,R,3YN3GQKEHDL4J6GSQQPHLU2C,2026-06-09T19:22:25
ET_186_2010,9.028166,38.796435,2010,U,UN6MZSALIY3GZE3DT5NIOVMU,2026-06-09T19:22:25
ET_187_2010,6.747855,40.825452,2010,R,VSQ3XIVXXS7FS625QJL2VFEK,2026-06-09T19:22:26
ET_188_2010,11.644754,36.880556,2010,R,LZQXZJPKHRHSN77ZAPJUMQPX,2026-06-09T19:22:26
ET_189_2010,11.312034,36.278523,2010,R,YUZHPOIPO4JS54QOJTRRGJ3M,2026-06-09T19:22:26
ET_191_2010,12.635948,40.297925,2010,R,C6H5LNDIZSHIJORQ7XOZEB5M,2026-06-09T19:22:27
ET_192_2010,13.932263,39.533266,2010,R,ZUGA4VLRZHMCG7BCPB7AHALI,2026-06-09T19:22:27
ET_193_2010,10.694751,36.201841,2010,R,2I3AVO2ODOWSIGXO6UL22K4B,2026-06-09T19:22:28
ET_194_2010,9.584954,41.849621,2010,U,TF5IFB3XWQJGQHYVEZJBZXDG,2026-06-09T19:22:28
ET_195_2010,13.665906,38.660176,2010,R,KNEHW36PPO7IH3DME6FDGQKA,2026-06-09T19:22:28
ET_196_2010,8.338307,33.931674,2010,R,I7N6BNXSYGUVJZJKQDK5YK7X,2026-06-09T19:22:29
ET_197_2010,9.052006,38.753029,2010,U,RSPRD6EIEGCHHA6RNHD5WO2K,2026-06-09T19:22:29
ET_198_2010,6.616066,38.664201,2010,R,EGINGYXZYLAMYDGV5Z73G6DT,2026-06-09T19:22:30
ET_199_2010,8.121033,39.079839,2010,R,K4JMNMWHQY6VNOLMYBBBR2SY,2026-06-09T19:22:30
ET_200_2010,9.493481,41.937413,2010,R,2BXT3EBPZI5J7VGEFU3B7C24,2026-06-09T19:22:30
ET_202_2010,5.825323,37.349333,2010,R,WD4CTY6QQDOOXFHUFIQBH7WR,2026-06-09T19:22:31
ET_203_2010,9.583644,41.870808,2010,U,DHVEIDHMNQI3ET5MIGPIQFSL,2026-06-09T19:22:31
ET_204_2010,10.629239,34.842758,2010,R,7BIL47XEZ653GAN6CRHISELI,2026-06-09T19:22:31
ET_205_2010,9.596823,41.874324,2010,U,P5WGDODNUTCNFVJZYC6CDMNM,2026-06-09T19:22:32
ET_206_2010,8.25027,34.592174,2010,U,WAHIL4MD4GWK2WO75DE5VVXD,2026-06-09T19:22:32
ET_207_2010,7.210353,35.918422,2010,R,QIMFYUTLTALY52CI422WA6OC,2026-06-09T19:22:32
ET_209_2010,10.735201,35.364967,2010,R,5X2OXEN2EZGBTV3V676VCG3Y,2026-06-09T19:22:33
ET_210_2010,10.433306,42.623726,2010,R,7DYR3HTLI2ZIVIS72HH7GF2O,2026-06-09T19:22:33
ET_212_2010,9.01632,38.8254,2010,U,FSX7A6DQU5ZCEJSFKJSKSXH5,2026-06-09T19:22:34
ET_213_2010,14.171476,38.00269,2010,R,XYTP3Q4KFDVMSGIEUBK7KUZ7,2026-06-09T19:22:34
ET_214_2010,8.991235,38.834488,2010,U,C7FY4JML27JBY7MI4JBLIZPB,2026-06-09T19:22:34
ET_215_2010,11.568997,41.444101,2010,U,7F7GXLFD6NUNHYL6MFPIYYT3,2026-06-09T19:22:35
ET_217_2010,13.855833,38.549337,2010,R,P2IXAATYPTS3URJCNTHWDYII,2026-06-09T19:22:35
ET_218_2010,11.782912,37.564976,2010,U,VUQ4ITKXYJ4XBPP3SHKROJFR,2026-06-09T19:22:36
ET_219_2010,10.273608,39.242998,2010,R,K7DCMLKI3NRJ2JHFZ5XIJ4X2,2026-06-09T19:22:36
ET_222_2010,6.160782,38.21724,2010,U,AFTGLOBGZRT4IDDZYGAHZ5YC,2026-06-09T19:22:37
ET_223_2010,7.334777,35.343318,2010,R,5LFGKKJBQHVZLC7JAREW3XG2,2026-06-09T19:22:38
ET_224_2010,12.792482,39.557992,2010,U,5UAQH3IQ7X2J2AGQAA75VQHK,2026-06-09T19:22:38
ET_225_2010,12.258771,39.414286,2010,R,X6PZVXTBNERPUZFTXEOWHAOH,2026-06-09T19:22:39
ET_226_2010,12.931843,39.294139,2010,R,KTJVY5YKPHGAPUTPD34OUQIG,2026-06-09T19:22:39
ET_227_2010,12.158508,37.594558,2010,R,3INKDIASV5NX44HQYPI2EP4N,2026-06-09T19:22:39
ET_228_2010,9.390977,39.822564,2010,R,2UZLZCNDUCWB2PRKV7PVAKSW,2026-06-09T19:22:40
ET_229_2010,9.710255,37.025734,2010,R,6HRPCRWYW422E5BU4XU7F3IW,2026-06-09T19:22:40
ET_230_2010,11.293705,36.239661,2010,U,YC2AJQ4YJ3XLUIP6VEJCIJ6R,2026-06-09T19:22:40
ET_231_2010,12.230156,39.957372,2010,R,2LZQZMNUCQTDOTJLX4QU5GVY,2026-06-09T19:22:41
ET_232_2010,9.898865,36.257152,2010,R,3QA24YYUXZW7NV32AIU6RT7M,2026-06-09T19:22:41
ET_233_2010,3.768483,39.295143,2010,R,CMVEXSH6X4EXHDQFMURKKVNZ,2026-06-09T19:22:41
ET_234_2010,6.642908,38.765633,2010,R,VAXOJ6MGFF4S4IVGYDNQMKQS,2026-06-09T19:22:42
ET_235_2010,13.581973,39.481689,2010,R,6JYFKIO3TZ2USVMOQJOW2ZNX,2026-06-09T19:22:42
ET_236_2010,9.480511,41.739993,2010,R,QSVWVNDQI47G7BHOXQH4B7HV,2026-06-09T19:22:42
ET_238_2010,9.069351,38.717396,2010,U,P73BFWBM44WBYANT5AROZCNQ,2026-06-09T19:22:43
ET_239_2010,5.96139,36.838909,2010,R,JQ45KHJQO2N2KBTTH5XQEZ42,2026-06-09T19:22:43
ET_240_2010,5.382789,41.278403,2010,R,NQK7GIKCVMCDBPBOQNSH5BOH,2026-06-09T19:22:43
ET_241_2010,13.752605,39.263774,2010,R,L76LQSNCQJMSMQQSVJFVV3FP,2026-06-09T19:22:44
ET_242_2010,7.134516,37.638303,2010,R,AAS576AUHCOBYOZNGIOEMIAN,2026-06-09T19:22:44
ET_243_2010,6.758279,35.95318,2010,R,A2G5ZNFKQVBQU3P53MHZGHEJ,2026-06-09T19:22:44
ET_244_2010,8.596845,39.116107,2010,U,RYJINBD6DDEMXUQH2L54VEYH,2026-06-09T19:22:45
ET_245_2010,13.274769,38.870685,2010,R,Z7WLDQT6AVZL42WMRY2GG3G3,2026-06-09T19:22:45
ET_246_2010,13.830662,39.711392,2010,R,XIFDUXJSKL5X4XBUHQPWE6AA,2026-06-09T19:22:46
ET_247_2010,13.928962,39.15119,2010,R,XFKILT7KCJMS7WWBRHST57XU,2026-06-09T19:22:46
ET_248_2010,7.759957,37.83587,2010,R,CC4Z6CKFNHPEQCVW6INH45IR,2026-06-09T19:22:46
ET_249_2010,14.120227,38.141,2010,R,YHRQOZ47MI4CCH2WSERKG22L,2026-06-09T19:22:47
ET_250_2010,5.462248,41.898267,2010,R,GHW7YADOU2PLHIF2CMLQTX64,2026-06-09T19:22:47
ET_252_2010,6.314834,37.37665,2010,R,MIGNAGNH6OX76AOV2J5S3TE6,2026-06-09T19:22:47
ET_253_2010,11.155706,35.550097,2010,R,FA2OI5M5S3KRIBNIUZSXPQI2,2026-06-09T19:22:48
ET_254_2010,8.975787,37.322113,2010,R,BCMZQEZX2HAG53BY44ZSEUG3,2026-06-09T19:22:48
ET_255_2010,10.289482,39.072183,2010,R,AYLHHKF3QBPEMWCG5IAWM2NY,2026-06-09T19:22:48
ET_257_2010,8.685114,37.620495,2010,R,DLFMUCTCD2GN2HONJLXWAUFV,2026-06-09T19:22:49
ET_259_2010,7.804025,36.586385,2010,R,EM6K3HRSAFODFK76ITNAEBQH,2026-06-09T19:22:49
ET_260_2010,14.057055,39.705485,2010,R,BC6RQOO22CGAFT3XPCJLR6OA,2026-06-09T19:22:50
ET_261_2010,8.371672,33.516317,2010,R,WB4BDKO7SAGMO7R4X5RQMJOL,2026-06-09T19:22:50
ET_262_2010,8.867904,37.502356,2010,R,HFDBYNW3JQYA2SQUWQI3I7X7,2026-06-09T19:22:50
ET_264_2010,9.274346,35.514628,2010,R,UOA54JZXLXRSFYAJLCST7IWZ,2026-06-09T19:22:51
ET_265_2010,9.0291,38.724422,2010,U,UNUAFRXCK3M7QROUJ32RREP2,2026-06-09T19:22:51
ET_266_2010,4.240002,41.906017,2010,R,OMP4QSKG7W2RUN72T5P64RNX,2026-06-09T19:22:52
ET_267_2010,8.022507,34.837165,2010,R,MGNB7JNGJ3P6XJMDBOKKOGGN,2026-06-09T19:22:52
ET_268_2010,8.975207,43.790264,2010,R,GRYBSEU2ZFKBR2JYTNG2WFIR,2026-06-09T19:22:52
ET_269_2010,10.621053,35.767035,2010,R,7VZN4GR5XUQKEU2JWYANOQQH,2026-06-09T19:22:53
ET_270_2010,9.553909,42.093457,2010,R,QXMSZORT5M5RMUG2M7WCAP6H,2026-06-09T19:22:53
ET_271_2010,12.210884,37.965559,2010,R,TSXKOCO77L3E75DIYI22MV7L,2026-06-09T19:22:53
ET_272_2010,9.062915,38.68998,2010,U,654432KOBQX2STZS3KEMCYDB,2026-06-09T19:22:54
ET_273_2010,6.939324,37.575257,2010,R,5VOK5TK5FZEBXMGX3SYVKQ6L,2026-06-09T19:22:54
ET_274_2010,13.996154,36.85652,2010,U,PFILIHYJOHC3VAZKB54Q7KTY,2026-06-09T19:22:54
ET_275_2010,9.320619,42.12527,2010,U,EPZKJVFHRMR57RYCD4GOVQU7,2026-06-09T19:22:55
ET_276_2010,10.326796,34.794612,2010,R,PLNJZVRMIOH5CQMSKXXH5JTZ,2026-06-09T19:22:55
ET_277_2010,7.858091,36.590798,2010,U,ZW4AD5I4WP4AIVNGR5SLC6FN,2026-06-09T19:22:56
ET_278_2010,9.54783,39.456689,2010,U,CWZXRLATPJL3RKCOTQRHKPVQ,2026-06-09T19:22:56
ET_279_2010,7.135258,40.679914,2010,R,QIX725O5Q6IEBRF3QRLZXTJL,2026-06-09T19:22:57
ET_280_2010,12.840557,39.238616,2010,R,FJSIEOP2ZR3FLU4ZVLZQMN5C,2026-06-09T19:22:57
ET_281_2010,11.377761,36.201016,2010,R,SRHFM5W3NYFI6WFIZUMWV2K7,2026-06-09T19:22:58
ET_282_2010,7.423236,37.8719,2010,R,WDZHXQSIVSFJBGO2JVXPTZ2Z,2026-06-09T19:22:58
ET_283_2010,6.876769,37.039177,2010,R,62AUZHNC5KBKN62BANJBYFB3,2026-06-09T19:22:58
ET_284_2010,5.570489,37.212779,2010,R,J6HNDPKD5H4HQNMOYKVXSCT5,2026-06-09T19:22:59
ET_285_2010,9.575932,41.837638,2010,U,Q2AMNTD2EYYOKBBGFHSBA353,2026-06-09T19:22:59
ET_286_2010,9.539968,42.064895,2010,R,DU7TJJSXC5VDLHTGSAHXSVT5,2026-06-09T19:22:59
ET_287_2010,13.944644,39.435087,2010,R,HFUOIQS3S4NPWAWYMO3YTMJF,2026-06-09T19:23:00
ET_288_2010,11.592296,37.416342,2010,U,Q3F2NAWD7O33P43GB36WKTTR,2026-06-09T19:23:00
ET_289_2010,8.856469,38.787811,2010,U,VZL32EDENTQPIEZWLCF245P6,2026-06-09T19:23:00
ET_290_2010,9.348411,42.792843,2010,U,OB44IT2S6L36DKTSCXO2SFG4,2026-06-09T19:23:01
ET_291_2010,8.485472,40.304842,2010,R,PK6FC5GRZC3VKIPWC26DG7JX,2026-06-09T19:23:01
ET_292_2010,8.795927,40.034698,2010,R,BV225VLFWYKCHOUTQBB7OVL2,2026-06-09T19:23:01
ET_293_2010,11.170423,39.75101,2010,R,ISQKMC6LKWVLXW6Q4CGIQA4M,2026-06-09T19:23:02
ET_294_2010,9.850012,34.659823,2010,R,XF2XZCALBS6YIVPNBE34DJMC,2026-06-09T19:23:02
ET_295_2010,4.42493,42.065223,2010,R,ZKMPFBOKBDBMCS3FBJSVKGNT,2026-06-09T19:23:02
ET_296_2010,11.672553,40.084869,2010,R,QWRMEECAZNTOBK5TUCRHUSMD,2026-06-09T19:23:03
ET_297_2010,8.832609,40.832919,2010,R,UQP4XMCLKKFQNQLA3PRFGWGY,2026-06-09T19:23:03
ET_299_2010,14.53524,40.147277,2010,R,UZPVOHFCLWNVRGKETJFPONYP,2026-06-09T19:23:03
ET_300_2010,11.64614,39.234715,2010,R,2IHWIKFQKJDNU2SHXUNEQYPR,2026-06-09T19:23:03
ET_301_2010,7.622648,37.26585,2010,R,VQQKLZYSFCI6FO3YP3KAFZYM,2026-06-09T19:23:04
ET_302_2010,10.453706,36.227864,2010,R,3N2LAYGUBG7E6BVHABM7L6C7,2026-06-09T19:23:04
ET_303_2010,7.134561,38.022072,2010,R,HXQFR2J7WN7P5ZPTBKDFZLOJ,2026-06-09T19:23:04
ET_305_2010,9.310363,42.124718,2010,U,PYP4XBSZJEUE2NDRQDWCJM3J,2026-06-09T19:23:05
ET_306_2010,11.075396,36.28311,2010,R,6ZAY77TFKNSS2ZJVETCSXULQ,2026-06-09T19:23:05
ET_307_2010,5.709177,38.473454,2010,R,56NCIASXAD3TYA2PTIPLUMCI,2026-06-09T19:23:06
ET_308_2010,9.589379,41.868946,2010,U,KX6VC6BSIUAI5ZH2BA25CYYA,2026-06-09T19:23:06
ET_309_2010,9.012328,38.829596,2010,U,35JIG4LA4PX64RDFMRRTRQCQ,2026-06-09T19:23:07
ET_310_2010,6.968574,38.575628,2010,R,GAE7THP43DMJM5C3DRVISZJO,2026-06-09T19:23:07
ET_311_2010,13.643541,38.963707,2010,U,PPMZGBL6A6DBO4O4G6SS5432,2026-06-09T19:23:08
ET_312_2010,9.331888,42.186409,2010,R,AJEQHUS4ETERV4EQU5HPDBV7,2026-06-09T19:23:08
ET_313_2010,9.347748,42.24837,2010,R,YV4K5POFUILODLTALGC5XYK6,2026-06-09T19:23:08
ET_314_2010,11.494762,41.566625,2010,R,FRIYAVQVA5JE6IXYDIA5WQYS,2026-06-09T19:23:09
ET_315_2010,6.961159,35.573021,2010,U,M7SZE7GSKVNRKHAT7GCCQ2PT,2026-06-09T19:23:09
ET_316_2010,12.41392,37.331153,2010,U,2XDUMRPEGMT76MG4IPN5LCZF,2026-06-09T19:23:09
ET_317_2010,9.964706,34.743399,2010,R,MOZOAYDU4YPMQ3R373S52TME,2026-06-09T19:23:10
ET_318_2010,12.113262,39.339531,2010,R,2OBMXSCSMRGXVODFG7JGN3DI,2026-06-09T19:23:10
ET_319_2010,13.8639,40.03981,2010,U,MWZTK3YS4LZEIWISNH2C6A44,2026-06-09T19:23:10
ET_320_2010,6.011907,38.283885,2010,R,STWUCCGUEYN6PU6XKH4IYVTW,2026-06-09T19:23:11
ET_321_2010,5.480579,38.608504,2010,R,VQ3JR7QTF4RIPAAMZABTDCQI,2026-06-09T19:23:11
ET_322_2010,13.182537,39.368356,2010,R,V4IESWPJMVJ5BBYMB4LELJN5,2026-06-09T19:23:11
ET_323_2010,9.608009,41.777574,2010,U,EEIQG4DYANCQWAA3CGSS3RCW,2026-06-09T19:23:12
ET_324_2010,9.0615,36.229455,2010,R,O4B6E4X2CB5UW57UD42UDZUD,2026-06-09T19:23:12
ET_325_2010,9.38962,38.42644,2010,R,TB2L47WVRHJP2SECZGRVBS54,2026-06-09T19:23:13
ET_326_2010,9.025384,38.722021,2010,U,UWI363PI6TMZUYSABL3WSXHA,2026-06-09T19:23:13
ET_327_2010,7.191072,35.283687,2010,R,V32X3VBNNRY4P3BZY32RXUHP,2026-06-09T19:23:13
ET_328_2010,9.060287,38.761034,2010,U,GBGNQHBEG2DG76EJATWD2AH2,2026-06-09T19:23:14
ET_329_2010,10.301873,34.59593,2010,R,PFXOLPKOMTQ4I6HFF673IQ2D,2026-06-09T19:23:14
ET_330_2010,11.156626,36.329992,2010,U,PVIDSQ33HJQEWOUZC5S4ZMVK,2026-06-09T19:23:14
ET_331_2010,9.298885,42.092401,2010,U,OTREFLSVSD65MIJB5ZHIWJSY,2026-06-09T19:23:15
ET_332_2010,10.120332,34.559713,2010,R,UUZCTZMPWHRTDRJ3NCQIPMLJ,2026-06-09T19:23:15
ET_333_2010,12.85967,37.548771,2010,R,3FGWCZFVSGM3CZOPY3S35IM3,2026-06-09T19:23:16
ET_334_2010,12.230918,37.862974,2010,R,4WRD22VGBW2MJO2DII25VXNO,2026-06-09T19:23:16
ET_336_2010,8.954588,38.765461,2010,U,UKSLO52PXYF3D5EX52FLDSHX,2026-06-09T19:23:17
ET_337_2010,8.281171,37.777428,2010,U,7H5C3I4CVXZW6A5CH4JNI5NG,2026-06-09T19:23:17
ET_339_2010,8.22756,34.592607,2010,U,TP3MJR3LVO5BUBTT7RQZIN7N,2026-06-09T19:23:17
ET_340_2010,9.243978,42.219231,2010,R,XBFTQJDFWGNAJPKLIJHLEDKR,2026-06-09T19:23:18
ET_341_2010,9.825013,35.39622,2010,R,PFYUV3ULITTS7VQDZRQIBFPM,2026-06-09T19:23:18
ET_342_2010,6.692095,37.401894,2010,R,DQV2PTXCHAUKEZU6EPZBARRY,2026-06-09T19:23:18
ET_343_2010,9.310649,42.137954,2010,U,XEPCOVPXRYLOJWCTM53V7DR5,2026-06-09T19:23:19
ET_344_2010,7.285389,38.809346,2010,R,3NWKUPPZMJYLHEZNWADIVEAD,2026-06-09T19:23:19
ET_345_2010,9.597236,42.02567,2010,R,ZRWT5OTFAFV2POUT5WT5R6Z4,2026-06-09T19:23:19
ET_346_2010,5.245481,40.691937,2010,R,OYWURRSIOSAKXQ7MW4Q4RGQZ,2026-06-09T19:23:20
ET_347_2010,13.430662,38.290478,2010,R,4VZWHRWHHU6JGAPCXU677W2Y,2026-06-09T19:23:20
ET_349_2010,9.981136,35.224095,2010,R,QRAEX5AR6IALZZIJXPYN3S25,2026-06-09T19:23:21
ET_350_2010,6.091826,39.532102,2010,R,NQ6T3DUYTC6ELBUSMUUV55FA,2026-06-09T19:23:22
ET_351_2010,6.463864,38.614408,2010,R,RPT5TQIDFAWQ4OS2NLBDJS7I,2026-06-09T19:23:22
ET_352_2010,9.583373,41.882687,2010,R,S74JAKHS2X5D6VXD7KEQKWKZ,2026-06-09T19:23:22
ET_353_2010,9.01606,38.737996,2010,U,7RYWKOIYABDEBZIW3CMERWZR,2026-06-09T19:23:23
ET_354_2010,7.654727,34.993107,2010,R,EACA53R7QFECYO6BZEEOIZU7,2026-06-09T19:23:23
ET_355_2010,9.304515,42.096464,2010,U,ZDQGG2BXX62QRFBGTMDV5YA2,2026-06-09T19:23:23
ET_356_2010,10.429639,38.203485,2010,R,VAR7E76YNYKRHXIN2IGWSNRI,2026-06-09T19:23:24
ET_357_2010,6.030981,37.378756,2010,R,IGF7GW5LQJGFMOQRHXF76NRT,2026-06-09T19:23:24
ET_358_2010,9.169772,41.909794,2010,R,52NRJV765TYHLU4WN2DUL5UX,2026-06-09T19:23:24
ET_359_2010,9.306841,42.555315,2010,R,HX7OHZQPONBUYUFS6VOML7GN,2026-06-09T19:23:25
ET_360_2010,7.078816,37.72705,2010,R,23HWV2NG4T5H5VBA3MUAHI3N,2026-06-09T19:23:25
ET_363_2010,9.249365,42.150451,2010,R,OVOJKASJLTDOWXXS6K5NCCYL,2026-06-09T19:23:26
ET_364_2010,7.295929,36.028293,2010,R,43ZPJXP2ZUCBFTXN7OE64A7K,2026-06-09T19:23:27
ET_365_2010,14.549016,37.735883,2010,R,YLZRQCVZVL5GJU3UJMSWDDMS,2026-06-09T19:23:27
ET_366_2010,10.913199,39.714579,2010,R,RAI342HY3W4OZJEGGCIKP3XL,2026-06-09T19:23:28
ET_367_2010,10.683011,35.902937,2010,R,LXCJESHW2MSVLT5DERD4KGVV,2026-06-09T19:23:28
ET_368_2010,7.314375,35.326888,2010,R,T3Y7ZAY2OB6KNW5EH2YDJB7U,2026-06-09T19:23:28
ET_369_2010,11.478762,36.909581,2010,R,XR2JNYIXWU2AMAUGAN5M47GO,2026-06-09T19:23:29
ET_370_2010,9.311168,42.146675,2010,U,4ZJ6SZBMQ7UFAXKCYYWWB3DU,2026-06-09T19:23:29
ET_371_2010,9.544629,41.37571,2010,R,772MLGLSTI552FNNGJPG6RNY,2026-06-09T19:23:30
ET_372_2010,11.23782,39.432784,2010,R,P2I647VR2B7EBBP6SC3EFITJ,2026-06-09T19:23:30
ET_373_2010,9.328801,42.087847,2010,U,SMDII33KB4VAFJRURRECCYZ3,2026-06-09T19:23:30
ET_374_2010,8.979671,38.74072,2010,U,TQ44NCDJNHP5E2W52ANUJHQE,2026-06-09T19:23:31
ET_375_2010,8.001702,34.576525,2010,R,2246SOGV37BICPTZNRUVQ2F2,2026-06-09T19:23:31
ET_376_2010,9.591403,41.872619,2010,U,KEAS54MPRPTDHITWY4NADL54,2026-06-09T19:23:31
ET_377_2010,7.335672,39.855402,2010,R,FNW3BHBX4OOHH7ZKDJWDNXVG,2026-06-09T19:23:32
ET_378_2010,6.844249,37.751796,2010,U,5H46CUSHUHRZJ4HEADYYWHF3,2026-06-09T19:23:32
ET_380_2010,9.028201,38.777711,2010,U,GMA3VKEA3KPEAVMWPSD2U62E,2026-06-09T19:23:48
ET_381_2010,4.423358,42.445968,2010,R,LJ2OMA6X2ICULF4L5WRKMXIW,2026-06-09T19:24:34
ET_382_2010,5.73988,37.80014,2010,R,RYGIPDQY2G6FWJLLGH637FVL,2026-06-09T19:24:35
ET_383_2010,8.205674,34.445675,2010,R,6LUXO4DO46RIDY5CSPOOHI7J,2026-06-09T19:24:36
